#
# A fatal error has been detected by the Java Runtime Environment:
#
#  SIGSEGV (0xb) at pc=0x000072ebfacb0f47, pid=5269, tid=5294
#
# JRE version: Java(TM) SE Runtime Environment (25.0.3+9) (build 25.0.3+9-LTS-195)
# Java VM: Java HotSpot(TM) 64-Bit Server VM (25.0.3+9-LTS-195, mixed mode, sharing, tiered, compressed oops, compressed class ptrs, g1 gc, linux-amd64)
# Problematic frame:
# V  [libjvm.so+0xab0f47]  jni_GetPrimitiveArrayCritical+0xb7
#
# Core dump will be written. Default location: Determined by the following: "/usr/lib/systemd/systemd-coredump %P %u %g %s %t 9223372036854775808 %h %d" (alternatively, falling back to /home/lucas/Projetos/API_BD_2SEMESTE_2026.1/projeto/core.5269)
#
# If you would like to submit a bug report, please visit:
#   https://bugreport.java.com/bugreport/crash.jsp
#

---------------  S U M M A R Y ------------

Command Line: -javaagent:/home/lucas/Apps/intellij/lib/idea_rt.jar=39733 -Dfile.encoding=UTF-8 -Dsun.stdout.encoding=UTF-8 -Dsun.stderr.encoding=UTF-8 --module-path=/home/lucas/.m2/repository/org/openjfx/javafx-base/13/javafx-base-13-linux.jar:/home/lucas/.m2/repository/org/openjfx/javafx-graphics/13/javafx-graphics-13-linux.jar:/home/lucas/Projetos/API_BD_2SEMESTE_2026.1/projeto/target/classes:/home/lucas/.m2/repository/org/openjfx/javafx-controls/13/javafx-controls-13-linux.jar:/home/lucas/.m2/repository/org/openjfx/javafx-fxml/13/javafx-fxml-13-linux.jar -Djdk.module.main=org.example org.example/org.example.App

Host: Intel(R) Core(TM) i3-7020U CPU @ 2.30GHz, 4 cores, 7G, Linux Mint 22.3 Zena
Time: Mon May 25 10:07:49 2026 -03 elapsed time: 26.317936 seconds (0d 0h 0m 26s)

---------------  T H R E A D  ---------------

Current thread (0x000072ebf427b190):  JavaThread "QuantumRenderer-0" daemon [_thread_in_vm, id=5294, stack(0x000072eb8fe00000,0x000072eb8ff00000) (1024K)]

Stack: [0x000072eb8fe00000,0x000072eb8ff00000],  sp=0x000072eb8fefaa50,  free space=1002k
Native frames: (J=compiled Java code, j=interpreted, Vv=VM code, C=native code)
V  [libjvm.so+0xab0f47]  jni_GetPrimitiveArrayCritical+0xb7
C  [libprism_sw.so+0x9d1c]  surface_acquire+0x5c
C  [libprism_sw.so+0x3e95]  fillAlphaMask.isra.1+0x95
C  [libprism_sw.so+0x5c2c]  Java_com_sun_pisces_PiscesRenderer_fillAlphaMaskImpl+0xbc
J 4395  com.sun.pisces.PiscesRenderer.fillAlphaMaskImpl([BIIIIII)V javafx.graphics (0 bytes) @ 0x000072ebe4235e9f [0x000072ebe4235e00+0x000000000000009f]
J 4765 c2 com.sun.prism.sw.SWGraphics.drawGlyph(Lcom/sun/javafx/font/FontStrike;Lcom/sun/javafx/scene/text/GlyphList;ILcom/sun/javafx/geom/transform/BaseTransform;ZFF)V javafx.graphics (289 bytes) @ 0x000072ebe4252b2c [0x000072ebe42526a0+0x000000000000048c]
J 4528 c1 com.sun.prism.sw.SWGraphics.drawString(Lcom/sun/javafx/scene/text/GlyphList;Lcom/sun/javafx/font/FontStrike;FFLcom/sun/prism/paint/Color;II)V javafx.graphics (464 bytes) @ 0x000072ebdccc38bc [0x000072ebdccc24a0+0x000000000000141c]
J 4665 c1 com.sun.javafx.sg.prism.NGText.renderText(Lcom/sun/prism/Graphics;Lcom/sun/javafx/font/FontStrike;Lcom/sun/javafx/geom/BaseBounds;Lcom/sun/prism/paint/Color;I)V javafx.graphics (523 bytes) @ 0x000072ebdccf6e54 [0x000072ebdccf63a0+0x0000000000000ab4]
J 4663 c1 com.sun.javafx.sg.prism.NGText.renderContent2D(Lcom/sun/prism/Graphics;Z)V javafx.graphics (355 bytes) @ 0x000072ebdccf9e34 [0x000072ebdccf8f00+0x0000000000000f34]
J 4629 c1 com.sun.javafx.sg.prism.NGShape.renderContent(Lcom/sun/prism/Graphics;)V javafx.graphics (458 bytes) @ 0x000072ebdcce87f4 [0x000072ebdcce64a0+0x0000000000002354]
J 2581 c1 com.sun.javafx.sg.prism.NGNode.doRender(Lcom/sun/prism/Graphics;)V javafx.graphics (473 bytes) @ 0x000072ebdc972e5c [0x000072ebdc971120+0x0000000000001d3c]
J 2645 c1 com.sun.javafx.sg.prism.NGNode.render(Lcom/sun/prism/Graphics;)V javafx.graphics (38 bytes) @ 0x000072ebdc98e0ec [0x000072ebdc98de80+0x000000000000026c]
J 2667 c1 com.sun.javafx.sg.prism.NGGroup.renderContent(Lcom/sun/prism/Graphics;)V javafx.graphics (422 bytes) @ 0x000072ebdc9a40fc [0x000072ebdc9a2e00+0x00000000000012fc]
J 2761 c1 com.sun.javafx.sg.prism.NGRegion.renderContent(Lcom/sun/prism/Graphics;)V javafx.graphics (115 bytes) @ 0x000072ebdc9cc3a4 [0x000072ebdc9cb780+0x0000000000000c24]
J 2581 c1 com.sun.javafx.sg.prism.NGNode.doRender(Lcom/sun/prism/Graphics;)V javafx.graphics (473 bytes) @ 0x000072ebdc972e5c [0x000072ebdc971120+0x0000000000001d3c]
J 2645 c1 com.sun.javafx.sg.prism.NGNode.render(Lcom/sun/prism/Graphics;)V javafx.graphics (38 bytes) @ 0x000072ebdc98e0ec [0x000072ebdc98de80+0x000000000000026c]
J 2667 c1 com.sun.javafx.sg.prism.NGGroup.renderContent(Lcom/sun/prism/Graphics;)V javafx.graphics (422 bytes) @ 0x000072ebdc9a40fc [0x000072ebdc9a2e00+0x00000000000012fc]
J 2761 c1 com.sun.javafx.sg.prism.NGRegion.renderContent(Lcom/sun/prism/Graphics;)V javafx.graphics (115 bytes) @ 0x000072ebdc9cc3a4 [0x000072ebdc9cb780+0x0000000000000c24]
J 2581 c1 com.sun.javafx.sg.prism.NGNode.doRender(Lcom/sun/prism/Graphics;)V javafx.graphics (473 bytes) @ 0x000072ebdc972e5c [0x000072ebdc971120+0x0000000000001d3c]
J 2645 c1 com.sun.javafx.sg.prism.NGNode.render(Lcom/sun/prism/Graphics;)V javafx.graphics (38 bytes) @ 0x000072ebdc98e0ec [0x000072ebdc98de80+0x000000000000026c]
J 2667 c1 com.sun.javafx.sg.prism.NGGroup.renderContent(Lcom/sun/prism/Graphics;)V javafx.graphics (422 bytes) @ 0x000072ebdc9a40fc [0x000072ebdc9a2e00+0x00000000000012fc]
J 2761 c1 com.sun.javafx.sg.prism.NGRegion.renderContent(Lcom/sun/prism/Graphics;)V javafx.graphics (115 bytes) @ 0x000072ebdc9cc3a4 [0x000072ebdc9cb780+0x0000000000000c24]
J 2581 c1 com.sun.javafx.sg.prism.NGNode.doRender(Lcom/sun/prism/Graphics;)V javafx.graphics (473 bytes) @ 0x000072ebdc972e5c [0x000072ebdc971120+0x0000000000001d3c]
J 2645 c1 com.sun.javafx.sg.prism.NGNode.render(Lcom/sun/prism/Graphics;)V javafx.graphics (38 bytes) @ 0x000072ebdc98e0ec [0x000072ebdc98de80+0x000000000000026c]
J 2667 c1 com.sun.javafx.sg.prism.NGGroup.renderContent(Lcom/sun/prism/Graphics;)V javafx.graphics (422 bytes) @ 0x000072ebdc9a40fc [0x000072ebdc9a2e00+0x00000000000012fc]
J 2761 c1 com.sun.javafx.sg.prism.NGRegion.renderContent(Lcom/sun/prism/Graphics;)V javafx.graphics (115 bytes) @ 0x000072ebdc9cc3a4 [0x000072ebdc9cb780+0x0000000000000c24]
j  com.sun.javafx.sg.prism.NodeEffectInput.getImageDataForBoundedNode(Lcom/sun/scenario/effect/FilterContext;Lcom/sun/javafx/sg/prism/NGNode;Lcom/sun/javafx/sg/prism/NodeEffectInput$RenderType;Lcom/sun/javafx/geom/transform/BaseTransform;Lcom/sun/javafx/geom/Rectangle;)Lcom/sun/scenario/effect/ImageData;+103 javafx.graphics
J 4721 c1 com.sun.javafx.sg.prism.NodeEffectInput.filter(Lcom/sun/scenario/effect/FilterContext;Lcom/sun/javafx/geom/transform/BaseTransform;Lcom/sun/javafx/geom/Rectangle;Ljava/lang/Object;Lcom/sun/scenario/effect/Effect;)Lcom/sun/scenario/effect/ImageData; javafx.graphics (225 bytes) @ 0x000072ebdcd10e54 [0x000072ebdcd0ff80+0x0000000000000ed4]
J 4644 c1 com.sun.scenario.effect.FilterEffect.filter(Lcom/sun/scenario/effect/FilterContext;Lcom/sun/javafx/geom/transform/BaseTransform;Lcom/sun/javafx/geom/Rectangle;Ljava/lang/Object;Lcom/sun/scenario/effect/Effect;)Lcom/sun/scenario/effect/ImageData; javafx.graphics (265 bytes) @ 0x000072ebdccef984 [0x000072ebdcceee80+0x0000000000000b04]
j  com.sun.scenario.effect.Offset.filter(Lcom/sun/scenario/effect/FilterContext;Lcom/sun/javafx/geom/transform/BaseTransform;Lcom/sun/javafx/geom/Rectangle;Ljava/lang/Object;Lcom/sun/scenario/effect/Effect;)Lcom/sun/scenario/effect/ImageData;+35 javafx.graphics
j  com.sun.scenario.effect.Merge.filter(Lcom/sun/scenario/effect/FilterContext;Lcom/sun/javafx/geom/transform/BaseTransform;Lcom/sun/javafx/geom/Rectangle;Ljava/lang/Object;Lcom/sun/scenario/effect/Effect;)Lcom/sun/scenario/effect/ImageData;+27 javafx.graphics
j  com.sun.scenario.effect.DelegateEffect.filter(Lcom/sun/scenario/effect/FilterContext;Lcom/sun/javafx/geom/transform/BaseTransform;Lcom/sun/javafx/geom/Rectangle;Ljava/lang/Object;Lcom/sun/scenario/effect/Effect;)Lcom/sun/scenario/effect/ImageData;+11 javafx.graphics
j  com.sun.scenario.effect.impl.prism.PrEffectHelper.render(Lcom/sun/scenario/effect/Effect;Lcom/sun/prism/Graphics;FFLcom/sun/scenario/effect/Effect;)V+511 javafx.graphics
j  com.sun.javafx.sg.prism.EffectFilter.render(Lcom/sun/prism/Graphics;)V+13 javafx.graphics
j  com.sun.javafx.sg.prism.NGNode.renderEffect(Lcom/sun/prism/Graphics;)V+5 javafx.graphics
J 2581 c1 com.sun.javafx.sg.prism.NGNode.doRender(Lcom/sun/prism/Graphics;)V javafx.graphics (473 bytes) @ 0x000072ebdc972d84 [0x000072ebdc971120+0x0000000000001c64]
J 2645 c1 com.sun.javafx.sg.prism.NGNode.render(Lcom/sun/prism/Graphics;)V javafx.graphics (38 bytes) @ 0x000072ebdc98e0ec [0x000072ebdc98de80+0x000000000000026c]
J 2667 c1 com.sun.javafx.sg.prism.NGGroup.renderContent(Lcom/sun/prism/Graphics;)V javafx.graphics (422 bytes) @ 0x000072ebdc9a40fc [0x000072ebdc9a2e00+0x00000000000012fc]
J 2761 c1 com.sun.javafx.sg.prism.NGRegion.renderContent(Lcom/sun/prism/Graphics;)V javafx.graphics (115 bytes) @ 0x000072ebdc9cc3a4 [0x000072ebdc9cb780+0x0000000000000c24]
J 2581 c1 com.sun.javafx.sg.prism.NGNode.doRender(Lcom/sun/prism/Graphics;)V javafx.graphics (473 bytes) @ 0x000072ebdc972e5c [0x000072ebdc971120+0x0000000000001d3c]
J 2645 c1 com.sun.javafx.sg.prism.NGNode.render(Lcom/sun/prism/Graphics;)V javafx.graphics (38 bytes) @ 0x000072ebdc98e0ec [0x000072ebdc98de80+0x000000000000026c]
J 2667 c1 com.sun.javafx.sg.prism.NGGroup.renderContent(Lcom/sun/prism/Graphics;)V javafx.graphics (422 bytes) @ 0x000072ebdc9a40fc [0x000072ebdc9a2e00+0x00000000000012fc]
J 2761 c1 com.sun.javafx.sg.prism.NGRegion.renderContent(Lcom/sun/prism/Graphics;)V javafx.graphics (115 bytes) @ 0x000072ebdc9cc3a4 [0x000072ebdc9cb780+0x0000000000000c24]
J 2581 c1 com.sun.javafx.sg.prism.NGNode.doRender(Lcom/sun/prism/Graphics;)V javafx.graphics (473 bytes) @ 0x000072ebdc972e5c [0x000072ebdc971120+0x0000000000001d3c]
J 2645 c1 com.sun.javafx.sg.prism.NGNode.render(Lcom/sun/prism/Graphics;)V javafx.graphics (38 bytes) @ 0x000072ebdc98e0ec [0x000072ebdc98de80+0x000000000000026c]
J 2667 c1 com.sun.javafx.sg.prism.NGGroup.renderContent(Lcom/sun/prism/Graphics;)V javafx.graphics (422 bytes) @ 0x000072ebdc9a40fc [0x000072ebdc9a2e00+0x00000000000012fc]
J 2761 c1 com.sun.javafx.sg.prism.NGRegion.renderContent(Lcom/sun/prism/Graphics;)V javafx.graphics (115 bytes) @ 0x000072ebdc9cc3a4 [0x000072ebdc9cb780+0x0000000000000c24]
J 2581 c1 com.sun.javafx.sg.prism.NGNode.doRender(Lcom/sun/prism/Graphics;)V javafx.graphics (473 bytes) @ 0x000072ebdc972e5c [0x000072ebdc971120+0x0000000000001d3c]
J 2645 c1 com.sun.javafx.sg.prism.NGNode.render(Lcom/sun/prism/Graphics;)V javafx.graphics (38 bytes) @ 0x000072ebdc98e0ec [0x000072ebdc98de80+0x000000000000026c]
J 2667 c1 com.sun.javafx.sg.prism.NGGroup.renderContent(Lcom/sun/prism/Graphics;)V javafx.graphics (422 bytes) @ 0x000072ebdc9a40fc [0x000072ebdc9a2e00+0x00000000000012fc]
J 2761 c1 com.sun.javafx.sg.prism.NGRegion.renderContent(Lcom/sun/prism/Graphics;)V javafx.graphics (115 bytes) @ 0x000072ebdc9cc3a4 [0x000072ebdc9cb780+0x0000000000000c24]
J 2581 c1 com.sun.javafx.sg.prism.NGNode.doRender(Lcom/sun/prism/Graphics;)V javafx.graphics (473 bytes) @ 0x000072ebdc972e5c [0x000072ebdc971120+0x0000000000001d3c]
J 2645 c1 com.sun.javafx.sg.prism.NGNode.render(Lcom/sun/prism/Graphics;)V javafx.graphics (38 bytes) @ 0x000072ebdc98e0ec [0x000072ebdc98de80+0x000000000000026c]
J 2667 c1 com.sun.javafx.sg.prism.NGGroup.renderContent(Lcom/sun/prism/Graphics;)V javafx.graphics (422 bytes) @ 0x000072ebdc9a40fc [0x000072ebdc9a2e00+0x00000000000012fc]
J 2761 c1 com.sun.javafx.sg.prism.NGRegion.renderContent(Lcom/sun/prism/Graphics;)V javafx.graphics (115 bytes) @ 0x000072ebdc9cc3a4 [0x000072ebdc9cb780+0x0000000000000c24]
j  com.sun.javafx.sg.prism.NGNode.renderForClip(Lcom/sun/prism/Graphics;)V+17 javafx.graphics
j  com.sun.javafx.sg.prism.NGNode.renderRectClip(Lcom/sun/prism/Graphics;Lcom/sun/javafx/sg/prism/NGRectangle;)V+106 javafx.graphics
J 4749 c1 com.sun.javafx.sg.prism.NGNode.renderClip(Lcom/sun/prism/Graphics;)V javafx.graphics (473 bytes) @ 0x000072ebdcd24844 [0x000072ebdcd200a0+0x00000000000047a4]
j  com.sun.javafx.sg.prism.CacheFilter.renderNodeToCache(Lcom/sun/scenario/effect/ImageData;Lcom/sun/javafx/geom/Rectangle;Lcom/sun/javafx/geom/transform/BaseTransform;Lcom/sun/javafx/geom/Rectangle;)V+150 javafx.graphics
j  com.sun.javafx.sg.prism.CacheFilter.render(Lcom/sun/prism/Graphics;)V+351 javafx.graphics
j  com.sun.javafx.sg.prism.NGNode.renderCached(Lcom/sun/prism/Graphics;)V+31 javafx.graphics
J 2581 c1 com.sun.javafx.sg.prism.NGNode.doRender(Lcom/sun/prism/Graphics;)V javafx.graphics (473 bytes) @ 0x000072ebdc972824 [0x000072ebdc971120+0x0000000000001704]
J 2645 c1 com.sun.javafx.sg.prism.NGNode.render(Lcom/sun/prism/Graphics;)V javafx.graphics (38 bytes) @ 0x000072ebdc98e0ec [0x000072ebdc98de80+0x000000000000026c]
J 2667 c1 com.sun.javafx.sg.prism.NGGroup.renderContent(Lcom/sun/prism/Graphics;)V javafx.graphics (422 bytes) @ 0x000072ebdc9a40fc [0x000072ebdc9a2e00+0x00000000000012fc]
J 2761 c1 com.sun.javafx.sg.prism.NGRegion.renderContent(Lcom/sun/prism/Graphics;)V javafx.graphics (115 bytes) @ 0x000072ebdc9cc3a4 [0x000072ebdc9cb780+0x0000000000000c24]
J 2581 c1 com.sun.javafx.sg.prism.NGNode.doRender(Lcom/sun/prism/Graphics;)V javafx.graphics (473 bytes) @ 0x000072ebdc972e5c [0x000072ebdc971120+0x0000000000001d3c]
J 2645 c1 com.sun.javafx.sg.prism.NGNode.render(Lcom/sun/prism/Graphics;)V javafx.graphics (38 bytes) @ 0x000072ebdc98e0ec [0x000072ebdc98de80+0x000000000000026c]
j  com.sun.javafx.tk.quantum.ViewPainter.doPaint(Lcom/sun/prism/Graphics;Lcom/sun/javafx/sg/prism/NodePath;)V+201 javafx.graphics
j  com.sun.javafx.tk.quantum.ViewPainter.paintImpl(Lcom/sun/prism/Graphics;)V+932 javafx.graphics
j  com.sun.javafx.tk.quantum.UploadingPainter.run()V+741 javafx.graphics
j  java.util.concurrent.Executors$RunnableAdapter.call()Ljava/lang/Object;+4 java.base@25.0.3
j  java.util.concurrent.FutureTask.runAndReset()Z+44 java.base@25.0.3
j  com.sun.javafx.tk.RenderJob.run()V+1 javafx.graphics
j  java.util.concurrent.ThreadPoolExecutor.runWorker(Ljava/util/concurrent/ThreadPoolExecutor$Worker;)V+92 java.base@25.0.3
j  java.util.concurrent.ThreadPoolExecutor$Worker.run()V+5 java.base@25.0.3
j  com.sun.javafx.tk.quantum.QuantumRenderer$PipelineRunnable.run()V+8 javafx.graphics
j  java.lang.Thread.runWith(Ljava/lang/Object;Ljava/lang/Runnable;)V+5 java.base@25.0.3
j  java.lang.Thread.run()V+19 java.base@25.0.3
v  ~StubRoutines::call_stub 0x000072ebe3b37fa6
V  [libjvm.so+0x9f27a0]  JavaCalls::call_helper(JavaValue*, methodHandle const&, JavaCallArguments*, JavaThread*)+0x2b0
V  [libjvm.so+0x9f40df]  JavaCalls::call_virtual(JavaValue*, Handle, Klass*, Symbol*, Symbol*, JavaThread*)+0x1df
V  [libjvm.so+0xae2acc]  thread_entry(JavaThread*, JavaThread*)+0x8c
V  [libjvm.so+0xa0b5f8]  JavaThread::thread_main_inner() [clone .part.0]+0xb8
V  [libjvm.so+0x105f96f]  Thread::call_run()+0x9f
V  [libjvm.so+0xe488f6]  thread_native_entry(Thread*)+0xd6
C  [libc.so.6+0x9caa4]
Java frames: (J=compiled Java code, j=interpreted, Vv=VM code)
J 4395  com.sun.pisces.PiscesRenderer.fillAlphaMaskImpl([BIIIIII)V javafx.graphics (0 bytes) @ 0x000072ebe4235e6d [0x000072ebe4235e00+0x000000000000006d]
J 4765 c2 com.sun.prism.sw.SWGraphics.drawGlyph(Lcom/sun/javafx/font/FontStrike;Lcom/sun/javafx/scene/text/GlyphList;ILcom/sun/javafx/geom/transform/BaseTransform;ZFF)V javafx.graphics (289 bytes) @ 0x000072ebe4252b2c [0x000072ebe42526a0+0x000000000000048c]
J 4528 c1 com.sun.prism.sw.SWGraphics.drawString(Lcom/sun/javafx/scene/text/GlyphList;Lcom/sun/javafx/font/FontStrike;FFLcom/sun/prism/paint/Color;II)V javafx.graphics (464 bytes) @ 0x000072ebdccc38bc [0x000072ebdccc24a0+0x000000000000141c]
J 4665 c1 com.sun.javafx.sg.prism.NGText.renderText(Lcom/sun/prism/Graphics;Lcom/sun/javafx/font/FontStrike;Lcom/sun/javafx/geom/BaseBounds;Lcom/sun/prism/paint/Color;I)V javafx.graphics (523 bytes) @ 0x000072ebdccf6e54 [0x000072ebdccf63a0+0x0000000000000ab4]
J 4663 c1 com.sun.javafx.sg.prism.NGText.renderContent2D(Lcom/sun/prism/Graphics;Z)V javafx.graphics (355 bytes) @ 0x000072ebdccf9e34 [0x000072ebdccf8f00+0x0000000000000f34]
J 4629 c1 com.sun.javafx.sg.prism.NGShape.renderContent(Lcom/sun/prism/Graphics;)V javafx.graphics (458 bytes) @ 0x000072ebdcce87f4 [0x000072ebdcce64a0+0x0000000000002354]
J 2581 c1 com.sun.javafx.sg.prism.NGNode.doRender(Lcom/sun/prism/Graphics;)V javafx.graphics (473 bytes) @ 0x000072ebdc972e5c [0x000072ebdc971120+0x0000000000001d3c]
J 2645 c1 com.sun.javafx.sg.prism.NGNode.render(Lcom/sun/prism/Graphics;)V javafx.graphics (38 bytes) @ 0x000072ebdc98e0ec [0x000072ebdc98de80+0x000000000000026c]
J 2667 c1 com.sun.javafx.sg.prism.NGGroup.renderContent(Lcom/sun/prism/Graphics;)V javafx.graphics (422 bytes) @ 0x000072ebdc9a40fc [0x000072ebdc9a2e00+0x00000000000012fc]
J 2761 c1 com.sun.javafx.sg.prism.NGRegion.renderContent(Lcom/sun/prism/Graphics;)V javafx.graphics (115 bytes) @ 0x000072ebdc9cc3a4 [0x000072ebdc9cb780+0x0000000000000c24]
J 2581 c1 com.sun.javafx.sg.prism.NGNode.doRender(Lcom/sun/prism/Graphics;)V javafx.graphics (473 bytes) @ 0x000072ebdc972e5c [0x000072ebdc971120+0x0000000000001d3c]
J 2645 c1 com.sun.javafx.sg.prism.NGNode.render(Lcom/sun/prism/Graphics;)V javafx.graphics (38 bytes) @ 0x000072ebdc98e0ec [0x000072ebdc98de80+0x000000000000026c]
J 2667 c1 com.sun.javafx.sg.prism.NGGroup.renderContent(Lcom/sun/prism/Graphics;)V javafx.graphics (422 bytes) @ 0x000072ebdc9a40fc [0x000072ebdc9a2e00+0x00000000000012fc]
J 2761 c1 com.sun.javafx.sg.prism.NGRegion.renderContent(Lcom/sun/prism/Graphics;)V javafx.graphics (115 bytes) @ 0x000072ebdc9cc3a4 [0x000072ebdc9cb780+0x0000000000000c24]
J 2581 c1 com.sun.javafx.sg.prism.NGNode.doRender(Lcom/sun/prism/Graphics;)V javafx.graphics (473 bytes) @ 0x000072ebdc972e5c [0x000072ebdc971120+0x0000000000001d3c]
J 2645 c1 com.sun.javafx.sg.prism.NGNode.render(Lcom/sun/prism/Graphics;)V javafx.graphics (38 bytes) @ 0x000072ebdc98e0ec [0x000072ebdc98de80+0x000000000000026c]
J 2667 c1 com.sun.javafx.sg.prism.NGGroup.renderContent(Lcom/sun/prism/Graphics;)V javafx.graphics (422 bytes) @ 0x000072ebdc9a40fc [0x000072ebdc9a2e00+0x00000000000012fc]
J 2761 c1 com.sun.javafx.sg.prism.NGRegion.renderContent(Lcom/sun/prism/Graphics;)V javafx.graphics (115 bytes) @ 0x000072ebdc9cc3a4 [0x000072ebdc9cb780+0x0000000000000c24]
J 2581 c1 com.sun.javafx.sg.prism.NGNode.doRender(Lcom/sun/prism/Graphics;)V javafx.graphics (473 bytes) @ 0x000072ebdc972e5c [0x000072ebdc971120+0x0000000000001d3c]
J 2645 c1 com.sun.javafx.sg.prism.NGNode.render(Lcom/sun/prism/Graphics;)V javafx.graphics (38 bytes) @ 0x000072ebdc98e0ec [0x000072ebdc98de80+0x000000000000026c]
J 2667 c1 com.sun.javafx.sg.prism.NGGroup.renderContent(Lcom/sun/prism/Graphics;)V javafx.graphics (422 bytes) @ 0x000072ebdc9a40fc [0x000072ebdc9a2e00+0x00000000000012fc]
J 2761 c1 com.sun.javafx.sg.prism.NGRegion.renderContent(Lcom/sun/prism/Graphics;)V javafx.graphics (115 bytes) @ 0x000072ebdc9cc3a4 [0x000072ebdc9cb780+0x0000000000000c24]
j  com.sun.javafx.sg.prism.NodeEffectInput.getImageDataForBoundedNode(Lcom/sun/scenario/effect/FilterContext;Lcom/sun/javafx/sg/prism/NGNode;Lcom/sun/javafx/sg/prism/NodeEffectInput$RenderType;Lcom/sun/javafx/geom/transform/BaseTransform;Lcom/sun/javafx/geom/Rectangle;)Lcom/sun/scenario/effect/ImageData;+103 javafx.graphics
J 4721 c1 com.sun.javafx.sg.prism.NodeEffectInput.filter(Lcom/sun/scenario/effect/FilterContext;Lcom/sun/javafx/geom/transform/BaseTransform;Lcom/sun/javafx/geom/Rectangle;Ljava/lang/Object;Lcom/sun/scenario/effect/Effect;)Lcom/sun/scenario/effect/ImageData; javafx.graphics (225 bytes) @ 0x000072ebdcd10e54 [0x000072ebdcd0ff80+0x0000000000000ed4]
J 4644 c1 com.sun.scenario.effect.FilterEffect.filter(Lcom/sun/scenario/effect/FilterContext;Lcom/sun/javafx/geom/transform/BaseTransform;Lcom/sun/javafx/geom/Rectangle;Ljava/lang/Object;Lcom/sun/scenario/effect/Effect;)Lcom/sun/scenario/effect/ImageData; javafx.graphics (265 bytes) @ 0x000072ebdccef984 [0x000072ebdcceee80+0x0000000000000b04]
j  com.sun.scenario.effect.Offset.filter(Lcom/sun/scenario/effect/FilterContext;Lcom/sun/javafx/geom/transform/BaseTransform;Lcom/sun/javafx/geom/Rectangle;Ljava/lang/Object;Lcom/sun/scenario/effect/Effect;)Lcom/sun/scenario/effect/ImageData;+35 javafx.graphics
j  com.sun.scenario.effect.Merge.filter(Lcom/sun/scenario/effect/FilterContext;Lcom/sun/javafx/geom/transform/BaseTransform;Lcom/sun/javafx/geom/Rectangle;Ljava/lang/Object;Lcom/sun/scenario/effect/Effect;)Lcom/sun/scenario/effect/ImageData;+27 javafx.graphics
j  com.sun.scenario.effect.DelegateEffect.filter(Lcom/sun/scenario/effect/FilterContext;Lcom/sun/javafx/geom/transform/BaseTransform;Lcom/sun/javafx/geom/Rectangle;Ljava/lang/Object;Lcom/sun/scenario/effect/Effect;)Lcom/sun/scenario/effect/ImageData;+11 javafx.graphics
j  com.sun.scenario.effect.impl.prism.PrEffectHelper.render(Lcom/sun/scenario/effect/Effect;Lcom/sun/prism/Graphics;FFLcom/sun/scenario/effect/Effect;)V+511 javafx.graphics
j  com.sun.javafx.sg.prism.EffectFilter.render(Lcom/sun/prism/Graphics;)V+13 javafx.graphics
j  com.sun.javafx.sg.prism.NGNode.renderEffect(Lcom/sun/prism/Graphics;)V+5 javafx.graphics
J 2581 c1 com.sun.javafx.sg.prism.NGNode.doRender(Lcom/sun/prism/Graphics;)V javafx.graphics (473 bytes) @ 0x000072ebdc972d84 [0x000072ebdc971120+0x0000000000001c64]
J 2645 c1 com.sun.javafx.sg.prism.NGNode.render(Lcom/sun/prism/Graphics;)V javafx.graphics (38 bytes) @ 0x000072ebdc98e0ec [0x000072ebdc98de80+0x000000000000026c]
J 2667 c1 com.sun.javafx.sg.prism.NGGroup.renderContent(Lcom/sun/prism/Graphics;)V javafx.graphics (422 bytes) @ 0x000072ebdc9a40fc [0x000072ebdc9a2e00+0x00000000000012fc]
J 2761 c1 com.sun.javafx.sg.prism.NGRegion.renderContent(Lcom/sun/prism/Graphics;)V javafx.graphics (115 bytes) @ 0x000072ebdc9cc3a4 [0x000072ebdc9cb780+0x0000000000000c24]
J 2581 c1 com.sun.javafx.sg.prism.NGNode.doRender(Lcom/sun/prism/Graphics;)V javafx.graphics (473 bytes) @ 0x000072ebdc972e5c [0x000072ebdc971120+0x0000000000001d3c]
J 2645 c1 com.sun.javafx.sg.prism.NGNode.render(Lcom/sun/prism/Graphics;)V javafx.graphics (38 bytes) @ 0x000072ebdc98e0ec [0x000072ebdc98de80+0x000000000000026c]
J 2667 c1 com.sun.javafx.sg.prism.NGGroup.renderContent(Lcom/sun/prism/Graphics;)V javafx.graphics (422 bytes) @ 0x000072ebdc9a40fc [0x000072ebdc9a2e00+0x00000000000012fc]
J 2761 c1 com.sun.javafx.sg.prism.NGRegion.renderContent(Lcom/sun/prism/Graphics;)V javafx.graphics (115 bytes) @ 0x000072ebdc9cc3a4 [0x000072ebdc9cb780+0x0000000000000c24]
J 2581 c1 com.sun.javafx.sg.prism.NGNode.doRender(Lcom/sun/prism/Graphics;)V javafx.graphics (473 bytes) @ 0x000072ebdc972e5c [0x000072ebdc971120+0x0000000000001d3c]
J 2645 c1 com.sun.javafx.sg.prism.NGNode.render(Lcom/sun/prism/Graphics;)V javafx.graphics (38 bytes) @ 0x000072ebdc98e0ec [0x000072ebdc98de80+0x000000000000026c]
J 2667 c1 com.sun.javafx.sg.prism.NGGroup.renderContent(Lcom/sun/prism/Graphics;)V javafx.graphics (422 bytes) @ 0x000072ebdc9a40fc [0x000072ebdc9a2e00+0x00000000000012fc]
J 2761 c1 com.sun.javafx.sg.prism.NGRegion.renderContent(Lcom/sun/prism/Graphics;)V javafx.graphics (115 bytes) @ 0x000072ebdc9cc3a4 [0x000072ebdc9cb780+0x0000000000000c24]
J 2581 c1 com.sun.javafx.sg.prism.NGNode.doRender(Lcom/sun/prism/Graphics;)V javafx.graphics (473 bytes) @ 0x000072ebdc972e5c [0x000072ebdc971120+0x0000000000001d3c]
J 2645 c1 com.sun.javafx.sg.prism.NGNode.render(Lcom/sun/prism/Graphics;)V javafx.graphics (38 bytes) @ 0x000072ebdc98e0ec [0x000072ebdc98de80+0x000000000000026c]
J 2667 c1 com.sun.javafx.sg.prism.NGGroup.renderContent(Lcom/sun/prism/Graphics;)V javafx.graphics (422 bytes) @ 0x000072ebdc9a40fc [0x000072ebdc9a2e00+0x00000000000012fc]
J 2761 c1 com.sun.javafx.sg.prism.NGRegion.renderContent(Lcom/sun/prism/Graphics;)V javafx.graphics (115 bytes) @ 0x000072ebdc9cc3a4 [0x000072ebdc9cb780+0x0000000000000c24]
J 2581 c1 com.sun.javafx.sg.prism.NGNode.doRender(Lcom/sun/prism/Graphics;)V javafx.graphics (473 bytes) @ 0x000072ebdc972e5c [0x000072ebdc971120+0x0000000000001d3c]
J 2645 c1 com.sun.javafx.sg.prism.NGNode.render(Lcom/sun/prism/Graphics;)V javafx.graphics (38 bytes) @ 0x000072ebdc98e0ec [0x000072ebdc98de80+0x000000000000026c]
J 2667 c1 com.sun.javafx.sg.prism.NGGroup.renderContent(Lcom/sun/prism/Graphics;)V javafx.graphics (422 bytes) @ 0x000072ebdc9a40fc [0x000072ebdc9a2e00+0x00000000000012fc]
J 2761 c1 com.sun.javafx.sg.prism.NGRegion.renderContent(Lcom/sun/prism/Graphics;)V javafx.graphics (115 bytes) @ 0x000072ebdc9cc3a4 [0x000072ebdc9cb780+0x0000000000000c24]
j  com.sun.javafx.sg.prism.NGNode.renderForClip(Lcom/sun/prism/Graphics;)V+17 javafx.graphics
j  com.sun.javafx.sg.prism.NGNode.renderRectClip(Lcom/sun/prism/Graphics;Lcom/sun/javafx/sg/prism/NGRectangle;)V+106 javafx.graphics
J 4749 c1 com.sun.javafx.sg.prism.NGNode.renderClip(Lcom/sun/prism/Graphics;)V javafx.graphics (473 bytes) @ 0x000072ebdcd24844 [0x000072ebdcd200a0+0x00000000000047a4]
j  com.sun.javafx.sg.prism.CacheFilter.renderNodeToCache(Lcom/sun/scenario/effect/ImageData;Lcom/sun/javafx/geom/Rectangle;Lcom/sun/javafx/geom/transform/BaseTransform;Lcom/sun/javafx/geom/Rectangle;)V+150 javafx.graphics
j  com.sun.javafx.sg.prism.CacheFilter.render(Lcom/sun/prism/Graphics;)V+351 javafx.graphics
j  com.sun.javafx.sg.prism.NGNode.renderCached(Lcom/sun/prism/Graphics;)V+31 javafx.graphics
J 2581 c1 com.sun.javafx.sg.prism.NGNode.doRender(Lcom/sun/prism/Graphics;)V javafx.graphics (473 bytes) @ 0x000072ebdc972824 [0x000072ebdc971120+0x0000000000001704]
J 2645 c1 com.sun.javafx.sg.prism.NGNode.render(Lcom/sun/prism/Graphics;)V javafx.graphics (38 bytes) @ 0x000072ebdc98e0ec [0x000072ebdc98de80+0x000000000000026c]
J 2667 c1 com.sun.javafx.sg.prism.NGGroup.renderContent(Lcom/sun/prism/Graphics;)V javafx.graphics (422 bytes) @ 0x000072ebdc9a40fc [0x000072ebdc9a2e00+0x00000000000012fc]
J 2761 c1 com.sun.javafx.sg.prism.NGRegion.renderContent(Lcom/sun/prism/Graphics;)V javafx.graphics (115 bytes) @ 0x000072ebdc9cc3a4 [0x000072ebdc9cb780+0x0000000000000c24]
J 2581 c1 com.sun.javafx.sg.prism.NGNode.doRender(Lcom/sun/prism/Graphics;)V javafx.graphics (473 bytes) @ 0x000072ebdc972e5c [0x000072ebdc971120+0x0000000000001d3c]
J 2645 c1 com.sun.javafx.sg.prism.NGNode.render(Lcom/sun/prism/Graphics;)V javafx.graphics (38 bytes) @ 0x000072ebdc98e0ec [0x000072ebdc98de80+0x000000000000026c]
j  com.sun.javafx.tk.quantum.ViewPainter.doPaint(Lcom/sun/prism/Graphics;Lcom/sun/javafx/sg/prism/NodePath;)V+201 javafx.graphics
j  com.sun.javafx.tk.quantum.ViewPainter.paintImpl(Lcom/sun/prism/Graphics;)V+932 javafx.graphics
j  com.sun.javafx.tk.quantum.UploadingPainter.run()V+741 javafx.graphics
j  java.util.concurrent.Executors$RunnableAdapter.call()Ljava/lang/Object;+4 java.base@25.0.3
j  java.util.concurrent.FutureTask.runAndReset()Z+44 java.base@25.0.3
j  com.sun.javafx.tk.RenderJob.run()V+1 javafx.graphics
j  java.util.concurrent.ThreadPoolExecutor.runWorker(Ljava/util/concurrent/ThreadPoolExecutor$Worker;)V+92 java.base@25.0.3
j  java.util.concurrent.ThreadPoolExecutor$Worker.run()V+5 java.base@25.0.3
j  com.sun.javafx.tk.quantum.QuantumRenderer$PipelineRunnable.run()V+8 javafx.graphics
j  java.lang.Thread.runWith(Ljava/lang/Object;Ljava/lang/Runnable;)V+5 java.base@25.0.3
j  java.lang.Thread.run()V+19 java.base@25.0.3
v  ~StubRoutines::call_stub 0x000072ebe3b37fa6

siginfo: si_signo: 11 (SIGSEGV), si_code: 2 (SEGV_ACCERR), si_addr: 0x000000003b143b3a

Registers:
RAX=0x000000003b143b32, RBX=0x000072ebf427b190, RCX=0x0000000000000000, RDX=0x000072ebfb7cc7b0
RSP=0x000072eb8fefaa50, RBP=0x000072eb8fefaaa0, RSI=0x0000000000000023, RDI=0x0000000087765ab0
R8 =0x0000000000000000, R9 =0x0000000087766ac0, R10=0x0000000000000010, R11=0x000000000000000c
R12=0x0000000000000000, R13=0x0000000087765ab0, R14=0x000072ebf4228f20, R15=0x000072eb80311ad0
RIP=0x000072ebfacb0f47, EFLAGS=0x0000000000010202, CSGSFS=0x002b000000000033, ERR=0x0000000000000004
  TRAPNO=0x000000000000000e

XMM[0]=0x0000000000000000 0x0000000041e80000
XMM[1]=0x0000000000000000 0x0000000041e80000
XMM[2]=0x0000000000000000 0x0000000000000000
XMM[3]=0x0000000000000000 0x403cee9741e774b8
XMM[4]=0x0000000000000000 0x0000000000000000
XMM[5]=0x0000000000000000 0x0000000000000000
XMM[6]=0x0000000000000000 0x0000000000000000
XMM[7]=0x0000000000000000 0xc3e0000000000000
XMM[8]=0x0000000000000000 0x0000000000000000
XMM[9]=0x0000000000000000 0x4000000000000000
XMM[10]=0x0000000000000000 0x3ff0000000000000
XMM[11]=0x0000000000000000 0x0000000000000000
XMM[12]=0x0000000000000000 0x0000000000000000
XMM[13]=0x0000000000000000 0x0000000000000000
XMM[14]=0x0000000000000000 0x401800004075f61a
XMM[15]=0x0000000000000000 0x0000000000000000
  MXCSR=0x00001fa7


Register to memory mapping:

RAX=0x000000003b143b32 is pointing into metadata
RBX=0x000072ebf427b190 is a thread
RCX=0x0 is null
RDX=0x000072ebfb7cc7b0: <offset 0x00000000015cc7b0> in /opt/jdk-25.0.3/lib/server/libjvm.so at 0x000072ebfa200000
RSP=0x000072eb8fefaa50 is pointing into the stack for thread: 0x000072ebf427b190
RBP=0x000072eb8fefaaa0 is pointing into the stack for thread: 0x000072ebf427b190
RSI=0x0000000000000023 is an unknown value
RDI=
[error occurred during error reporting (printing register info), id 0xb, SIGSEGV (0xb) at pc=0x000072ebfaa872dd]
R8 =0x0 is null
R9 =0x0000000087766ac0 is an oop: com.sun.pisces.JavaSurface 
{0x0000000087766ac0} - klass: 'com/sun/pisces/JavaSurface' - flags: has_finalizer 

 - ---- fields (total size 5 words):
 - private 'width' 'I' @12  32 (0x00000020)
 - private 'nativePtr' 'J' @16  126355793624704 (0x000072eb8031be80)
 - private 'height' 'I' @24  32 (0x00000020)
 - private 'dataBuffer' 'Ljava/nio/IntBuffer;' @28  a 'java/nio/HeapIntBuffer'{0x0000000087766b10} (0x87766b10)
 - private 'dataInt' '[I' @32  
[error occurred during error reporting (printing register info, attempt 2), id 0xb, SIGSEGV (0xb) at pc=0x000072ebfb02ca58]
R10=0x0000000000000010 is an unknown value
R11=0x000000000000000c is an unknown value
R12=0x0 is null
R13=
[error occurred during error reporting (printing register info, attempt 3), id 0xb, SIGSEGV (0xb) at pc=0x000072ebfaa872dd]
Top of Stack: (sp=0x000072eb8fefaa50)
0x000072eb8fefaa50:   000072ebf427b190 000072eb80311ad0   ..'..r....1..r..
0x000072eb8fefaa60:   000072ebf427b190 0000000000000000   ..'..r..........
0x000072eb8fefaa70:   000072ebf427b190 000072ebfacab536   ..'..r..6....r..
0x000072eb8fefaa80:   000072eb8031be80 000072ebf427b630   ..1..r..0.'..r..
0x000072eb8fefaa90:   000072ebf427b630 000000000000001d   0.'..r..........
0x000072eb8fefaaa0:   000072eb8fefaac0 000072eb77209d1c   .....r.... w.r..
0x000072eb8fefaab0:   0000000000000000 000072eb8031be80   ..........1..r..
0x000072eb8fefaac0:   000072eb8fefab40 000072eb77203e95   @....r...> w.r..
0x000072eb8fefaad0:   0000000500000000 0000006800000000   ............h...
0x000072eb8fefaae0:   000000010000000e 000000008776c970   ........p.v.....
0x000072eb8fefaaf0:   000072eb0000001f 000072eb8fefac00   .....r.......r..
0x000072eb8fefab00:   000072eb80000e00 0000001d00000008   .....r..........
0x000072eb8fefab10:   0000000000000107 000000000000001d   ................
0x000072eb8fefab20:   000072ebf427b630 000000000000000e   0.'..r..........
0x000072eb8fefab30:   000072eb8fefabf8 000072eb8fefac00   .....r.......r..
0x000072eb8fefab40:   000072eb8fefabd0 000072eb77205c2c   .....r..,\ w.r..
0x000072eb8fefab50:   000072eb8fefabf8 0000000000000001   .....r..........
0x000072eb8fefab60:   000072eb8fefac00 000000000000001d   .....r..........
0x000072eb8fefab70:   0000000000000008 000000000000000e   ................
0x000072eb8fefab80:   0000000000000068 000072eb77205ba8   h........[ w.r..
0x000072eb8fefab90:   000000003f800000 00000008fffffff3   ...?............
0x000072eb8fefaba0:   00000000873aaf58 0000000000000000   X.:.............
0x000072eb8fefabb0:   0000000000000000 0000000024226a28   ........(j"$....
0x000072eb8fefabc0:   000000000000010a 000072ebf427b190   ..........'..r..
0x000072eb8fefabd0:   000072eb8fefac30 000072ebe4235e9f   0....r...^#..r..
0x000072eb8fefabe0:   000000000000000e 0000000000000000   ................
0x000072eb8fefabf0:   0000000000000008 0000000087769960   ........`.v.....
0x000072eb8fefac00:   00000000877809b8 0000000087a02b70   ..x.....p+......
0x000072eb8fefac10:   000000008777fc10 000000008777fd08   ..w.......w.....
0x000072eb8fefac20:   00000000ffffffd7 000000008776b1b8   ..........v.....
0x000072eb8fefac30:   0000000087769960 000072ebe4252b2c   `.v.....,+%..r..
0x000072eb8fefac40:   0000000000000000 41e8000000000008   ...............A

Instructions: (pc=0x000072ebfacb0f47)
  0x000072ebfacb0e47:   00 48 89 df e8 20 c1 f5 ff e9 e4 fe ff ff 48 8d
  0x000072ebfacb0e57:   05 84 61 b9 00 45 31 c0 ba b4 0a 00 00 48 8d 35
  0x000072ebfacb0e67:   85 01 79 00 48 89 df 41 bc ff ff ff ff 48 8b 88
  0x000072ebfacb0e77:   a0 04 00 00 e8 e0 db d8 ff e9 31 ff ff ff 66 66
  0x000072ebfacb0e87:   2e 0f 1f 84 00 00 00 00 00 55 48 89 e5 41 56 41
  0x000072ebfacb0e97:   55 49 89 f5 41 54 49 89 d4 53 48 8d 9f 60 fb ff
  0x000072ebfacb0ea7:   ff 48 83 ec 30 8b 83 40 05 00 00 2d ad de 00 00
  0x000072ebfacb0eb7:   83 f8 01 0f 86 78 01 00 00 48 8d 7d b0 48 89 de
  0x000072ebfacb0ec7:   e8 44 44 01 00 48 83 7b 08 00 48 89 5d c0 48 c7
  0x000072ebfacb0ed7:   45 c8 00 00 00 00 74 09 48 8d 7d c0 e8 f8 7a 3f
  0x000072ebfacb0ee7:   00 4c 89 ef e8 40 49 01 00 49 89 c5 48 85 c0 0f
  0x000072ebfacb0ef7:   84 68 2a 82 ff 48 8b bb 08 04 00 00 4c 8b 77 20
  0x000072ebfacb0f07:   48 8b 47 28 4c 29 f0 48 83 f8 07 0f 86 e8 00 00
  0x000072ebfacb0f17:   00 49 8d 46 08 48 89 47 20 48 8d 05 61 fc ba 00
  0x000072ebfacb0f27:   4d 89 2e 4c 89 ea 48 89 de 48 8b 38 48 8b 07 ff
  0x000072ebfacb0f37:   90 90 01 00 00 4d 8b 2e 4c 89 ef e8 19 d1 dd ff
=>0x000072ebfacb0f47:   8b 50 08 48 8d 05 0b bf b8 00 c1 fa 08 8b 00 8d
  0x000072ebfacb0f57:   4a f4 80 f9 01 0f 86 b6 00 00 00 83 ea 07 81 e2
  0x000072ebfacb0f67:   fb 00 00 00 0f 84 b7 00 00 00 83 c0 04 48 98 49
  0x000072ebfacb0f77:   01 c5 4d 85 e4 74 05 41 c6 04 24 00 48 83 7d c8
  0x000072ebfacb0f87:   00 74 09 48 8d 7d c0 e8 bd 7a 3f 00 48 8b 9b a8
  0x000072ebfacb0f97:   01 00 00 48 8b 43 10 48 83 38 00 74 0c 48 89 df
  0x000072ebfacb0fa7:   e8 74 fc ec ff 48 8b 43 10 48 8b 53 08 48 89 42
  0x000072ebfacb0fb7:   18 48 8b 43 08 48 8b 53 18 48 89 50 20 48 8b 43
  0x000072ebfacb0fc7:   08 48 8b 53 20 48 8b 5d b0 48 89 50 28 48 8d bb
  0x000072ebfacb0fd7:   80 04 00 00 e8 60 b7 da ff c7 83 2c 05 00 00 04
  0x000072ebfacb0fe7:   00 00 00 48 83 c4 30 4c 89 e8 5b 41 5c 41 5d 41
  0x000072ebfacb0ff7:   5e 5d c3 66 0f 1f 44 00 00 31 d2 be 08 00 00 00
  0x000072ebfacb1007:   e8 c4 14 9e ff 49 89 c6 e9 0c ff ff ff 0f 1f 40
  0x000072ebfacb1017:   00 48 8d 15 1a 8b b5 00 80 3a 00 0f 85 49 ff ff
  0x000072ebfacb1027:   ff 83 c0 0b 83 e0 f8 e9 41 ff ff ff 0f 1f 44 00
  0x000072ebfacb1037:   00 48 89 df e8 30 bf f5 ff e9 7b fe ff ff 66 66


Stack slot to memory mapping:

stack at sp + 0 slots: 0x000072ebf427b190 is a thread
stack at sp + 1 slots: 0x000072eb80311ad0 points into unknown readable memory: 0x0000000400000000 | 00 00 00 00 04 00 00 00
stack at sp + 2 slots: 0x000072ebf427b190 is a thread
stack at sp + 3 slots: 0x0 is null
stack at sp + 4 slots: 0x000072ebf427b190 is a thread
stack at sp + 5 slots: 0x000072ebfacab536: <offset 0x0000000000aab536> in /opt/jdk-25.0.3/lib/server/libjvm.so at 0x000072ebfa200000
stack at sp + 6 slots: 0x000072eb8031be80 points into unknown readable memory: 0x0000002000000020 | 20 00 00 00 20 00 00 00
stack at sp + 7 slots: 0x000072ebf427b630 points into unknown readable memory: 0x000072ebfb7ce7a0 | a0 e7 7c fb eb 72 00 00

Lock stack of current Java thread (top to bottom):


Compiled method (n/a) 26328 4395     n 0       com.sun.pisces.PiscesRenderer::fillAlphaMaskImpl (native)
 total in heap  [0x000072ebe4235d08,0x000072ebe4235f80] = 632
 main code      [0x000072ebe4235e00,0x000072ebe4235f74] = 372
 stub code      [0x000072ebe4235f74,0x000072ebe4235f78] = 4
 oops           [0x000072ebe4235f78,0x000072ebe4235f80] = 8
 mutable data [0x000072eb8031c460,0x000072eb8031c478] = 24
 relocation     [0x000072eb8031c460,0x000072eb8031c478] = 24

[Constant Pool (empty)]

[MachCode]
[Entry Point]
  # {method} {0x000072ebb8c19108} 'fillAlphaMaskImpl' '([BIIIIII)V' in 'com/sun/pisces/PiscesRenderer'
  # this:     rsi:rsi   = 'com/sun/pisces/PiscesRenderer'
  # parm0:    rdx:rdx   = '[B'
  # parm1:    rcx       = int
  # parm2:    r8        = int
  # parm3:    r9        = int
  # parm4:    rdi       = int
  # parm5:    [sp+0x60]   = int  (sp of caller)
  # parm6:    [sp+0x68]   = int
  0x000072ebe4235e00: 6690 448b | 5608 443b 

  0x000072ebe4235e08: ;   {runtime_call Shared Runtime ic_miss_blob}
  0x000072ebe4235e08: 5008 0f85 | d0f5 94ff 
[Verified Entry Point]
  0x000072ebe4235e10: 8984 2400 | c0fe ff55 | 488b ec48 | 83ec 5090 | 4181 7f20 | 0300 0000 

  0x000072ebe4235e28: ;   {runtime_call Stub::method_entry_barrier}
  0x000072ebe4235e28: 7405 e831 | 7193 ff48 | 6345 1848 | 8944 2410 | 4863 4510 | 4889 4424 | 0848 893c | 2448 8954 
  0x000072ebe4235e48: 2420 4883 | fa00 488d | 5424 2048 | 0f44 5424 | 2048 8974 | 2418 4883 | fe00 488d | 7424 1848 
  0x000072ebe4235e68: 0f44 7424 | 18c5 f877 

  0x000072ebe4235e70: ;   {internal_word}
  0x000072ebe4235e70: 49ba 6d5e | 23e4 eb72 | 0000 4d89 | 9788 0400 | 0049 89a7 | 8004 0000 | 498d bfa0 | 0400 0041 
  0x000072ebe4235e90: c787 2c05 | 0000 0400 

  0x000072ebe4235e98: ;   {runtime_call Java_com_sun_pisces_PiscesRenderer_fillAlphaMaskImpl}
  0x000072ebe4235e98: 0000 e8d1 | fcfc 92c5 | f877 41c7 | 872c 0500 | 0005 0000 | 00f0 8344 | 24c0 0049 | 3b6f 280f 
  0x000072ebe4235eb8: 870e 0000 | 0041 83bf | 2805 0000 | 000f 841c | 0000 00c5 | f877 498b | ff4c 8be4 | 4883 ec00 
  0x000072ebe4235ed8: 4883 e4f0 

  0x000072ebe4235edc: ;   {runtime_call JavaThread::check_special_condition_for_native_trans(JavaThread*)}
  0x000072ebe4235edc: e8ef 819d | 1649 8be4 | 4d33 e441 | c787 2c05 | 0000 0800 | 0000 4183 | bfa8 0500 | 0002 0f84 
  0x000072ebe4235efc: 5900 0000 | 49c7 8780 | 0400 0000 | 0000 0049 | c787 8804 | 0000 0000 | 0000 c5f8 | 7749 8b8f 
  0x000072ebe4235f1c: 1005 0000 | c781 0001 | 0000 0000 

  0x000072ebe4235f28: ;   {poll_return}
  0x000072ebe4235f28: 0000 c941 | f647 2801 

  0x000072ebe4235f30: ;   {internal_word}
  0x000072ebe4235f30: 7416 49ba | 2b5f 23e4 | eb72 0000 | 4d89 9738 

  0x000072ebe4235f40: ;   {runtime_call SafepointBlob}
  0x000072ebe4235f40: 0500 00e9 | 1819 95ff | 4983 7f08 | 000f 8501 | 0000 00c3 

  0x000072ebe4235f54: ;   {runtime_call Stub::forward_exception}
  0x000072ebe4235f54: e987 1f90 | ffc5 f877 | 4c8b e448 | 83ec 0048 

  0x000072ebe4235f64: ;   {runtime_call SharedRuntime::reguard_yellow_pages()}
  0x000072ebe4235f64: 83e4 f0e8 | 84e5 ee16 | 498b e44d | 33e4 eb8c 
[Stub Code]
  0x000072ebe4235f74: f4f4 f4f4 
[/MachCode]


Compiled method (c2) 26331 4765       4       com.sun.prism.sw.SWGraphics::drawGlyph (289 bytes)
 total in heap  [0x000072ebe4252588,0x000072ebe4254220] = 7320
 constants      [0x000072ebe4252680,0x000072ebe42526a0] = 32
 main code      [0x000072ebe42526a0,0x000072ebe42540e8] = 6728
 stub code      [0x000072ebe42540e8,0x000072ebe4254210] = 296
 oops           [0x000072ebe4254210,0x000072ebe4254220] = 16
 mutable data [0x000072eba4153ce0,0x000072eba41540e8] = 1032
 relocation     [0x000072eba4153ce0,0x000072eba4153f58] = 632
 metadata       [0x000072eba4153f58,0x000072eba41540e8] = 400
 immutable data [0x000072eba41702f0,0x000072eba4171748] = 5208
 dependencies   [0x000072eba41702f0,0x000072eba4170360] = 112
 nul chk table  [0x000072eba4170360,0x000072eba41703f0] = 144
 handler table  [0x000072eba41703f0,0x000072eba41705b8] = 456
 scopes pcs     [0x000072eba41705b8,0x000072eba4170ac8] = 1296
 scopes data    [0x000072eba4170ac8,0x000072eba4171748] = 3200


[Constant Pool]
             Address          hex4                    hex8      
  0x000072ebe4252680:   0x00000000      0x0000000000000000      
  0x000072ebe4252684:   0x00000000                              
  0x000072ebe4252688:   0x00000000      0x4008000000000000      
  0x000072ebe425268c:   0x40080000                              
  0x000072ebe4252690:   0x40400000      0xf4f4f4f440400000      
  0x000072ebe4252694:   0xf4f4f4f4                              
  0x000072ebe4252698:   0xf4f4f4f4      0xf4f4f4f4f4f4f4f4      
  0x000072ebe425269c:   0xf4f4f4f4                              

[MachCode]
[Instructions begin]
  0x000072ebe42526a0: ;   {other}
  0x000072ebe42526a0: 6690 448b | 5608 443b 

  0x000072ebe42526a8: ;   {runtime_call Shared Runtime ic_miss_blob}
  0x000072ebe42526a8: 5008 0f85 | 302d 93ff 
[Verified Entry Point]
  0x000072ebe42526b0: 8984 2400 | c0fe ff55 | 4881 ec80 | 0000 0090 | 4181 7f20 | 0300 0000 | 0f85 0a1a | 0000 c5fa 
  0x000072ebe42526d0: 114c 2438 | c5fa 1144 | 2434 897c | 2430 4c89 | 4c24 2848 | 8974 2410 | 4489 4424 | 0c44 8b51 
  0x000072ebe42526f0: ;   {metadata('com/sun/javafx/text/TextRun')}
  0x000072ebe42526f0: 0841 81fa | 286a 2201 | 0f85 fe0c | 0000 4889 | 4c24 6045 | 85c0 0f8c | 980e 0000 | 448b 510c 
  0x000072ebe4252710: 453b c20f | 8dc3 0e00 | 0044 8b51 | 2c41 81e2 | 0010 0000 | 0f84 ea0e | 0000 458b | d844 0359 
  0x000072ebe4252730: 1044 8b51 | 4045 8b4a | 0c0f 1f80 | 0000 0000 | 453b d90f | 8373 0c00 | 0047 8b54 | 9a10 448b 
  0x000072ebe4252750: ;   {metadata('com/sun/javafx/font/CompositeStrike')}
  0x000072ebe4252750: 4208 4181 | f8d8 781c | 010f 85d5 | 0c00 0048 | 8954 2458 | 448b 5a14 | 458b c241 | c1e8 1844 
  0x000072ebe4252770: 8944 2448 | 458b c241 | 81e0 ffff | ff00 4489 | 4424 3c44 | 8b54 2448 | 4585 d20f | 8540 0500 
  0x000072ebe4252790: 0044 8b52 | 1c45 85d2 | 0f84 9c07 | 0000 6690 

  0x000072ebe42527a0: ; implicit exception: dispatches to 0x000072ebe4253c10
  0x000072ebe42527a0: 458b 4208 

  0x000072ebe42527a4: ;   {metadata('com/sun/javafx/font/freetype/FTFontStrike')}
  0x000072ebe42527a4: 4181 f8e8 | 601c 010f | 85bf 0c00 | 0049 8bf2 | 8b54 243c 

  0x000072ebe42527b8: ;   {optimized virtual_call}
  0x000072ebe42527b8: 6666 90e8 

  0x000072ebe42527bc: ; ImmutableOopMap {[16]=Oop [40]=Oop [88]=Oop [96]=Oop }
                      ;*invokeinterface getGlyph {reexecute=0 rethrow=0 return_oop=1}
                      ; - com.sun.javafx.font.CompositeStrike::getGlyph@16 (line 163)
                      ; - com.sun.prism.sw.SWGraphics::drawGlyph@8 (line 636)
  0x000072ebe42527bc: d0ea ffff 

  0x000072ebe42527c0: ;   {post_call_nop}
  0x000072ebe42527c0: 0f1f 8400 | 3802 0000 

  0x000072ebe42527c8: ; implicit exception: dispatches to 0x000072ebe4253c28
  0x000072ebe42527c8: 448b 5008 

  0x000072ebe42527cc: ;   {metadata('com/sun/javafx/font/freetype/FTGlyph')}
  0x000072ebe42527cc: 4181 fa30 | 1123 010f | 85df 0c00 | 0048 8944 | 2440 448b | 580c 4181 | fbff ff00 | 000f 8461 
  0x000072ebe42527ec: 0e00 0044 | 8b5c 2430 | 4585 db0f | 846b 0e00 | 004c 8b54 | 2410 458b | 422c 458b | 5008 c5fa 
  0x000072ebe425280c: 1044 2434 | c5fa 5ac0 | 0f1f 8400 | 0000 0000 | 6666 6690 

  0x000072ebe4252820: ;   {metadata('com/sun/javafx/geom/transform/Affine2D')}
  0x000072ebe4252820: 4181 fa38 | d911 010f | 85c7 0c00 | 004c 8b54 | 2460 458b | 520c 498b | f8c5 fb58 | 4730 448b 
  0x000072ebe4252840: 5c24 0c45 | 3bda 0f8f | 400e 0000 | 4c8b 5424 | 6045 8b52 | 2c41 81e2 | 0010 0000 | 0f1f 4000 
  0x000072ebe4252860: 0f84 5a0e | 0000 4c8b | 5424 60c4 | c17a 104a | 3445 8b4a | 3845 3bcb | 0f84 5000 | 0000 458b 
  0x000072ebe4252880: 5210 4c8b | 5c24 6045 | 8b5b 4441 | ffc1 443b | 4c24 0c0f | 85ae 0200 | 008b 4c24 | 0c41 03ca 
  0x000072ebe42528a0: 448b c141 | ffc8 458b | 530c 453b | c20f 83b1 | 0c00 00c4 | c172 584c | 8b0c 4c8b | 5424 60c4 
  0x000072ebe42528c0: c17a 114a | 3444 8b5c | 240c 4589 | 5a38 4c8b | 5424 5845 | 8b5a 1cc5 | f25a c9c5 | f358 c0c5 
  0x000072ebe42528e0: fa10 4c24 | 38c5 f25a | c9c5 f358 | 4f38 c5fb 

  0x000072ebe42528f0: ;   {section_word}
  0x000072ebe42528f0: 5ad8 c5f3 | 5805 86fd | ffff c5fb | 5ad0 6690 | 4585 db0f | 8429 0500 | 0049 8bc3 | 448b 5008 
  0x000072ebe4252910: ;   {metadata('com/sun/javafx/font/freetype/FTFontStrike')}
  0x000072ebe4252910: 4181 fae8 | 601c 010f | 85fb 0b00 | 0044 8b50 | 1045 85d2 | 0f85 ac02 | 0000 41bb | 0000 807f 
  0x000072ebe4252930: c4c1 797e | da45 23d3 | 41c1 fa17 | 41bb 9500 | 0000 452b | da41 8bcb | 41ba e0ff | ffff 4585 
  0x000072ebe4252950: da75 2fc4 | c179 7eda | 4181 e2ff | ff7f 0041 | 81ca 0000 | 8000 c4c1 | 797e db45 | 85db 7d03 
  0x000072ebe4252970: 41f7 da41 | d3fa 4183 | c201 41d1 | fae9 1d00 | 0000 c57a | 2cd3 4181 | fa00 0000 | 8075 1048 
  0x000072ebe4252990: 83ec 08c5 | fa11 1c24 

  0x000072ebe4252998: ;   {runtime_call Stub::f2i_fixup}
  0x000072ebe4252998: e8b0 568e | ff41 5ac5 | f9ef c0c4 | c17a 2ac2 | c5fa 1144 | 240c 4c8b | 5424 4045 | 8b52 3041 
  0x000072ebe42529b8: bb00 0080 | 7fc4 c179 | 7ed0 4523 | c341 c1f8 | 1741 bb95 | 0000 0045 | 2bd8 418b | cb41 b8e0 
  0x000072ebe42529d8: ffff ff45 | 85d8 752f | c4c1 797e | d041 81e0 | ffff 7f00 | 4181 c800 | 0080 00c4 | c179 7ed3 
  0x000072ebe42529f8: 4585 db7d | 0341 f7d8 | 41d3 f841 | 83c0 0141 | d1f8 e91d | 0000 00c5 | 7a2c c241 | 81f8 0000 
  0x000072ebe4252a18: 0080 7510 | 4883 ec08 | c5fa 1114 

  0x000072ebe4252a24: ;   {runtime_call Stub::f2i_fixup}
  0x000072ebe4252a24: 24e8 2356 | 8eff 4158 | c5e9 efd2 | c4c1 6a2a | d045 85d2 | 0f84 f502 | 0000 4c8b | 5424 4045 
  0x000072ebe4252a44: 8b42 2c45 | 8b58 0c45 | 8b52 284c | 8b4c 2440 | 418b 5930 | 498b d0c5 | fa10 4c24 | 0cc5 fa2c 
  0x000072ebe4252a64: e981 fd00 | 0000 800f | 8453 1600 | 0085 db0f | 84f4 0200 | 0041 0369 | 1089 6c24 | 384c 8b4c 
  0x000072ebe4252a84: 2440 410f | b679 244c | 8b4c 2410 | 418b 691c | c57a 2cca | 4181 f900 | 0000 800f | 840a 1600 
  0x000072ebe4252aa4: 0048 8b4c | 2440 442b | 4914 85ff | 0f85 d601 | 0000 85db | 0f84 1503 | 0000 448b | 5320 8b7b 
  0x000072ebe4252ac4: 0c85 ed0f | 8473 0a00 | 0045 85d2 | 0f8c 1e0c | 0000 85ff | 0f8c 460c | 0000 f341 | 0fbd caf3 
  0x000072ebe4252ae4: 0fbd f7bb | 4000 0000 | 2bd9 2bde | 83fb 1f0f | 8f53 0c00 | 008b dfff | cb41 0faf | da41 03da 
  0x000072ebe4252b04: 413b db0f | 8f6b 0c00 | 0048 8bf5 | 8b4c 2438 | 458b c145 | 8bca 33db | 891c 2444 | 8954 2408 
  0x000072ebe4252b24: ;   {optimized virtual_call}
  0x000072ebe4252b24: 6666 90e8 

  0x000072ebe4252b28: ; ImmutableOopMap {}
                      ;*invokevirtual fillAlphaMaskImpl {reexecute=0 rethrow=0 return_oop=0}
                      ; - com.sun.pisces.PiscesRenderer::fillAlphaMask@40 (line 366)
                      ; - com.sun.prism.sw.SWGraphics::drawGlyph@222 (line 653)
  0x000072ebe4252b28: e432 feff 

  0x000072ebe4252b2c: ;   {post_call_nop}
  0x000072ebe4252b2c: 0f1f 8400 | a405 0001 | 4881 c480 | 0000 005d 

  0x000072ebe4252b3c: ;   {poll_return}
  0x000072ebe4252b3c: 493b 6728 | 0f87 5315 | 0000 c3c5 | f057 c944 | 8b44 240c | 4585 c00f | 8e61 fdff | ff45 8b4b 
  0x000072ebe4252b5c: 0c66 6690 | 453b d10f | 8307 0d00 | 004d 63c1 | 448b 4c24 | 0c4d 63c9 | 4d63 ea4d | 03cd 49ff 
  0x000072ebe4252b7c: c966 6690 | 4d3b c80f | 83e7 0c00 | 00b9 e803 | 0000 33f6 | 8b5c 240c | 2bde 8b54 | 240c 4533 
  0x000072ebe4252b9c: d23b d641 | 0f4c da81 | fbe8 0300 | 000f 47d9 | 03de 4c63 | d64d 03d5 | c481 7258 | 4c93 10ff 
  0x000072ebe4252bbc: c666 6690 | 3bf3 7cea 

  0x000072ebe4252bc4: ; ImmutableOopMap {r11=NarrowOop rdi=Oop [16]=Oop [64]=Oop [88]=Oop [96]=Oop }
                      ;*goto {reexecute=1 rethrow=0 return_oop=0}
                      ; - (reexecute) com.sun.javafx.text.TextRun::getPosX@95 (line 328)
                      ; - com.sun.prism.sw.SWGraphics::drawGlyph@50 (line 641)
  0x000072ebe4252bc4: 4d8b 7730 

  0x000072ebe4252bc8: ;   {poll}
  0x000072ebe4252bc8: 4185 063b | 7424 0c7c | bfe9 e4fc | ffff c5e2 

  0x000072ebe4252bd8: ;   {section_word}
  0x000072ebe4252bd8: 5ac3 c5fb | 5905 a6fa | ffff 49ba | 0000 0000 | 0000 f07f | c4c1 f97e | c34d 23da | 49c1 fb34 
  0x000072ebe4252bf8: 49ba 3204 | 0000 0000 | 0000 4d2b | d349 8bca | 49bb c0ff | ffff ffff | ffff 4d85 | d375 3bc4 
  0x000072ebe4252c18: c1f9 7ec3 | 49ba ffff | ffff ffff | 0f00 4d23 | da49 ba00 | 0000 0000 | 0010 004d | 0bda c4c1 
  0x000072ebe4252c38: f97e c24d | 85d2 7d03 | 49f7 db49 | d3fb 4983 | c301 49d1 | fbe9 1e00 | 0000 c461 

  0x000072ebe4252c54: ;   {external_word}
  0x000072ebe4252c54: fb2c d84c | 3b1d 8255 | 8eff 7510 | 4883 ec08 | c5fb 1104 

  0x000072ebe4252c68: ;   {runtime_call Stub::d2l_fixup}
  0x000072ebe4252c68: 24e8 aa54 | 8eff 415b | c5f9 efc0 | c4c1 fa2a 

  0x000072ebe4252c78: ;   {section_word}
  0x000072ebe4252c78: c3c5 fa5e | 0d0f faff | ffc5 fa11 | 4c24 0ce9 | 22fd ffff | 85db 0f84 | a603 0000 | 448b 5b20 
  0x000072ebe4252c98: 8b7b 0c0f | 1f44 0000 | 85ed 0f84 | 000b 0000 | 488b f58b | 4c24 3845 | 8bc1 458b | cb33 db89 
  0x000072ebe4252cb8: 1c24 4489 

  0x000072ebe4252cbc: ;   {optimized virtual_call}
  0x000072ebe4252cbc: 5c24 08e8 

  0x000072ebe4252cc0: ; ImmutableOopMap {}
                      ;*invokevirtual fillLCDAlphaMask {reexecute=0 rethrow=0 return_oop=0}
                      ; - com.sun.prism.sw.SWGraphics::drawGlyph@184 (line 649)
  0x000072ebe4252cc0: 1c2a 93ff 

  0x000072ebe4252cc4: ;   {post_call_nop}
  0x000072ebe4252cc4: 0f1f 8400 | 3c07 0003 | e963 feff | ff44 8b42 | 2045 85c0 | 0f84 be03 | 0000 4d8b | c841 8b69 
  0x000072ebe4252ce4: 0c44 8b5c | 2448 443b | dd0f 8dad | 0b00 0044 | 3bdd 0f83 | d00a 0000 | 0f1f 4000 | 473b 6499 
  0x000072ebe4252d04: 100f 84fa | 0400 0049 | 8be9 448b | 5d0c 448b | 5424 4866 | 0f1f 8400 | 0000 0000 | 453b d30f 
  0x000072ebe4252d24: 830f 0b00 | 0046 8b54 | 9510 e96b | faff ff4c | 8b54 2440 | 458b 5228 | 0f1f 4000 | 4585 d20f 
  0x000072ebe4252d44: 8473 0b00 | 00c5 f97e | d549 8bf2 | 488b 5424 

  0x000072ebe4252d54: ;   {optimized virtual_call}
  0x000072ebe4252d54: 4066 90e8 

  0x000072ebe4252d58: ; ImmutableOopMap {[16]=Oop [64]=Oop }
                      ;*invokevirtual initGlyph {reexecute=0 rethrow=0 return_oop=0}
                      ; - com.sun.javafx.font.freetype.FTGlyph::init@13 (line 56)
                      ; - com.sun.javafx.font.freetype.FTGlyph::getPixelData@1 (line 86)
                      ; - com.sun.prism.sw.SWGraphics::drawGlyph@98 (line 644)
  0x000072ebe4252d58: 8429 93ff 

  0x000072ebe4252d5c: ;   {post_call_nop}
  0x000072ebe4252d5c: 0f1f 8400 | d407 0004 | c5f9 6ed5 | e9d1 fcff | ff45 85d2 | 0f84 5a0b | 0000 4889 | 5424 3044 
  0x000072ebe4252d7c: 895c 2428 | 4489 4424 | 24c5 fa11 | 5424 2049 | 8bf2 488b 

  0x000072ebe4252d90: ;   {optimized virtual_call}
  0x000072ebe4252d90: 5424 40e8 

  0x000072ebe4252d94: ; ImmutableOopMap {[16]=Oop [36]=NarrowOop [48]=Oop [64]=Oop }
                      ;*invokevirtual initGlyph {reexecute=0 rethrow=0 return_oop=0}
                      ; - com.sun.javafx.font.freetype.FTGlyph::init@13 (line 56)
                      ; - com.sun.javafx.font.freetype.FTGlyph::getOriginX@1 (line 117)
                      ; - com.sun.prism.sw.SWGraphics::drawGlyph@112 (line 646)
  0x000072ebe4252d94: 4829 93ff 

  0x000072ebe4252d98: ;   {post_call_nop}
  0x000072ebe4252d98: 0f1f 8400 | 1008 0005 | 4c8b 5424 | 4041 036a | 1041 8b5a | 3045 8b52 | 2885 db0f | 84b3 0500 
  0x000072ebe4252db8: 00c5 fa10 | 5424 2044 | 8b44 2424 | 448b 5c24 | 2848 8b54 | 2430 e9aa | fcff ff45 | 85d2 0f84 
  0x000072ebe4252dd8: 080b 0000 | 4489 4c24 | 1c48 8954 | 2420 4489 | 5c24 1844 | 8944 240c | 498b f248 | 8b54 2440 
  0x000072ebe4252df8: ;   {optimized virtual_call}
  0x000072ebe4252df8: 6666 90e8 

  0x000072ebe4252dfc: ; ImmutableOopMap {rbp=NarrowOop [12]=NarrowOop [32]=Oop [64]=Oop }
                      ;*invokevirtual initGlyph {reexecute=0 rethrow=0 return_oop=0}
                      ; - com.sun.javafx.font.freetype.FTGlyph::init@13 (line 56)
                      ; - com.sun.javafx.font.freetype.FTGlyph::getWidth@1 (line 104)
                      ; - com.sun.prism.sw.SWGraphics::drawGlyph@202 (line 654)
  0x000072ebe4252dfc: e028 93ff 

  0x000072ebe4252e00: ;   {post_call_nop}
  0x000072ebe4252e00: 0f1f 8400 | 7808 0006 | 4c8b 5424 | 4041 8b5a | 3085 db0f | 84bb 0b00 | 0044 8b44 | 240c 448b 
  0x000072ebe4252e20: 5c24 1848 | 8b54 2420 | 448b 4c24 | 1ce9 8cfc | ffff 418b | 6a14 448b | 5508 660f | 1f44 0000 
  0x000072ebe4252e40: ;   {metadata('com/sun/javafx/font/LogicalFont')}
  0x000072ebe4252e40: 4181 fac0 | 7715 010f | 85c3 0a00 | 00c5 fa11 | 5424 30c5 | fa11 5c24 | 0c48 8bf5 

  0x000072ebe4252e5c: ;   {optimized virtual_call}
  0x000072ebe4252e5c: 33d2 90e8 

  0x000072ebe4252e60: ; ImmutableOopMap {[16]=Oop [64]=Oop [88]=Oop }
                      ;*invokeinterface getSlotResource {reexecute=0 rethrow=0 return_oop=1}
                      ; - com.sun.javafx.font.CompositeStrike::getStrikeSlot@16 (line 105)
                      ; - com.sun.javafx.font.CompositeStrike::getQuantizedPosition@2 (line 180)
                      ; - com.sun.prism.sw.SWGraphics::drawGlyph@87 (line 643)
  0x000072ebe4252e60: 7c28 93ff 

  0x000072ebe4252e64: ;   {post_call_nop}
  0x000072ebe4252e64: 0f1f 8400 | dc08 0007 | 4889 4424 | 184c 8b54 | 2458 c4c1 | 7a10 4a0c | c5fa 114c | 2434 418b 
  0x000072ebe4252e84: 6a18 488b 

  0x000072ebe4252e88: ;   {optimized virtual_call}
  0x000072ebe4252e88: 7424 58e8 

  0x000072ebe4252e8c: ; ImmutableOopMap {rbp=NarrowOop [16]=Oop [24]=Oop [64]=Oop [88]=Oop }
                      ;*invokevirtual getAAMode {reexecute=0 rethrow=0 return_oop=0}
                      ; - com.sun.javafx.font.CompositeStrike::getStrikeSlot@33 (line 107)
                      ; - com.sun.javafx.font.CompositeStrike::getQuantizedPosition@2 (line 180)
                      ; - com.sun.prism.sw.SWGraphics::drawGlyph@87 (line 643)
  0x000072ebe4252e8c: 5028 93ff 

  0x000072ebe4252e90: ;   {post_call_nop}
  0x000072ebe4252e90: 0f1f 8400 | 0809 0008 | 4c8b 5c24 | 1866 6690 

  0x000072ebe4252ea0: ; implicit exception: dispatches to 0x000072ebe4253c94
  0x000072ebe4252ea0: 458b 4308 

  0x000072ebe4252ea4: ;   {metadata('com/sun/javafx/font/freetype/FTFontFile')}
  0x000072ebe4252ea4: 4181 f848 | 6415 010f | 857f 0a00 | 0049 8bf3 | 488b d5c5 | fa10 4424 

  0x000072ebe4252ebc: ;   {optimized virtual_call}
  0x000072ebe4252ebc: 348b c8e8 

  0x000072ebe4252ec0: ; ImmutableOopMap {[16]=Oop [64]=Oop [88]=Oop }
                      ;*invokeinterface getStrike {reexecute=0 rethrow=0 return_oop=1}
                      ; - com.sun.javafx.font.CompositeStrike::getStrikeSlot@36 (line 106)
                      ; - com.sun.javafx.font.CompositeStrike::getQuantizedPosition@2 (line 180)
                      ; - com.sun.prism.sw.SWGraphics::drawGlyph@87 (line 643)
  0x000072ebe4252ec0: 1c28 93ff 

  0x000072ebe4252ec4: ;   {post_call_nop}
  0x000072ebe4252ec4: 0f1f 8400 | 3c09 0009 | 4c8b 4c24 | 584d 8d51 | 1c41 807f | 4800 0f85 | cd0e 0000 | 4c8b c045 
  0x000072ebe4252ee4: 8902 4d8b | da4c 33d8 | 49c1 eb14 | 0f84 2800 | 0000 4883 | f800 0f84 | 1e00 0000 | 4d8b da49 
  0x000072ebe4252f04: c1eb 0949 | b800 0005 | f9eb 7200 | 004d 03d8 | 4180 3b02 | 0f85 ea0e | 0000 6690 | 4885 c00f 
  0x000072ebe4252f24: 84cf 0900 | 00c5 fa10 | 5c24 0cc5 | fa10 5424 | 30e9 d2f9 | ffff 458b | 4308 6690 

  0x000072ebe4252f40: ;   {metadata('com/sun/javafx/font/LogicalFont')}
  0x000072ebe4252f40: 4181 f8c0 | 7715 010f | 850b 0a00 | 0049 8bf3 | 33d2 488b | 6c24 1048 | ff74 2458 | 488f 4424 
  0x000072ebe4252f60: ;   {optimized virtual_call}
  0x000072ebe4252f60: 1866 90e8 

  0x000072ebe4252f64: ; ImmutableOopMap {rbp=Oop [16]=Oop [24]=Oop [40]=Oop [88]=Oop [96]=Oop }
                      ;*invokeinterface getSlotResource {reexecute=0 rethrow=0 return_oop=1}
                      ; - com.sun.javafx.font.CompositeStrike::getStrikeSlot@16 (line 105)
                      ; - com.sun.javafx.font.CompositeStrike::getGlyph@12 (line 163)
                      ; - com.sun.prism.sw.SWGraphics::drawGlyph@8 (line 636)
  0x000072ebe4252f64: 7827 93ff 

  0x000072ebe4252f68: ;   {post_call_nop}
  0x000072ebe4252f68: 0f1f 8400 | e009 000a | 4889 4424 | 184c 8b54 | 2458 c4c1 | 7a10 4a0c | c5fa 114c | 2450 418b 
  0x000072ebe4252f88: 6a18 498b | f24c 8954 

  0x000072ebe4252f90: ;   {optimized virtual_call}
  0x000072ebe4252f90: 2448 90e8 

  0x000072ebe4252f94: ; ImmutableOopMap {rbp=NarrowOop [16]=Oop [24]=Oop [40]=Oop [72]=Oop [88]=Oop [96]=Oop }
                      ;*invokevirtual getAAMode {reexecute=0 rethrow=0 return_oop=0}
                      ; - com.sun.javafx.font.CompositeStrike::getStrikeSlot@33 (line 107)
                      ; - com.sun.javafx.font.CompositeStrike::getGlyph@12 (line 163)
                      ; - com.sun.prism.sw.SWGraphics::drawGlyph@8 (line 636)
  0x000072ebe4252f94: 4827 93ff 

  0x000072ebe4252f98: ;   {post_call_nop}
  0x000072ebe4252f98: 0f1f 8400 | 100a 000b | 4c8b 5424 | 1845 8b42 

  0x000072ebe4252fa8: ;   {metadata('com/sun/javafx/font/freetype/FTFontFile')}
  0x000072ebe4252fa8: 0841 81f8 | 4864 1501 | 0f85 f609 | 0000 498b | f248 8bd5 | c5fa 1044 | 2450 8bc8 | 488b 6c24 
  0x000072ebe4252fc8: 1048 ff74 | 2448 488f 

  0x000072ebe4252fd0: ;   {optimized virtual_call}
  0x000072ebe4252fd0: 4424 18e8 

  0x000072ebe4252fd4: ; ImmutableOopMap {rbp=Oop [16]=Oop [24]=Oop [40]=Oop [88]=Oop [96]=Oop }
                      ;*invokeinterface getStrike {reexecute=0 rethrow=0 return_oop=1}
                      ; - com.sun.javafx.font.CompositeStrike::getStrikeSlot@36 (line 106)
                      ; - com.sun.javafx.font.CompositeStrike::getGlyph@12 (line 163)
                      ; - com.sun.prism.sw.SWGraphics::drawGlyph@8 (line 636)
  0x000072ebe4252fd4: 0827 93ff 

  0x000072ebe4252fd8: ;   {post_call_nop}
  0x000072ebe4252fd8: 0f1f 8400 | 500a 000c | 4c8b d048 | 8b4c 2418 | 4c8d 411c | 4180 7f48 | 000f 856b | 0e00 004c 
  0x000072ebe4252ff8: 8bc8 4589 | 084d 8bd8 | 4c33 d849 | c1eb 140f | 8428 0000 | 0048 83f8 | 000f 841e | 0000 004d 
  0x000072ebe4253018: 8bd8 49c1 | eb09 49b9 | 0000 05f9 | eb72 0000 | 4d03 d941 | 803b 020f | 8594 0e00 | 00e9 64f7 
  0x000072ebe4253038: ffff 660f | 1f44 0000 | 4585 d20f | 84a3 0900 | 0044 894c | 2420 4889 | 5424 1844 | 8944 240c 
  0x000072ebe4253058: 498b f248 | 8b54 2440 

  0x000072ebe4253060: ;   {optimized virtual_call}
  0x000072ebe4253060: 6666 90e8 

  0x000072ebe4253064: ; ImmutableOopMap {rbp=NarrowOop [12]=NarrowOop [24]=Oop [64]=Oop }
                      ;*invokevirtual initGlyph {reexecute=0 rethrow=0 return_oop=0}
                      ; - com.sun.javafx.font.freetype.FTGlyph::init@13 (line 56)
                      ; - com.sun.javafx.font.freetype.FTGlyph::getWidth@1 (line 104)
                      ; - com.sun.prism.sw.SWGraphics::drawGlyph@164 (line 650)
  0x000072ebe4253064: 7826 93ff 

  0x000072ebe4253068: ;   {post_call_nop}
  0x000072ebe4253068: 0f1f 8400 | e00a 000d | 4c8b 5424 | 4041 8b5a | 300f 1f80 | 0000 0000 | 85db 0f84 | 0c0b 0000 
  0x000072ebe4253088: 448b 4424 | 0c48 8b54 | 2418 448b | 4c24 20e9 | f8fb ffff | 0f1f 4000 

  0x000072ebe42530a0: ; implicit exception: dispatches to 0x000072ebe4253cd8
  0x000072ebe42530a0: 458b 5308 

  0x000072ebe42530a4: ;   {metadata('com/sun/javafx/font/LogicalFont')}
  0x000072ebe42530a4: 4181 fac0 | 7715 010f | 85cf 0900 | 0049 8bf3 | 488b 6c24 | 1048 8954 | 2440 4889 

  0x000072ebe42530c0: ;   {optimized virtual_call}
  0x000072ebe42530c0: 5424 50e8 

  0x000072ebe42530c4: ; ImmutableOopMap {rbp=Oop [16]=Oop [40]=Oop [64]=Oop [80]=Oop [88]=Oop [96]=Oop }
                      ;*invokeinterface getNumSlots {reexecute=0 rethrow=0 return_oop=0}
                      ; - com.sun.javafx.font.CompositeStrike::getStrikeSlot@61 (line 112)
                      ; - com.sun.javafx.font.CompositeStrike::getGlyph@12 (line 163)
                      ; - com.sun.prism.sw.SWGraphics::drawGlyph@8 (line 636)
  0x000072ebe42530c4: 1826 93ff 

  0x000072ebe42530c8: ;   {post_call_nop}
  0x000072ebe42530c8: 0f1f 8400 | 400b 000e | 3d00 0004 | 000f 8771 | 0700 004d | 8b8f c801 | 0000 448b | d04d 63d2 
  0x000072ebe42530e8: 4a8d 0c95 | 1700 0000 | 4c8b d149 | 83e2 f84d | 8bd9 4d03 | da66 6690 | 4d3b 9fd8 | 0100 000f 
  0x000072ebe4253108: 833f 0700 | 004d 899f | c801 0000 | 498b f948 | 83c7 1049 | c701 0100 | 0000 410f | 0d8b c000 
  0x000072ebe4253128: ;   {metadata('com/sun/javafx/font/FontStrike'[])}
  0x000072ebe4253128: 0000 41c7 | 4108 f032 | 2501 4189 | 410c 410f | 0d8b 0001 | 0000 410f | 0d8b 4001 | 0000 410f 
  0x000072ebe4253148: 0d8b 8001 | 0000 48c1 | e903 4883 | c1fe 4833 | c048 83f9 | 087f 1048 | ffc9 784f | 4889 04cf 
  0x000072ebe4253168: 48ff c97d | f7eb 44c5 | fdef c0e9 | 0d00 0000 | c5fe 7f07 | c5fe 7f47 | 2048 83c7 | 4048 83e9 
  0x000072ebe4253188: 087d ed48 | 83c1 047c | 0cc5 fe7f | 0748 83c7 | 2048 83e9 | 0448 83c1 | 047e 1048 | ffc9 c5f9 
  0x000072ebe42531a8: d607 4883 | c708 48ff | c97d f348 | 8b4c 2440 | 4c8d 5120 | 4180 7f48 | 000f 855c | 0d00 004d 
  0x000072ebe42531c8: 8bc1 4589 | 024d 8bda | 4d33 d949 | c1eb 140f | 841e 0000 | 004d 8bda | 49c1 eb09 | 49b8 0000 
  0x000072ebe42531e8: 05f9 eb72 | 0000 4d03 | d841 803b | 020f 8583 | 0d00 000f | 1f44 0000 | e9dc faff | ff4c 8b54 
  0x000072ebe4253208: 2458 418b | 6a14 448b 

  0x000072ebe4253210: ;   {metadata('com/sun/javafx/font/LogicalFont')}
  0x000072ebe4253210: 5508 4181 | fac0 7715 | 010f 85c5 | 0800 0048 | 8bf5 418b | d348 8b6c | 2410 48ff | 7424 5848 
  0x000072ebe4253230: 8f44 2418 

  0x000072ebe4253234: ;   {optimized virtual_call}
  0x000072ebe4253234: 6666 90e8 

  0x000072ebe4253238: ; ImmutableOopMap {rbp=Oop [16]=Oop [24]=Oop [40]=Oop [88]=Oop [96]=Oop }
                      ;*invokeinterface getSlotResource {reexecute=0 rethrow=0 return_oop=1}
                      ; - com.sun.javafx.font.CompositeStrike::getStrikeSlot@128 (line 121)
                      ; - com.sun.javafx.font.CompositeStrike::getGlyph@12 (line 163)
                      ; - com.sun.prism.sw.SWGraphics::drawGlyph@8 (line 636)
  0x000072ebe4253238: a424 93ff 

  0x000072ebe425323c: ;   {post_call_nop}
  0x000072ebe425323c: 0f1f 8400 | b40c 000f | 48ff 7424 | 6048 8f44 | 2420 4889 | 4424 184c | 8b54 2458 | 458b 5220 
  0x000072ebe425325c: 4489 5424 | 504c 8b54 | 2458 c4c1 | 7a10 4a0c | c5fa 114c | 2454 418b | 6a18 4c89 | 5424 4049 
  0x000072ebe425327c: ;   {optimized virtual_call}
  0x000072ebe425327c: 8bf2 90e8 

  0x000072ebe4253280: ; ImmutableOopMap {rbp=NarrowOop [16]=Oop [24]=Oop [32]=Oop [40]=Oop [64]=Oop [80]=NarrowOop [88]=Oop }
                      ;*invokevirtual getAAMode {reexecute=0 rethrow=0 return_oop=0}
                      ; - com.sun.javafx.font.CompositeStrike::getStrikeSlot@149 (line 123)
                      ; - com.sun.javafx.font.CompositeStrike::getGlyph@12 (line 163)
                      ; - com.sun.prism.sw.SWGraphics::drawGlyph@8 (line 636)
  0x000072ebe4253280: 5c24 93ff 

  0x000072ebe4253284: ;   {post_call_nop}
  0x000072ebe4253284: 0f1f 8400 | fc0c 0010 | 4c8b 5c24 | 1845 8b43 | 0866 6666 | 0f1f 8400 | 0000 0000 

  0x000072ebe42532a0: ;   {metadata('com/sun/javafx/font/freetype/FTFontFile')}
  0x000072ebe42532a0: 4181 f848 | 6415 010f | 8553 0800 | 0049 8bf3 | 488b d5c5 | fa10 4424 | 548b c848 | 8b6c 2410 
  0x000072ebe42532c0: ;   {optimized virtual_call}
  0x000072ebe42532c0: 6666 90e8 

  0x000072ebe42532c4: ; ImmutableOopMap {rbp=Oop [16]=Oop [32]=Oop [40]=Oop [64]=Oop [80]=NarrowOop [88]=Oop }
                      ;*invokeinterface getStrike {reexecute=0 rethrow=0 return_oop=1}
                      ; - com.sun.javafx.font.CompositeStrike::getStrikeSlot@152 (line 122)
                      ; - com.sun.javafx.font.CompositeStrike::getGlyph@12 (line 163)
                      ; - com.sun.prism.sw.SWGraphics::drawGlyph@8 (line 636)
  0x000072ebe42532c4: 1824 93ff 

  0x000072ebe42532c8: ;   {post_call_nop}
  0x000072ebe42532c8: 0f1f 8400 | 400d 0011 | 448b 4c24 | 5045 8b51 | 0c44 8b5c | 2448 6690 | 453b da0f | 8317 0700 
  0x000072ebe42532e8: 0045 8b59 

  0x000072ebe42532ec: ;   {metadata('java/lang/Object'[])}
  0x000072ebe42532ec: 0841 81fb | a82d 1700 | 0f85 2208 | 0000 4c8b | 5424 4041 | 8b6a 208b | 7c24 4849 | 8d4c b910 
  0x000072ebe425330c: 4180 7f48 | 000f 85c1 | 0c00 004c | 8bd8 4489 | 194c 8bd1 | 4c33 d049 | c1ea 140f | 8428 0000 
  0x000072ebe425332c: 0048 83f8 | 000f 841e | 0000 004c | 8bd1 49c1 | ea09 49bb | 0000 05f9 | eb72 0000 | 4d03 d341 
  0x000072ebe425334c: 803a 020f | 85ea 0c00 | 0085 ed0f | 840f 0700 | 0048 ff74 | 2420 488f | 4424 60e9 | a2f9 ffff 
  0x000072ebe425336c: 4585 d20f | 843f 0800 | 0049 8bf2 | 488b 5424 

  0x000072ebe425337c: ;   {optimized virtual_call}
  0x000072ebe425337c: 4066 90e8 

  0x000072ebe4253380: ; ImmutableOopMap {[16]=Oop [36]=NarrowOop [48]=Oop [64]=Oop }
                      ;*invokevirtual initGlyph {reexecute=0 rethrow=0 return_oop=0}
                      ; - com.sun.javafx.font.freetype.FTGlyph::init@13 (line 56)
                      ; - com.sun.javafx.font.freetype.FTGlyph::getOriginY@1 (line 123)
                      ; - com.sun.prism.sw.SWGraphics::drawGlyph@128 (line 647)
  0x000072ebe4253380: 5c23 93ff 

  0x000072ebe4253384: ;   {post_call_nop}
  0x000072ebe4253384: 0f1f 8400 | fc0d 0012 | 4c8b 5424 | 4045 8b52 | 284c 8b5c | 2440 418b | 5b30 896c | 2438 c5fa 
  0x000072ebe42533a4: 1054 2420 | 448b 4424 | 2444 8b5c | 2428 488b | 5424 30e9 | c5f6 ffff | bee4 ffff | ff48 8b6c 
  0x000072ebe42533c4: 2410 4c8b | 4424 284c | 8944 2420 | 897c 2428 | c5fa 1144 | 242c c5fa | 114c 2430 | 4889 5424 
  0x000072ebe42533e4: 3844 8954 | 2434 4489 

  0x000072ebe42533ec: ;   {runtime_call UncommonTrapBlob}
  0x000072ebe42533ec: 5c24 40e8 

  0x000072ebe42533f0: ; ImmutableOopMap {rbp=Oop [32]=Oop [52]=NarrowOop [56]=Oop [96]=Oop }
                      ;*iaload {reexecute=0 rethrow=0 return_oop=0}
                      ; - com.sun.javafx.text.TextRun::getGlyphCode@34 (line 309)
                      ; - com.sun.prism.sw.SWGraphics::drawGlyph@3 (line 636)
  0x000072ebe42533f0: 6cf9 96ff 

  0x000072ebe42533f4: ;   {post_call_nop}
  0x000072ebe42533f4: 0f1f 8400 | 6c0e 0013 | bede ffff | ff48 8b6c | 2410 4c89 | 4c24 2089 | 7c24 28c5 | fa11 4424 
  0x000072ebe4253414: 2cc5 fa11 | 4c24 3048 | 8954 2438 | 4889 4c24 

  0x000072ebe4253424: ;   {runtime_call UncommonTrapBlob}
  0x000072ebe4253424: 4066 90e8 

  0x000072ebe4253428: ; ImmutableOopMap {rbp=Oop [32]=Oop [56]=Oop [64]=Oop }
                      ;*invokeinterface getGlyphCode {reexecute=0 rethrow=0 return_oop=0}
                      ; - com.sun.prism.sw.SWGraphics::drawGlyph@3 (line 636)
  0x000072ebe4253428: 34f9 96ff 

  0x000072ebe425342c: ;   {post_call_nop}
  0x000072ebe425342c: 0f1f 8400 | a40e 0014 | bede ffff | ff48 8b6c | 2410 4c8b | 5c24 284c | 895c 2420 | 897c 2428 
  0x000072ebe425344c: c5fa 1144 | 242c c5fa | 114c 2430 | 4889 5424 | 3844 8954 

  0x000072ebe4253460: ;   {runtime_call UncommonTrapBlob}
  0x000072ebe4253460: 2434 90e8 

  0x000072ebe4253464: ; ImmutableOopMap {rbp=Oop [32]=Oop [56]=Oop [96]=Oop }
                      ;*invokeinterface getGlyph {reexecute=0 rethrow=0 return_oop=0}
                      ; - com.sun.prism.sw.SWGraphics::drawGlyph@8 (line 636)
  0x000072ebe4253464: f8f8 96ff 

  0x000072ebe4253468: ;   {post_call_nop}
  0x000072ebe4253468: 0f1f 8400 | e00e 0015 | bede ffff | ff48 8b6c | 2410 4c8b | 5c24 284c | 895c 2420 | 448b 5c24 
  0x000072ebe4253488: 3044 895c | 2428 c5fa | 104c 2434 | c5fa 114c | 242c c5fa | 1044 2438 | c5fa 1144 | 2430 4489 
  0x000072ebe42534a8: ;   {runtime_call UncommonTrapBlob}
  0x000072ebe42534a8: 5424 34e8 

  0x000072ebe42534ac: ; ImmutableOopMap {rbp=Oop [32]=Oop [52]=NarrowOop [88]=Oop [96]=Oop }
                      ;*invokeinterface getGlyph {reexecute=0 rethrow=0 return_oop=0}
                      ; - com.sun.javafx.font.CompositeStrike::getGlyph@16 (line 163)
                      ; - com.sun.prism.sw.SWGraphics::drawGlyph@8 (line 636)
  0x000072ebe42534ac: b0f8 96ff 

  0x000072ebe42534b0: ;   {post_call_nop}
  0x000072ebe42534b0: 0f1f 8400 | 280f 0016 | bede ffff | ff48 8b6c | 2410 4c8b | 5424 284c | 8954 2420 | 448b 5c24 
  0x000072ebe42534d0: 3044 895c | 2428 c5fa | 104c 2438 | c5fa 114c | 2430 4889 

  0x000072ebe42534e4: ;   {runtime_call UncommonTrapBlob}
  0x000072ebe42534e4: 4424 40e8 

  0x000072ebe42534e8: ; ImmutableOopMap {rbp=Oop [32]=Oop [64]=Oop [88]=Oop [96]=Oop }
                      ;*invokeinterface getGlyphCode {reexecute=0 rethrow=0 return_oop=0}
                      ; - com.sun.prism.sw.SWGraphics::drawGlyph@17 (line 637)
  0x000072ebe42534e8: 74f8 96ff 

  0x000072ebe42534ec: ;   {post_call_nop}
  0x000072ebe42534ec: 0f1f 8400 | 640f 0017 | bede ffff | ff48 8b6c | 2410 c5fb | 1144 2430 | 4489 4424 

  0x000072ebe4253508: ;   {runtime_call UncommonTrapBlob}
  0x000072ebe4253508: 2466 90e8 

  0x000072ebe425350c: ; ImmutableOopMap {rbp=Oop [36]=NarrowOop [64]=Oop [88]=Oop [96]=Oop }
                      ;*invokevirtual getMxt {reexecute=0 rethrow=0 return_oop=0}
                      ; - com.sun.prism.sw.SWGraphics::drawGlyph@44 (line 641)
  0x000072ebe425350c: 50f8 96ff 

  0x000072ebe4253510: ;   {post_call_nop}
  0x000072ebe4253510: 0f1f 8400 | 880f 0018 | bede ffff | ff48 8b6c | 2410 4889 | 4424 18c5 | fa11 5c24 | 0cc5 fa11 
  0x000072ebe4253530: ;   {runtime_call UncommonTrapBlob}
  0x000072ebe4253530: 5424 20e8 

  0x000072ebe4253534: ; ImmutableOopMap {rbp=Oop [24]=Oop [64]=Oop }
                      ;*invokeinterface getQuantizedPosition {reexecute=0 rethrow=0 return_oop=0}
                      ; - com.sun.javafx.font.CompositeStrike::getQuantizedPosition@6 (line 180)
                      ; - com.sun.prism.sw.SWGraphics::drawGlyph@87 (line 643)
  0x000072ebe4253534: 28f8 96ff 

  0x000072ebe4253538: ;   {post_call_nop}
  0x000072ebe4253538: 0f1f 8400 | b00f 0019 | bef6 ffff | ff41 8be8 | 4489 4c24 | 1089 7c24 | 1844 8954 

  0x000072ebe4253554: ;   {runtime_call UncommonTrapBlob}
  0x000072ebe4253554: 241c 90e8 

  0x000072ebe4253558: ; ImmutableOopMap {rbp=NarrowOop }
                      ;*invokevirtual fillAlphaMask {reexecute=0 rethrow=0 return_oop=0}
                      ; - com.sun.prism.sw.SWGraphics::drawGlyph@222 (line 653)
  0x000072ebe4253558: 04f8 96ff 

  0x000072ebe425355c: ;   {post_call_nop}
  0x000072ebe425355c: 0f1f 8400 | d40f 001a | bee4 ffff | ff48 8b6c | 2410 c5fa | 105c 2438 | c5fa 115c | 2420 4889 
  0x000072ebe425357c: 4424 28c5 | fb11 4424 | 30c5 fa11 | 4c24 4044 | 895c 2444 | 4489 4424 

  0x000072ebe4253594: ;   {runtime_call UncommonTrapBlob}
  0x000072ebe4253594: 4866 90e8 

  0x000072ebe4253598: ; ImmutableOopMap {rbp=Oop [40]=Oop [68]=NarrowOop [88]=Oop [96]=Oop }
                      ;*faload {reexecute=0 rethrow=0 return_oop=0}
                      ; - com.sun.javafx.text.TextRun::getPosX@65 (line 326)
                      ; - com.sun.prism.sw.SWGraphics::drawGlyph@50 (line 641)
  0x000072ebe4253598: c4f7 96ff 

  0x000072ebe425359c: ;   {post_call_nop}
  0x000072ebe425359c: 0f1f 8400 | 1410 001b | be45 ffff | ff48 8b6c | 2410 4c89 | 4c24 2089 | 7c24 28c5 | fa11 4424 
  0x000072ebe42535bc: 2cc5 fa11 | 4c24 3048 | 8954 2438 | 4889 4c24 

  0x000072ebe42535cc: ;   {runtime_call UncommonTrapBlob}
  0x000072ebe42535cc: 4066 90e8 

  0x000072ebe42535d0: ; ImmutableOopMap {rbp=Oop [32]=Oop [56]=Oop [64]=Oop [96]=Oop }
                      ;*if_icmpgt {reexecute=1 rethrow=0 return_oop=0}
                      ; - (reexecute) com.sun.javafx.text.TextRun::getGlyphCode@2 (line 307)
                      ; - com.sun.prism.sw.SWGraphics::drawGlyph@3 (line 636)
  0x000072ebe42535d0: 8cf7 96ff 

  0x000072ebe42535d4: ;   {post_call_nop}
  0x000072ebe42535d4: 0f1f 8400 | 4c10 001c | be45 ffff | ff48 8b6c | 2410 4c89 | 4c24 2089 | 7c24 28c5 | fa11 4424 
  0x000072ebe42535f4: 2cc5 fa11 | 4c24 3048 | 8954 2438 | 4489 5424 

  0x000072ebe4253604: ;   {runtime_call UncommonTrapBlob}
  0x000072ebe4253604: 4066 90e8 

  0x000072ebe4253608: ; ImmutableOopMap {rbp=Oop [32]=Oop [56]=Oop [96]=Oop }
                      ;*if_icmpge {reexecute=1 rethrow=0 return_oop=0}
                      ; - (reexecute) com.sun.javafx.text.TextRun::getGlyphCode@10 (line 307)
                      ; - com.sun.prism.sw.SWGraphics::drawGlyph@3 (line 636)
  0x000072ebe4253608: 54f7 96ff 

  0x000072ebe425360c: ;   {post_call_nop}
  0x000072ebe425360c: 0f1f 8400 | 8410 001d | be45 ffff | ff48 8b6c | 2410 4c89 | 4c24 2089 | 7c24 28c5 | fa11 4424 
  0x000072ebe425362c: 2cc5 fa11 | 4c24 3048 | 8954 2438 | 4889 4c24 | 4044 8954 

  0x000072ebe4253640: ;   {runtime_call UncommonTrapBlob}
  0x000072ebe4253640: 2448 90e8 

  0x000072ebe4253644: ; ImmutableOopMap {rbp=Oop [32]=Oop [56]=Oop [64]=Oop [96]=Oop }
                      ;*ifeq {reexecute=1 rethrow=0 return_oop=0}
                      ; - (reexecute) com.sun.javafx.text.TextRun::getGlyphCode@21 (line 308)
                      ; - com.sun.prism.sw.SWGraphics::drawGlyph@3 (line 636)
  0x000072ebe4253644: 18f7 96ff 

  0x000072ebe4253648: ;   {post_call_nop}
  0x000072ebe4253648: 0f1f 8400 | c010 001e | be45 ffff | ff41 8beb 

  0x000072ebe4253658: ;   {runtime_call UncommonTrapBlob}
  0x000072ebe4253658: 6666 90e8 

  0x000072ebe425365c: ; ImmutableOopMap {}
                      ;*if_icmpne {reexecute=1 rethrow=0 return_oop=0}
                      ; - (reexecute) com.sun.prism.sw.SWGraphics::drawGlyph@24 (line 637)
  0x000072ebe425365c: 00f7 96ff 

  0x000072ebe4253660: ;   {post_call_nop}
  0x000072ebe4253660: 0f1f 8400 | d810 001f | be45 ffff | ff48 8b6c | 2410 4c8b | 5424 284c | 8954 2418 

  0x000072ebe425367c: ;   {runtime_call UncommonTrapBlob}
  0x000072ebe425367c: 6666 90e8 

  0x000072ebe4253680: ; ImmutableOopMap {rbp=Oop [24]=Oop [64]=Oop [96]=Oop }
                      ;*ifeq {reexecute=1 rethrow=0 return_oop=0}
                      ; - (reexecute) com.sun.prism.sw.SWGraphics::drawGlyph@30 (line 640)
  0x000072ebe4253680: dcf6 96ff 

  0x000072ebe4253684: ;   {post_call_nop}
  0x000072ebe4253684: 0f1f 8400 | fc10 0020 | be45 ffff | ff48 8b6c | 2410 c5fa | 104c 2438 | c5fa 114c | 2420 4889 
  0x000072ebe42536a4: 4424 28c5 | fb11 4424 | 3044 8954 

  0x000072ebe42536b0: ;   {runtime_call UncommonTrapBlob}
  0x000072ebe42536b0: 2444 90e8 

  0x000072ebe42536b4: ; ImmutableOopMap {rbp=Oop [40]=Oop [88]=Oop [96]=Oop }
                      ;*if_icmpgt {reexecute=1 rethrow=0 return_oop=0}
                      ; - (reexecute) com.sun.javafx.text.TextRun::getPosX@10 (line 320)
                      ; - com.sun.prism.sw.SWGraphics::drawGlyph@50 (line 641)
  0x000072ebe42536b4: a8f6 96ff 

  0x000072ebe42536b8: ;   {post_call_nop}
  0x000072ebe42536b8: 0f1f 8400 | 3011 0021 | be45 ffff | ff48 8b6c | 2410 c5fa | 1054 2438 | c5fa 1154 | 2420 4889 
  0x000072ebe42536d8: 4424 28c5 | fb11 4424 | 3044 8954 

  0x000072ebe42536e4: ;   {runtime_call UncommonTrapBlob}
  0x000072ebe42536e4: 2440 90e8 

  0x000072ebe42536e8: ; ImmutableOopMap {rbp=Oop [40]=Oop [88]=Oop [96]=Oop }
                      ;*ifeq {reexecute=1 rethrow=0 return_oop=0}
                      ; - (reexecute) com.sun.javafx.text.TextRun::getPosX@21 (line 321)
                      ; - com.sun.prism.sw.SWGraphics::drawGlyph@50 (line 641)
  0x000072ebe42536e8: 74f6 96ff 

  0x000072ebe42536ec: ;   {post_call_nop}
  0x000072ebe42536ec: 0f1f 8400 | 6411 0022 | be45 ffff | ff44 8944 | 240c 4489 | 4c24 1444 | 8954 2420 | 4489 5424 
  0x000072ebe425370c: 2489 7c24 | 2844 895c 

  0x000072ebe4253714: ;   {runtime_call UncommonTrapBlob}
  0x000072ebe4253714: 2430 90e8 

  0x000072ebe4253718: ; ImmutableOopMap {rbp=NarrowOop [12]=NarrowOop }
                      ;*ifge {reexecute=1 rethrow=0 return_oop=0}
                      ; - (reexecute) com.sun.pisces.PiscesRenderer::inputImageCheck@1 (line 415)
                      ; - com.sun.pisces.PiscesRenderer::fillAlphaMask@25 (line 365)
                      ; - com.sun.prism.sw.SWGraphics::drawGlyph@222 (line 653)
  0x000072ebe4253718: 44f6 96ff 

  0x000072ebe425371c: ;   {post_call_nop}
  0x000072ebe425371c: 0f1f 8400 | 9411 0023 | be45 ffff | ff44 8944 | 240c 4489 | 4c24 1444 | 8954 2420 | 897c 2424 
  0x000072ebe425373c: ;   {runtime_call UncommonTrapBlob}
  0x000072ebe425373c: 6666 90e8 

  0x000072ebe4253740: ; ImmutableOopMap {rbp=NarrowOop [12]=NarrowOop }
                      ;*ifge {reexecute=1 rethrow=0 return_oop=0}
                      ; - (reexecute) com.sun.pisces.PiscesRenderer::inputImageCheck@15 (line 418)
                      ; - com.sun.pisces.PiscesRenderer::fillAlphaMask@25 (line 365)
                      ; - com.sun.prism.sw.SWGraphics::drawGlyph@222 (line 653)
  0x000072ebe4253740: 1cf6 96ff 

  0x000072ebe4253744: ;   {post_call_nop}
  0x000072ebe4253744: 0f1f 8400 | bc11 0024 | be45 ffff | ff44 8944 | 240c 4489 | 4c24 1489 | 7c24 1c44 | 8954 2420 
  0x000072ebe4253764: 895c 2424 

  0x000072ebe4253768: ;   {runtime_call UncommonTrapBlob}
  0x000072ebe4253768: 6666 90e8 

  0x000072ebe425376c: ; ImmutableOopMap {rbp=NarrowOop [12]=NarrowOop }
                      ;*if_icmple {reexecute=1 rethrow=0 return_oop=0}
                      ; - (reexecute) com.sun.pisces.PiscesRenderer::inputImageCheck@95 (line 431)
                      ; - com.sun.pisces.PiscesRenderer::fillAlphaMask@25 (line 365)
                      ; - com.sun.prism.sw.SWGraphics::drawGlyph@222 (line 653)
  0x000072ebe425376c: f0f5 96ff 

  0x000072ebe4253770: ;   {post_call_nop}
  0x000072ebe4253770: 0f1f 8400 | e811 0025 | be45 ffff | ff44 8944 | 240c 4489 | 4c24 1489 | 7c24 1c44 | 8954 2420 
  0x000072ebe4253790: 895c 2424 | 4489 5c24 

  0x000072ebe4253798: ;   {runtime_call UncommonTrapBlob}
  0x000072ebe4253798: 2866 90e8 

  0x000072ebe425379c: ; ImmutableOopMap {rbp=NarrowOop [12]=NarrowOop }
                      ;*if_icmple {reexecute=1 rethrow=0 return_oop=0}
                      ; - (reexecute) com.sun.pisces.PiscesRenderer::inputImageCheck@120 (line 434)
                      ; - com.sun.pisces.PiscesRenderer::fillAlphaMask@25 (line 365)
                      ; - com.sun.prism.sw.SWGraphics::drawGlyph@222 (line 653)
  0x000072ebe425379c: c0f5 96ff 

  0x000072ebe42537a0: ;   {post_call_nop}
  0x000072ebe42537a0: 0f1f 8400 | 1812 0026 | bef6 ffff | ff41 8be8 | 4489 4c24 | 1089 7c24 | 1844 895c 

  0x000072ebe42537bc: ;   {runtime_call UncommonTrapBlob}
  0x000072ebe42537bc: 241c 90e8 

  0x000072ebe42537c0: ; ImmutableOopMap {rbp=NarrowOop }
                      ;*invokevirtual fillLCDAlphaMask {reexecute=0 rethrow=0 return_oop=0}
                      ; - com.sun.prism.sw.SWGraphics::drawGlyph@184 (line 649)
  0x000072ebe42537c0: 9cf5 96ff 

  0x000072ebe42537c4: ;   {post_call_nop}
  0x000072ebe42537c4: 0f1f 8400 | 3c12 0027 | bee4 ffff | ff48 8b6c | 2410 48ff | 7424 5848 | 8f44 2410 | 4c8b 5424 
  0x000072ebe42537e4: 284c 8954 | 2420 448b | 5424 3044 | 8954 2428 | c5fa 104c | 2434 c5fa | 114c 242c | c5fa 1044 
  0x000072ebe4253804: 2438 c5fa | 1144 2430 | 4889 4424 | f88b 4424 | 3c89 4424 | 3448 8b44 | 24f8 4489 | 5c24 444c 
  0x000072ebe4253824: 894c 2448 

  0x000072ebe4253828: ;   {runtime_call UncommonTrapBlob}
  0x000072ebe4253828: 6666 90e8 

  0x000072ebe425382c: ; ImmutableOopMap {rbp=Oop [16]=Oop [32]=Oop [72]=Oop [96]=Oop }
                      ;*aaload {reexecute=0 rethrow=0 return_oop=0}
                      ; - com.sun.javafx.font.CompositeStrike::getStrikeSlot@119 (line 120)
                      ; - com.sun.javafx.font.CompositeStrike::getGlyph@12 (line 163)
                      ; - com.sun.prism.sw.SWGraphics::drawGlyph@8 (line 636)
  0x000072ebe425382c: 30f5 96ff 

  0x000072ebe4253830: ;   {post_call_nop}
  0x000072ebe4253830: 0f1f 8400 | a812 0028 | bee4 ffff 

  0x000072ebe425383c: ;   {runtime_call UncommonTrapBlob}
  0x000072ebe425383c: ff66 90e8 

  0x000072ebe4253840: ; ImmutableOopMap {rbp=NarrowOop [16]=Oop [40]=Oop [88]=Oop [96]=Oop }
                      ;*aaload {reexecute=0 rethrow=0 return_oop=0}
                      ; - com.sun.javafx.font.CompositeStrike::getStrikeSlot@163 (line 125)
                      ; - com.sun.javafx.font.CompositeStrike::getGlyph@12 (line 163)
                      ; - com.sun.prism.sw.SWGraphics::drawGlyph@8 (line 636)
  0x000072ebe4253840: 1cf5 96ff 

  0x000072ebe4253844: ;   {post_call_nop}
  0x000072ebe4253844: 0f1f 8400 | bc12 0029 

  0x000072ebe425384c: ;   {metadata('com/sun/javafx/font/FontStrike'[])}
  0x000072ebe425384c: 48be f032 | 2524 0000 | 0000 8bd0 

  0x000072ebe4253858: ;   {runtime_call C2 Runtime new_array}
  0x000072ebe4253858: 6666 90e8 

  0x000072ebe425385c: ; ImmutableOopMap {rbp=Oop [16]=Oop [40]=Oop [64]=Oop [88]=Oop [96]=Oop }
                      ;*anewarray {reexecute=0 rethrow=0 return_oop=1}
                      ; - com.sun.javafx.font.CompositeStrike::getStrikeSlot@66 (line 112)
                      ; - com.sun.javafx.font.CompositeStrike::getGlyph@12 (line 163)
                      ; - com.sun.prism.sw.SWGraphics::drawGlyph@8 (line 636)
  0x000072ebe425385c: 00ef 96ff 

  0x000072ebe4253860: ;   {post_call_nop}
  0x000072ebe4253860: 0f1f 8400 | d812 002a | 4c8b c8e9 | 43f9 ffff | be6e ffff | ff48 8b6c | 2410 c5fa | 1054 2438 
  0x000072ebe4253880: c5fa 1154 | 2420 4889 | 4424 28c5 | fb11 4424 

  0x000072ebe4253890: ;   {runtime_call UncommonTrapBlob}
  0x000072ebe4253890: 3066 90e8 

  0x000072ebe4253894: ; ImmutableOopMap {rbp=Oop [40]=Oop [88]=Oop [96]=Oop }
                      ;*if_icmpge {reexecute=1 rethrow=0 return_oop=0}
                      ; - (reexecute) com.sun.javafx.text.TextRun::getPosX@75 (line 328)
                      ; - com.sun.prism.sw.SWGraphics::drawGlyph@50 (line 641)
  0x000072ebe4253894: c8f4 96ff 

  0x000072ebe4253898: ;   {post_call_nop}
  0x000072ebe4253898: 0f1f 8400 | 1013 002b | be45 ffff | ff48 ff74 | 2458 488f 

  0x000072ebe42538ac: ;   {runtime_call UncommonTrapBlob}
  0x000072ebe42538ac: 4424 18e8 

  0x000072ebe42538b0: ; ImmutableOopMap {[16]=Oop [24]=Oop [40]=Oop [96]=Oop }
                      ;*if_icmplt {reexecute=1 rethrow=0 return_oop=0}
                      ; - (reexecute) com.sun.javafx.font.CompositeStrike::getStrikeSlot@78 (line 115)
                      ; - com.sun.javafx.font.CompositeStrike::getGlyph@12 (line 163)
                      ; - com.sun.prism.sw.SWGraphics::drawGlyph@8 (line 636)
  0x000072ebe42538b0: acf4 96ff 

  0x000072ebe42538b4: ;   {post_call_nop}
  0x000072ebe42538b4: 0f1f 8400 | 2c13 002c | bef6 ffff 

  0x000072ebe42538c0: ;   {runtime_call UncommonTrapBlob}
  0x000072ebe42538c0: ff66 90e8 

  0x000072ebe42538c4: ; ImmutableOopMap {[64]=Oop }
                      ;*invokevirtual initGlyph {reexecute=0 rethrow=0 return_oop=0}
                      ; - com.sun.javafx.font.freetype.FTGlyph::init@13 (line 56)
                      ; - com.sun.javafx.font.freetype.FTGlyph::getPixelData@1 (line 86)
                      ; - com.sun.prism.sw.SWGraphics::drawGlyph@98 (line 644)
  0x000072ebe42538c4: 98f4 96ff 

  0x000072ebe42538c8: ;   {post_call_nop}
  0x000072ebe42538c8: 0f1f 8400 | 4013 002d | bef6 ffff 

  0x000072ebe42538d4: ;   {runtime_call UncommonTrapBlob}
  0x000072ebe42538d4: ff66 90e8 

  0x000072ebe42538d8: ; ImmutableOopMap {[64]=Oop }
                      ;*invokevirtual initGlyph {reexecute=0 rethrow=0 return_oop=0}
                      ; - com.sun.javafx.font.freetype.FTGlyph::init@13 (line 56)
                      ; - com.sun.javafx.font.freetype.FTGlyph::getOriginX@1 (line 117)
                      ; - com.sun.prism.sw.SWGraphics::drawGlyph@112 (line 646)
  0x000072ebe42538d8: 84f4 96ff 

  0x000072ebe42538dc: ;   {post_call_nop}
  0x000072ebe42538dc: 0f1f 8400 | 5413 002e | bef6 ffff 

  0x000072ebe42538e8: ;   {runtime_call UncommonTrapBlob}
  0x000072ebe42538e8: ff66 90e8 

  0x000072ebe42538ec: ; ImmutableOopMap {[64]=Oop }
                      ;*invokevirtual initGlyph {reexecute=0 rethrow=0 return_oop=0}
                      ; - com.sun.javafx.font.freetype.FTGlyph::init@13 (line 56)
                      ; - com.sun.javafx.font.freetype.FTGlyph::getWidth@1 (line 104)
                      ; - com.sun.prism.sw.SWGraphics::drawGlyph@202 (line 654)
  0x000072ebe42538ec: 70f4 96ff 

  0x000072ebe42538f0: ;   {post_call_nop}
  0x000072ebe42538f0: 0f1f 8400 | 6813 002f | bef6 ffff | ff8b 6c24 

  0x000072ebe4253900: ;   {runtime_call UncommonTrapBlob}
  0x000072ebe4253900: 0c66 90e8 

  0x000072ebe4253904: ; ImmutableOopMap {}
                      ;*invokeinterface getQuantizedPosition {reexecute=0 rethrow=0 return_oop=0}
                      ; - com.sun.javafx.font.CompositeStrike::getQuantizedPosition@6 (line 180)
                      ; - com.sun.prism.sw.SWGraphics::drawGlyph@87 (line 643)
  0x000072ebe4253904: 58f4 96ff 

  0x000072ebe4253908: ;   {post_call_nop}
  0x000072ebe4253908: 0f1f 8400 | 8013 0030 | bede ffff | ffc5 fa11 | 5c24 0cc5 | fa11 5424 

  0x000072ebe4253920: ;   {runtime_call UncommonTrapBlob}
  0x000072ebe4253920: 2866 90e8 

  0x000072ebe4253924: ; ImmutableOopMap {rbp=NarrowOop [16]=Oop [64]=Oop [88]=Oop }
                      ;*invokeinterface getSlotResource {reexecute=0 rethrow=0 return_oop=0}
                      ; - com.sun.javafx.font.CompositeStrike::getStrikeSlot@16 (line 105)
                      ; - com.sun.javafx.font.CompositeStrike::getQuantizedPosition@2 (line 180)
                      ; - com.sun.prism.sw.SWGraphics::drawGlyph@87 (line 643)
  0x000072ebe4253924: 38f4 96ff 

  0x000072ebe4253928: ;   {post_call_nop}
  0x000072ebe4253928: 0f1f 8400 | a013 0031 | bede ffff | ff48 ff74 | 2440 488f | 4424 184c | 895c 2438 | 8944 2440 
  0x000072ebe4253948: ;   {runtime_call UncommonTrapBlob}
  0x000072ebe4253948: 6666 90e8 

  0x000072ebe425394c: ; ImmutableOopMap {rbp=NarrowOop [16]=Oop [24]=Oop [56]=Oop [88]=Oop }
                      ;*invokeinterface getStrike {reexecute=0 rethrow=0 return_oop=0}
                      ; - com.sun.javafx.font.CompositeStrike::getStrikeSlot@36 (line 106)
                      ; - com.sun.javafx.font.CompositeStrike::getQuantizedPosition@2 (line 180)
                      ; - com.sun.prism.sw.SWGraphics::drawGlyph@87 (line 643)
  0x000072ebe425394c: 10f4 96ff 

  0x000072ebe4253950: ;   {post_call_nop}
  0x000072ebe4253950: 0f1f 8400 | c813 0032 | bede ffff | ff48 8b6c | 2410 4c8b | 5424 284c | 8954 2420 | 897c 2428 
  0x000072ebe4253970: c5fa 1144 | 242c c5fa | 1044 2438 | c5fa 1144 | 2430 4889 | 4424 f88b | 4424 3c89 | 4424 3448 
  0x000072ebe4253990: 8b44 24f8 | 4889 5424 | 3844 895c 

  0x000072ebe425399c: ;   {runtime_call UncommonTrapBlob}
  0x000072ebe425399c: 2440 90e8 

  0x000072ebe42539a0: ; ImmutableOopMap {rbp=Oop [32]=Oop [56]=Oop [64]=NarrowOop [88]=Oop [96]=Oop }
                      ;*invokeinterface getSlotResource {reexecute=0 rethrow=0 return_oop=0}
                      ; - com.sun.javafx.font.CompositeStrike::getStrikeSlot@16 (line 105)
                      ; - com.sun.javafx.font.CompositeStrike::getGlyph@12 (line 163)
                      ; - com.sun.prism.sw.SWGraphics::drawGlyph@8 (line 636)
  0x000072ebe42539a0: bcf3 96ff 

  0x000072ebe42539a4: ;   {post_call_nop}
  0x000072ebe42539a4: 0f1f 8400 | 1c14 0033 | bede ffff | ff48 ff74 | 2448 488f | 4424 184c | 8954 2458 | 8944 2454 
  0x000072ebe42539c4: ;   {runtime_call UncommonTrapBlob}
  0x000072ebe42539c4: 6666 90e8 

  0x000072ebe42539c8: ; ImmutableOopMap {rbp=NarrowOop [16]=Oop [24]=Oop [40]=Oop [88]=Oop [96]=Oop }
                      ;*invokeinterface getStrike {reexecute=0 rethrow=0 return_oop=0}
                      ; - com.sun.javafx.font.CompositeStrike::getStrikeSlot@36 (line 106)
                      ; - com.sun.javafx.font.CompositeStrike::getGlyph@12 (line 163)
                      ; - com.sun.prism.sw.SWGraphics::drawGlyph@8 (line 636)
  0x000072ebe42539c8: 94f3 96ff 

  0x000072ebe42539cc: ;   {post_call_nop}
  0x000072ebe42539cc: 0f1f 8400 | 4414 0034 | be45 ffff | ff89 5c24 

  0x000072ebe42539dc: ;   {runtime_call UncommonTrapBlob}
  0x000072ebe42539dc: 2066 90e8 

  0x000072ebe42539e0: ; ImmutableOopMap {rbp=NarrowOop [12]=NarrowOop [32]=NarrowOop [64]=Oop }
                      ;*ifnull {reexecute=1 rethrow=0 return_oop=0}
                      ; - (reexecute) com.sun.javafx.font.freetype.FTGlyph::getWidth@8 (line 106)
                      ; - com.sun.prism.sw.SWGraphics::drawGlyph@202 (line 654)
  0x000072ebe42539e0: 7cf3 96ff 

  0x000072ebe42539e4: ;   {post_call_nop}
  0x000072ebe42539e4: 0f1f 8400 | 5c14 0035 | bef6 ffff 

  0x000072ebe42539f0: ;   {runtime_call UncommonTrapBlob}
  0x000072ebe42539f0: ff66 90e8 

  0x000072ebe42539f4: ; ImmutableOopMap {[64]=Oop }
                      ;*invokevirtual initGlyph {reexecute=0 rethrow=0 return_oop=0}
                      ; - com.sun.javafx.font.freetype.FTGlyph::init@13 (line 56)
                      ; - com.sun.javafx.font.freetype.FTGlyph::getWidth@1 (line 104)
                      ; - com.sun.prism.sw.SWGraphics::drawGlyph@164 (line 650)
  0x000072ebe42539f4: 68f3 96ff 

  0x000072ebe42539f8: ;   {post_call_nop}
  0x000072ebe42539f8: 0f1f 8400 | 7014 0036 | bee4 ffff | ff4c 8b54 | 2440 4c89 | 5424 104c | 8b54 2420 | 4c89 5424 
  0x000072ebe4253a18: 184c 8b54 | 2428 4c89 | 5424 2044 | 8b54 2430 | 4489 5424 | 28c5 fa10 | 4c24 34c5 | fa11 4c24 
  0x000072ebe4253a38: 2cc5 fa10 | 4424 38c5 | fa11 4424 | 3044 8b54 | 243c 4489 | 5424 3444 | 895c 2444 | 4489 4c24 
  0x000072ebe4253a58: 4848 8944 

  0x000072ebe4253a5c: ;   {runtime_call UncommonTrapBlob}
  0x000072ebe4253a5c: 2450 90e8 

  0x000072ebe4253a60: ; ImmutableOopMap {rbp=Oop [16]=Oop [24]=Oop [32]=Oop [72]=NarrowOop [80]=Oop }
                      ;*aastore {reexecute=1 rethrow=0 return_oop=0}
                      ; - (reexecute) com.sun.javafx.font.CompositeStrike::getStrikeSlot@157 (line 122)
                      ; - com.sun.javafx.font.CompositeStrike::getGlyph@12 (line 163)
                      ; - com.sun.prism.sw.SWGraphics::drawGlyph@8 (line 636)
  0x000072ebe4253a60: fcf2 96ff 

  0x000072ebe4253a64: ;   {post_call_nop}
  0x000072ebe4253a64: 0f1f 8400 | dc14 0037 | bef6 ffff 

  0x000072ebe4253a70: ;   {runtime_call UncommonTrapBlob}
  0x000072ebe4253a70: ff8b efe8 

  0x000072ebe4253a74: ; ImmutableOopMap {}
                      ;*aaload {reexecute=0 rethrow=0 return_oop=0}
                      ; - com.sun.javafx.font.CompositeStrike::getStrikeSlot@163 (line 125)
                      ; - com.sun.javafx.font.CompositeStrike::getGlyph@12 (line 163)
                      ; - com.sun.prism.sw.SWGraphics::drawGlyph@8 (line 636)
  0x000072ebe4253a74: e8f2 96ff 

  0x000072ebe4253a78: ;   {post_call_nop}
  0x000072ebe4253a78: 0f1f 8400 | f014 0038 | bede ffff | ff48 8b6c | 2410 4c8b | 5424 284c | 8954 2420 | 897c 2428 
  0x000072ebe4253a98: c5fa 1144 | 242c c5fa | 114c 2430 | 4889 4424 | f88b 4424 | 3c89 4424 | 3448 8b44 | 24f8 4889 
  0x000072ebe4253ab8: 5424 3848 | 8944 24f8 | 8b44 2448 | 8944 2440 | 488b 4424 | f848 8954 | 2448 4489 

  0x000072ebe4253ad4: ;   {runtime_call UncommonTrapBlob}
  0x000072ebe4253ad4: 5c24 44e8 

  0x000072ebe4253ad8: ; ImmutableOopMap {rbp=Oop [32]=Oop [56]=Oop [68]=NarrowOop [72]=Oop [96]=Oop }
                      ;*invokeinterface getNumSlots {reexecute=0 rethrow=0 return_oop=0}
                      ; - com.sun.javafx.font.CompositeStrike::getStrikeSlot@61 (line 112)
                      ; - com.sun.javafx.font.CompositeStrike::getGlyph@12 (line 163)
                      ; - com.sun.prism.sw.SWGraphics::drawGlyph@8 (line 636)
  0x000072ebe4253ad8: 84f2 96ff 

  0x000072ebe4253adc: ;   {post_call_nop}
  0x000072ebe4253adc: 0f1f 8400 | 5415 0039 | bede ffff | ff48 ff74 | 2458 488f 

  0x000072ebe4253af0: ;   {runtime_call UncommonTrapBlob}
  0x000072ebe4253af0: 4424 18e8 

  0x000072ebe4253af4: ; ImmutableOopMap {rbp=NarrowOop [16]=Oop [24]=Oop [40]=Oop [96]=Oop }
                      ;*invokeinterface getSlotResource {reexecute=0 rethrow=0 return_oop=0}
                      ; - com.sun.javafx.font.CompositeStrike::getStrikeSlot@128 (line 121)
                      ; - com.sun.javafx.font.CompositeStrike::getGlyph@12 (line 163)
                      ; - com.sun.prism.sw.SWGraphics::drawGlyph@8 (line 636)
  0x000072ebe4253af4: 68f2 96ff 

  0x000072ebe4253af8: ;   {post_call_nop}
  0x000072ebe4253af8: 0f1f 8400 | 7015 003a | bede ffff | ff4c 895c | 2458 8944 

  0x000072ebe4253b0c: ;   {runtime_call UncommonTrapBlob}
  0x000072ebe4253b0c: 2460 90e8 

  0x000072ebe4253b10: ; ImmutableOopMap {rbp=NarrowOop [16]=Oop [32]=Oop [40]=Oop [64]=Oop [80]=NarrowOop [88]=Oop }
                      ;*invokeinterface getStrike {reexecute=0 rethrow=0 return_oop=0}
                      ; - com.sun.javafx.font.CompositeStrike::getStrikeSlot@152 (line 122)
                      ; - com.sun.javafx.font.CompositeStrike::getGlyph@12 (line 163)
                      ; - com.sun.prism.sw.SWGraphics::drawGlyph@8 (line 636)
  0x000072ebe4253b10: 4cf2 96ff 

  0x000072ebe4253b14: ;   {post_call_nop}
  0x000072ebe4253b14: 0f1f 8400 | 8c15 003b | bed6 ffff | ff4c 8b54 | 2440 4c89 | 5424 104c | 8b54 2420 | 4c89 5424 
  0x000072ebe4253b34: 184c 8b54 | 2428 4c89 | 5424 2044 | 8b5c 2430 | 4489 5c24 | 28c5 fa10 | 4c24 34c5 | fa11 4c24 
  0x000072ebe4253b54: 2cc5 fa10 | 4424 38c5 | fa11 4424 | 3044 8b5c | 243c 4489 | 5c24 3448 | 8944 24f8 | 8b44 2448 
  0x000072ebe4253b74: 8944 2440 | 488b 4424 | f844 894c | 2448 4889 

  0x000072ebe4253b84: ;   {runtime_call UncommonTrapBlob}
  0x000072ebe4253b84: 4424 50e8 

  0x000072ebe4253b88: ; ImmutableOopMap {rbp=Oop [16]=Oop [24]=Oop [32]=Oop [72]=NarrowOop [80]=Oop }
                      ;*aastore {reexecute=1 rethrow=0 return_oop=0}
                      ; - (reexecute) com.sun.javafx.font.CompositeStrike::getStrikeSlot@157 (line 122)
                      ; - com.sun.javafx.font.CompositeStrike::getGlyph@12 (line 163)
                      ; - com.sun.prism.sw.SWGraphics::drawGlyph@8 (line 636)
  0x000072ebe4253b88: d4f1 96ff 

  0x000072ebe4253b8c: ;   {post_call_nop}
  0x000072ebe4253b8c: 0f1f 8400 | 0416 003c | be45 ffff | ff44 8b54 | 2420 4489 | 5424 1c89 

  0x000072ebe4253ba4: ;   {runtime_call UncommonTrapBlob}
  0x000072ebe4253ba4: 5c24 20e8 

  0x000072ebe4253ba8: ; ImmutableOopMap {rbp=NarrowOop [12]=NarrowOop [32]=NarrowOop [64]=Oop }
                      ;*ifnull {reexecute=1 rethrow=0 return_oop=0}
                      ; - (reexecute) com.sun.javafx.font.freetype.FTGlyph::getWidth@8 (line 106)
                      ; - com.sun.prism.sw.SWGraphics::drawGlyph@164 (line 650)
  0x000072ebe4253ba8: b4f1 96ff 

  0x000072ebe4253bac: ;   {post_call_nop}
  0x000072ebe4253bac: 0f1f 8400 | 2416 003d | bef6 ffff 

  0x000072ebe4253bb8: ;   {runtime_call UncommonTrapBlob}
  0x000072ebe4253bb8: ff66 90e8 

  0x000072ebe4253bbc: ; ImmutableOopMap {[64]=Oop }
                      ;*invokevirtual initGlyph {reexecute=0 rethrow=0 return_oop=0}
                      ; - com.sun.javafx.font.freetype.FTGlyph::init@13 (line 56)
                      ; - com.sun.javafx.font.freetype.FTGlyph::getOriginY@1 (line 123)
                      ; - com.sun.prism.sw.SWGraphics::drawGlyph@128 (line 647)
  0x000072ebe4253bbc: a0f1 96ff 

  0x000072ebe4253bc0: ;   {post_call_nop}
  0x000072ebe4253bc0: 0f1f 8400 | 3816 003e | bef6 ffff | ff41 8be8 

  0x000072ebe4253bd0: ;   {runtime_call UncommonTrapBlob}
  0x000072ebe4253bd0: 6666 90e8 

  0x000072ebe4253bd4: ; ImmutableOopMap {}
                      ;*invokeinterface getGlyphCode {reexecute=0 rethrow=0 return_oop=0}
                      ; - com.sun.prism.sw.SWGraphics::drawGlyph@3 (line 636)
  0x000072ebe4253bd4: 88f1 96ff 

  0x000072ebe4253bd8: ;   {post_call_nop}
  0x000072ebe4253bd8: 0f1f 8400 | 5016 003f | bef6 ffff | ff41 8beb 

  0x000072ebe4253be8: ;   {runtime_call UncommonTrapBlob}
  0x000072ebe4253be8: 6666 90e8 

  0x000072ebe4253bec: ; ImmutableOopMap {}
                      ;*iaload {reexecute=0 rethrow=0 return_oop=0}
                      ; - com.sun.javafx.text.TextRun::getGlyphCode@34 (line 309)
                      ; - com.sun.prism.sw.SWGraphics::drawGlyph@3 (line 636)
  0x000072ebe4253bec: 70f1 96ff 

  0x000072ebe4253bf0: ;   {post_call_nop}
  0x000072ebe4253bf0: 0f1f 8400 | 6816 0040 | bef6 ffff | ff41 8bea 

  0x000072ebe4253c00: ;   {runtime_call UncommonTrapBlob}
  0x000072ebe4253c00: 6666 90e8 

  0x000072ebe4253c04: ; ImmutableOopMap {}
                      ;*invokeinterface getGlyph {reexecute=0 rethrow=0 return_oop=0}
                      ; - com.sun.prism.sw.SWGraphics::drawGlyph@8 (line 636)
  0x000072ebe4253c04: 58f1 96ff 

  0x000072ebe4253c08: ;   {post_call_nop}
  0x000072ebe4253c08: 0f1f 8400 | 8016 0041 | bef6 ffff | ff8b 6c24 

  0x000072ebe4253c18: ;   {runtime_call UncommonTrapBlob}
  0x000072ebe4253c18: 3c66 90e8 

  0x000072ebe4253c1c: ; ImmutableOopMap {}
                      ;*invokeinterface getGlyph {reexecute=0 rethrow=0 return_oop=0}
                      ; - com.sun.javafx.font.CompositeStrike::getGlyph@16 (line 163)
                      ; - com.sun.prism.sw.SWGraphics::drawGlyph@8 (line 636)
  0x000072ebe4253c1c: 40f1 96ff 

  0x000072ebe4253c20: ;   {post_call_nop}
  0x000072ebe4253c20: 0f1f 8400 | 9816 0042 | bef6 ffff 

  0x000072ebe4253c2c: ;   {runtime_call UncommonTrapBlob}
  0x000072ebe4253c2c: ff66 90e8 

  0x000072ebe4253c30: ; ImmutableOopMap {}
                      ;*invokeinterface getGlyphCode {reexecute=0 rethrow=0 return_oop=0}
                      ; - com.sun.prism.sw.SWGraphics::drawGlyph@17 (line 637)
  0x000072ebe4253c30: 2cf1 96ff 

  0x000072ebe4253c34: ;   {post_call_nop}
  0x000072ebe4253c34: 0f1f 8400 | ac16 0043 | bef6 ffff 

  0x000072ebe4253c40: ;   {runtime_call UncommonTrapBlob}
  0x000072ebe4253c40: ff66 90e8 

  0x000072ebe4253c44: ; ImmutableOopMap {}
                      ;*invokevirtual getMxt {reexecute=0 rethrow=0 return_oop=0}
                      ; - com.sun.prism.sw.SWGraphics::drawGlyph@44 (line 641)
  0x000072ebe4253c44: 18f1 96ff 

  0x000072ebe4253c48: ;   {post_call_nop}
  0x000072ebe4253c48: 0f1f 8400 | c016 0044 | bef6 ffff | ff41 8be8 

  0x000072ebe4253c58: ;   {runtime_call UncommonTrapBlob}
  0x000072ebe4253c58: 6666 90e8 

  0x000072ebe4253c5c: ; ImmutableOopMap {}
                      ;*faload {reexecute=0 rethrow=0 return_oop=0}
                      ; - com.sun.javafx.text.TextRun::getPosX@65 (line 326)
                      ; - com.sun.prism.sw.SWGraphics::drawGlyph@50 (line 641)
  0x000072ebe4253c5c: 00f1 96ff 

  0x000072ebe4253c60: ;   {post_call_nop}
  0x000072ebe4253c60: 0f1f 8400 | d816 0045 | be45 ffff | ff44 8944 

  0x000072ebe4253c70: ;   {runtime_call UncommonTrapBlob}
  0x000072ebe4253c70: 240c 90e8 

  0x000072ebe4253c74: ; ImmutableOopMap {[12]=NarrowOop }
                      ;*ifnull {reexecute=1 rethrow=0 return_oop=0}
                      ; - (reexecute) com.sun.prism.sw.SWGraphics::drawGlyph@107 (line 645)
  0x000072ebe4253c74: e8f0 96ff 

  0x000072ebe4253c78: ;   {post_call_nop}
  0x000072ebe4253c78: 0f1f 8400 | f016 0046 | bef6 ffff 

  0x000072ebe4253c84: ;   {runtime_call UncommonTrapBlob}
  0x000072ebe4253c84: ff66 90e8 

  0x000072ebe4253c88: ; ImmutableOopMap {}
                      ;*invokeinterface getSlotResource {reexecute=0 rethrow=0 return_oop=0}
                      ; - com.sun.javafx.font.CompositeStrike::getStrikeSlot@16 (line 105)
                      ; - com.sun.javafx.font.CompositeStrike::getQuantizedPosition@2 (line 180)
                      ; - com.sun.prism.sw.SWGraphics::drawGlyph@87 (line 643)
  0x000072ebe4253c88: d4f0 96ff 

  0x000072ebe4253c8c: ;   {post_call_nop}
  0x000072ebe4253c8c: 0f1f 8400 | 0417 0047 | bef6 ffff | ff89 4424 

  0x000072ebe4253c9c: ;   {runtime_call UncommonTrapBlob}
  0x000072ebe4253c9c: 1066 90e8 

  0x000072ebe4253ca0: ; ImmutableOopMap {rbp=NarrowOop }
                      ;*invokeinterface getStrike {reexecute=0 rethrow=0 return_oop=0}
                      ; - com.sun.javafx.font.CompositeStrike::getStrikeSlot@36 (line 106)
                      ; - com.sun.javafx.font.CompositeStrike::getQuantizedPosition@2 (line 180)
                      ; - com.sun.prism.sw.SWGraphics::drawGlyph@87 (line 643)
  0x000072ebe4253ca0: bcf0 96ff 

  0x000072ebe4253ca4: ;   {post_call_nop}
  0x000072ebe4253ca4: 0f1f 8400 | 1c17 0048 | bef6 ffff 

  0x000072ebe4253cb0: ;   {runtime_call UncommonTrapBlob}
  0x000072ebe4253cb0: ff66 90e8 

  0x000072ebe4253cb4: ; ImmutableOopMap {}
                      ;*invokeinterface getSlotResource {reexecute=0 rethrow=0 return_oop=0}
                      ; - com.sun.javafx.font.CompositeStrike::getStrikeSlot@16 (line 105)
                      ; - com.sun.javafx.font.CompositeStrike::getGlyph@12 (line 163)
                      ; - com.sun.prism.sw.SWGraphics::drawGlyph@8 (line 636)
  0x000072ebe4253cb4: a8f0 96ff 

  0x000072ebe4253cb8: ;   {post_call_nop}
  0x000072ebe4253cb8: 0f1f 8400 | 3017 0049 | bef6 ffff | ff89 4424 

  0x000072ebe4253cc8: ;   {runtime_call UncommonTrapBlob}
  0x000072ebe4253cc8: 1066 90e8 

  0x000072ebe4253ccc: ; ImmutableOopMap {rbp=NarrowOop }
                      ;*invokeinterface getStrike {reexecute=0 rethrow=0 return_oop=0}
                      ; - com.sun.javafx.font.CompositeStrike::getStrikeSlot@36 (line 106)
                      ; - com.sun.javafx.font.CompositeStrike::getGlyph@12 (line 163)
                      ; - com.sun.prism.sw.SWGraphics::drawGlyph@8 (line 636)
  0x000072ebe4253ccc: 90f0 96ff 

  0x000072ebe4253cd0: ;   {post_call_nop}
  0x000072ebe4253cd0: 0f1f 8400 | 4817 004a | bef6 ffff 

  0x000072ebe4253cdc: ;   {runtime_call UncommonTrapBlob}
  0x000072ebe4253cdc: ff66 90e8 

  0x000072ebe4253ce0: ; ImmutableOopMap {}
                      ;*invokeinterface getNumSlots {reexecute=0 rethrow=0 return_oop=0}
                      ; - com.sun.javafx.font.CompositeStrike::getStrikeSlot@61 (line 112)
                      ; - com.sun.javafx.font.CompositeStrike::getGlyph@12 (line 163)
                      ; - com.sun.prism.sw.SWGraphics::drawGlyph@8 (line 636)
  0x000072ebe4253ce0: 7cf0 96ff 

  0x000072ebe4253ce4: ;   {post_call_nop}
  0x000072ebe4253ce4: 0f1f 8400 | 5c17 004b | bef6 ffff | ff41 8beb 

  0x000072ebe4253cf4: ;   {runtime_call UncommonTrapBlob}
  0x000072ebe4253cf4: 6666 90e8 

  0x000072ebe4253cf8: ; ImmutableOopMap {}
                      ;*invokeinterface getSlotResource {reexecute=0 rethrow=0 return_oop=0}
                      ; - com.sun.javafx.font.CompositeStrike::getStrikeSlot@128 (line 121)
                      ; - com.sun.javafx.font.CompositeStrike::getGlyph@12 (line 163)
                      ; - com.sun.prism.sw.SWGraphics::drawGlyph@8 (line 636)
  0x000072ebe4253cf8: 64f0 96ff 

  0x000072ebe4253cfc: ;   {post_call_nop}
  0x000072ebe4253cfc: 0f1f 8400 | 7417 004c | bef6 ffff | ff89 4424 

  0x000072ebe4253d0c: ;   {runtime_call UncommonTrapBlob}
  0x000072ebe4253d0c: 1066 90e8 

  0x000072ebe4253d10: ; ImmutableOopMap {rbp=NarrowOop }
                      ;*invokeinterface getStrike {reexecute=0 rethrow=0 return_oop=0}
                      ; - com.sun.javafx.font.CompositeStrike::getStrikeSlot@152 (line 122)
                      ; - com.sun.javafx.font.CompositeStrike::getGlyph@12 (line 163)
                      ; - com.sun.prism.sw.SWGraphics::drawGlyph@8 (line 636)
  0x000072ebe4253d10: 4cf0 96ff 

  0x000072ebe4253d14: ;   {post_call_nop}
  0x000072ebe4253d14: 0f1f 8400 | 8c17 004d | bef6 ffff | ff8b 6c24 | 4848 8944 

  0x000072ebe4253d28: ;   {runtime_call UncommonTrapBlob}
  0x000072ebe4253d28: 2410 90e8 

  0x000072ebe4253d2c: ; ImmutableOopMap {[16]=Oop }
                      ;*aastore {reexecute=1 rethrow=0 return_oop=0}
                      ; - (reexecute) com.sun.javafx.font.CompositeStrike::getStrikeSlot@157 (line 122)
                      ; - com.sun.javafx.font.CompositeStrike::getGlyph@12 (line 163)
                      ; - com.sun.prism.sw.SWGraphics::drawGlyph@8 (line 636)
  0x000072ebe4253d2c: 30f0 96ff 

  0x000072ebe4253d30: ;   {post_call_nop}
  0x000072ebe4253d30: 0f1f 8400 | a817 004e | e95b 0000 | 0048 8bf0 | e95b 0000 | 00e9 4e00 | 0000 e949 | 0000 00e9 
  0x000072ebe4253d50: 4400 0000 | e93f 0000 | 0048 8bf0 | 0f1f 4000 | e93b 0000 | 00e9 2e00 | 0000 e929 | 0000 00e9 
  0x000072ebe4253d70: 2400 0000 | 488b f0e9 | 2400 0000 | 488b f090 | e91b 0000 | 0048 8bf0 | eb16 eb02 | eb00 488b 
  0x000072ebe4253d90: f0eb 0d48 | 8bf0 eb08 | 488b f0eb | 0348 8bf0 | 4881 c480 | 0000 005d 

  0x000072ebe4253da8: ;   {runtime_call C2 Runtime rethrow}
  0x000072ebe4253da8: e933 8fa0 | ff45 8b02 | 4983 f800 | 0f84 26f1 | ffff 4d8b | 5f38 4d85 | db0f 8414 | 0000 0049 
  0x000072ebe4253dc8: 83eb 084d | 895f 384d | 035f 404d | 8903 e905 | f1ff ff48 | 83ec 104c | 8954 2408 | 4889 0424 
  0x000072ebe4253de8: 498b f849 

  0x000072ebe4253dec: ;   {runtime_call G1BarrierSetRuntime::write_ref_field_pre_entry(oopDesc*, JavaThread*)}
  0x000072ebe4253dec: 8bf7 e82d | fa81 1648 | 8b04 244c | 8b54 2408 | c5f8 7748 | 83c4 10e9 | d8f0 ffff | f083 4424 
  0x000072ebe4253e0c: c000 4180 | 3b00 0f84 | 06f1 ffff | 41c6 0300 | 4d8b 4750 | 4d85 c00f | 8414 0000 | 0049 83e8 
  0x000072ebe4253e2c: 084d 8947 | 504d 0347 | 584d 8918 | e9e1 f0ff | ff48 83ec | 1048 8944 | 2408 498b | fb49 8bf7 
  0x000072ebe4253e4c: ;   {runtime_call G1BarrierSetRuntime::write_ref_field_post_entry(unsigned char volatile*, JavaThread*)}
  0x000072ebe4253e4c: e8ef f981 | 1648 8b44 | 2408 c5f8 | 7748 83c4 | 10e9 bcf0 | ffff 458b | 0849 83f9 | 000f 8488 
  0x000072ebe4253e6c: f1ff ff4d | 8b5f 384d | 85db 0f84 | 1400 0000 | 4983 eb08 | 4d89 5f38 | 4d03 5f40 | 4d89 0be9 
  0x000072ebe4253e8c: 67f1 ffff | 4883 ec20 | 4c89 5424 | 184c 8944 | 2410 4889 | 4424 0849 | 8bf9 498b 

  0x000072ebe4253ea8: ;   {runtime_call G1BarrierSetRuntime::write_ref_field_pre_entry(oopDesc*, JavaThread*)}
  0x000072ebe4253ea8: f7e8 72f9 | 8116 488b | 4424 084c | 8b44 2410 | 4c8b 5424 | 18c5 f877 | 4883 c420 | e92e f1ff 
  0x000072ebe4253ec8: fff0 8344 | 24c0 0041 | 803b 000f | 845c f1ff | ff41 c603 | 004d 8b4f | 504d 85c9 | 0f84 1400 
  0x000072ebe4253ee8: 0000 4983 | e908 4d89 | 4f50 4d03 | 4f58 4d89 | 19e9 37f1 | ffff 4883 | ec10 4c89 | 5424 0849 
  0x000072ebe4253f08: 8bfb 498b 

  0x000072ebe4253f0c: ;   {runtime_call G1BarrierSetRuntime::write_ref_field_post_entry(unsigned char volatile*, JavaThread*)}
  0x000072ebe4253f0c: f7e8 2ef9 | 8116 4c8b | 5424 08c5 | f877 4883 | c410 e912 | f1ff ff45 | 8b02 4983 | f800 0f84 
  0x000072ebe4253f2c: 97f2 ffff | 4d8b 5f38 | 4d85 db0f | 8414 0000 | 0049 83eb | 084d 895f | 384d 035f | 404d 8903 
  0x000072ebe4253f4c: e976 f2ff | ff48 83ec | 104c 8954 | 2408 4c89 | 0c24 498b | f849 8bf7 

  0x000072ebe4253f64: ;   {runtime_call G1BarrierSetRuntime::write_ref_field_pre_entry(oopDesc*, JavaThread*)}
  0x000072ebe4253f64: e8b7 f881 | 164c 8b0c | 244c 8b54 | 2408 c5f8 | 7748 83c4 | 10e9 49f2 | ffff f083 | 4424 c000 
  0x000072ebe4253f84: 4180 3b00 | 0f84 6df2 | ffff 41c6 | 0300 4d8b | 4750 4d85 | c00f 8414 | 0000 0049 | 83e8 084d 
  0x000072ebe4253fa4: 8947 504d | 0347 584d | 8918 e948 | f2ff ff48 | 83ec 104c | 894c 2408 | 498b fb49 

  0x000072ebe4253fc0: ;   {runtime_call G1BarrierSetRuntime::write_ref_field_post_entry(unsigned char volatile*, JavaThread*)}
  0x000072ebe4253fc0: 8bf7 e879 | f881 164c | 8b4c 2408 | c5f8 7748 | 83c4 10e9 | 23f2 ffff | 448b 1949 | 83fb 000f 
  0x000072ebe4253fe0: 8432 f3ff | ff4d 8b57 | 384d 85d2 | 0f84 1400 | 0000 4983 | ea08 4d89 | 5738 4d03 | 5740 4d89 
  0x000072ebe4254000: 1ae9 11f3 | ffff 4883 | ec20 4889 | 4c24 1848 | 897c 2410 | 4889 4424 | 0849 8bfb 

  0x000072ebe425401c: ;   {runtime_call G1BarrierSetRuntime::write_ref_field_pre_entry(oopDesc*, JavaThread*)}
  0x000072ebe425401c: 498b f7e8 | fcf7 8116 | 488b 4424 | 0848 8b7c | 2410 488b | 4c24 18c5 | f877 4883 | c420 e9d8 
  0x000072ebe425403c: f2ff fff0 | 8344 24c0 | 0041 803a | 000f 8406 | f3ff ff41 | c602 004d | 8b5f 504d | 85db 0f84 
  0x000072ebe425405c: 1400 0000 | 4983 eb08 | 4d89 5f50 | 4d03 5f58 | 4d89 13e9 | e1f2 ffff | 4883 ec10 | 4889 7c24 
  0x000072ebe425407c: 0849 8bfa 

  0x000072ebe4254080: ;   {runtime_call G1BarrierSetRuntime::write_ref_field_post_entry(unsigned char volatile*, JavaThread*)}
  0x000072ebe4254080: 498b f7e8 | b8f7 8116 | 488b 7c24 | 08c5 f877 | 4883 c410 | e9bc f2ff 

  0x000072ebe4254098: ;   {internal_word}
  0x000072ebe4254098: ff49 ba3c | 2b25 e4eb | 7200 004d | 8997 3805 

  0x000072ebe42540a8: ;   {runtime_call SafepointBlob}
  0x000072ebe42540a8: 0000 e9b1 | 3793 ff48 | 83ec 08c5 | fb11 1424 

  0x000072ebe42540b8: ;   {runtime_call Stub::f2i_fixup}
  0x000072ebe42540b8: e890 3f8e | ff41 59e9 | e1e9 ffff | 4883 ec08 | c5fb 110c 

  0x000072ebe42540cc: ;   {runtime_call Stub::f2i_fixup}
  0x000072ebe42540cc: 24e8 7b3f | 8eff 5de9 | 99e9 ffff 

  0x000072ebe42540d8: ;   {runtime_call Stub::method_entry_barrier}
  0x000072ebe42540d8: e883 8e91 | ffe9 ece5 | ffff f4f4 | f4f4 f4f4 
[Stub Code]
  0x000072ebe42540e8: ;   {static_stub}
  0x000072ebe42540e8: 48bb 0000 | 0000 0000 

  0x000072ebe42540f0: ;   {runtime_call nmethod}
  0x000072ebe42540f0: 0000 e9fb 

  0x000072ebe42540f4: ;   {static_stub}
  0x000072ebe42540f4: ffff ff48 | bb00 0000 | 0000 0000 

  0x000072ebe4254100: ;   {runtime_call nmethod}
  0x000072ebe4254100: 00e9 fbff 

  0x000072ebe4254104: ;   {static_stub}
  0x000072ebe4254104: ffff 48bb | 0000 0000 | 0000 0000 

  0x000072ebe4254110: ;   {runtime_call nmethod}
  0x000072ebe4254110: e9fb ffff 

  0x000072ebe4254114: ;   {static_stub}
  0x000072ebe4254114: ff48 bb00 | 0000 0000 

  0x000072ebe425411c: ;   {runtime_call nmethod}
  0x000072ebe425411c: 0000 00e9 | fbff ffff 

  0x000072ebe4254124: ;   {static_stub}
  0x000072ebe4254124: 48bb 0000 | 0000 0000 

  0x000072ebe425412c: ;   {runtime_call nmethod}
  0x000072ebe425412c: 0000 e9fb 

  0x000072ebe4254130: ;   {static_stub}
  0x000072ebe4254130: ffff ff48 | bb00 0000 | 0000 0000 

  0x000072ebe425413c: ;   {runtime_call nmethod}
  0x000072ebe425413c: 00e9 fbff 

  0x000072ebe4254140: ;   {static_stub}
  0x000072ebe4254140: ffff 48bb | 0000 0000 | 0000 0000 

  0x000072ebe425414c: ;   {runtime_call nmethod}
  0x000072ebe425414c: e9fb ffff 

  0x000072ebe4254150: ;   {static_stub}
  0x000072ebe4254150: ff48 bb00 | 0000 0000 

  0x000072ebe4254158: ;   {runtime_call nmethod}
  0x000072ebe4254158: 0000 00e9 | fbff ffff 

  0x000072ebe4254160: ;   {static_stub}
  0x000072ebe4254160: 48bb 0000 | 0000 0000 

  0x000072ebe4254168: ;   {runtime_call nmethod}
  0x000072ebe4254168: 0000 e9fb 

  0x000072ebe425416c: ;   {static_stub}
  0x000072ebe425416c: ffff ff48 | bb00 0000 | 0000 0000 

  0x000072ebe4254178: ;   {runtime_call nmethod}
  0x000072ebe4254178: 00e9 fbff 

  0x000072ebe425417c: ;   {static_stub}
  0x000072ebe425417c: ffff 48bb | 0000 0000 | 0000 0000 

  0x000072ebe4254188: ;   {runtime_call nmethod}
  0x000072ebe4254188: e9fb ffff 

  0x000072ebe425418c: ;   {static_stub}
  0x000072ebe425418c: ff48 bb00 | 0000 0000 

  0x000072ebe4254194: ;   {runtime_call nmethod}
  0x000072ebe4254194: 0000 00e9 | fbff ffff 

  0x000072ebe425419c: ;   {static_stub}
  0x000072ebe425419c: 48bb 0000 | 0000 0000 

  0x000072ebe42541a4: ;   {runtime_call nmethod}
  0x000072ebe42541a4: 0000 e9fb 

  0x000072ebe42541a8: ;   {static_stub}
  0x000072ebe42541a8: ffff ff48 | bb00 0000 | 0000 0000 

  0x000072ebe42541b4: ;   {runtime_call nmethod}
  0x000072ebe42541b4: 00e9 fbff 

  0x000072ebe42541b8: ;   {static_stub}
  0x000072ebe42541b8: ffff 48bb | 0000 0000 | 0000 0000 

  0x000072ebe42541c4: ;   {runtime_call nmethod}
  0x000072ebe42541c4: e9fb ffff 

  0x000072ebe42541c8: ;   {static_stub}
  0x000072ebe42541c8: ff48 bb00 | 0000 0000 

  0x000072ebe42541d0: ;   {runtime_call nmethod}
  0x000072ebe42541d0: 0000 00e9 | fbff ffff 

  0x000072ebe42541d8: ;   {static_stub}
  0x000072ebe42541d8: 48bb 0000 | 0000 0000 

  0x000072ebe42541e0: ;   {runtime_call nmethod}
  0x000072ebe42541e0: 0000 e9fb 

  0x000072ebe42541e4: ;   {static_stub}
  0x000072ebe42541e4: ffff ff48 | bb00 0000 | 0000 0000 

  0x000072ebe42541f0: ;   {runtime_call nmethod}
  0x000072ebe42541f0: 00e9 fbff 

  0x000072ebe42541f4: ;   {runtime_call ExceptionBlob}
  0x000072ebe42541f4: ffff e965 | ee96 ffe8 | 0000 0000 | 4883 2c24 

  0x000072ebe4254204: ;   {runtime_call DeoptimizationBlob}
  0x000072ebe4254204: 05e9 5639 | 93ff f4f4 | f4f4 f4f4 
[/MachCode]


Compiled method (c1) 26377 4528       3       com.sun.prism.sw.SWGraphics::drawString (464 bytes)
 total in heap  [0x000072ebdccc2388,0x000072ebdccc4200] = 7800
 constants      [0x000072ebdccc2480,0x000072ebdccc24a0] = 32
 main code      [0x000072ebdccc24a0,0x000072ebdccc40d0] = 7216
 stub code      [0x000072ebdccc40d0,0x000072ebdccc41f8] = 296
 oops           [0x000072ebdccc41f8,0x000072ebdccc4200] = 8
 mutable data [0x000072eb980f1eb0,0x000072eb980f21d0] = 800
 relocation     [0x000072eb980f1eb0,0x000072eb980f2100] = 592
 metadata       [0x000072eb980f2100,0x000072eb980f21d0] = 208
 immutable data [0x000072eb980f14b0,0x000072eb980f1ea8] = 2552
 dependencies   [0x000072eb980f14b0,0x000072eb980f14f8] = 72
 nul chk table  [0x000072eb980f14f8,0x000072eb980f15a0] = 168
 scopes pcs     [0x000072eb980f15a0,0x000072eb980f1960] = 960
 scopes data    [0x000072eb980f1960,0x000072eb980f1ea8] = 1352


[Constant Pool]
             Address          hex4                    hex8      
  0x000072ebdccc2480:   0x3f800000      0xf4f4f4f43f800000      
  0x000072ebdccc2484:   0xf4f4f4f4                              
  0x000072ebdccc2488:   0xf4f4f4f4      0xf4f4f4f4f4f4f4f4      
  0x000072ebdccc248c:   0xf4f4f4f4                              
  0x000072ebdccc2490:   0xf4f4f4f4      0xf4f4f4f4f4f4f4f4      
  0x000072ebdccc2494:   0xf4f4f4f4                              
  0x000072ebdccc2498:   0xf4f4f4f4      0xf4f4f4f4f4f4f4f4      
  0x000072ebdccc249c:   0xf4f4f4f4                              

[MachCode]
[Instructions begin]
  0x000072ebdccc24a0: ;   {other}
  0x000072ebdccc24a0: 6666 660f | 1f84 0000 | 0000 0066 | 6666 9066 | 6690 448b | 5608 443b 

  0x000072ebdccc24b8: ;   {runtime_call Shared Runtime ic_miss_blob}
  0x000072ebdccc24b8: 5008 0f85 | 202f ec06 
[Verified Entry Point]
  0x000072ebdccc24c0: 8984 2400 | c0fe ff55 | 4881 ec00 | 0100 0090 | 4181 7f20 | 0300 0000 

  0x000072ebdccc24d8: ;   {runtime_call Stub::method_entry_barrier}
  0x000072ebdccc24d8: 7405 e881 | aaea 0648 | 8974 2470 | 4889 5424 | 6848 894c | 2478 c5fa | 1184 24cc | 0000 00c5 
  0x000072ebdccc24f8: fa11 8c24 | d800 0000 | 4c89 8424 | 8000 0000 | 4489 8c24 | 8800 0000 | 89bc 248c 

  0x000072ebdccc2514: ;   {metadata(method data for {method} {0x000072ebb8c21fe8} 'drawString' '(Lcom/sun/javafx/scene/text/GlyphList;Lcom/sun/javafx/font/FontStrike;FFLcom/sun/prism/paint/Color;II)V' in 'com/sun/prism/sw/SWGraphics')}
  0x000072ebdccc2514: 0000 0048 | bb18 aa6a | b9eb 7200 | 008b 8390 | 0000 0083 | c002 8983 | 9000 0000 | 25fe 0700 
  0x000072ebdccc2534: 0085 c00f | 8484 1900 

  0x000072ebdccc253c: ;   {metadata(method data for {method} {0x000072ebb8c21fe8} 'drawString' '(Lcom/sun/javafx/scene/text/GlyphList;Lcom/sun/javafx/font/FontStrike;FFLcom/sun/prism/paint/Color;II)V' in 'com/sun/prism/sw/SWGraphics')}
  0x000072ebdccc253c: 0048 bb18 | aa6a b9eb | 7200 00ff | 83d8 0000 | 008b 5e40 

  0x000072ebdccc2550: ; implicit exception: dispatches to 0x000072ebdccc3ee2
  0x000072ebdccc2550: 483b 0348 

  0x000072ebdccc2554: ;   {metadata(method data for {method} {0x000072ebb8c21fe8} 'drawString' '(Lcom/sun/javafx/scene/text/GlyphList;Lcom/sun/javafx/font/FontStrike;FFLcom/sun/prism/paint/Color;II)V' in 'com/sun/prism/sw/SWGraphics')}
  0x000072ebdccc2554: 8bc3 49bb | 18aa 6ab9 | eb72 0000 | 8b40 0841 | ba00 0000 | 2349 03c2 | 493b 8380 | 0100 0075 
  0x000072ebdccc2574: 0d49 8383 | 8801 0000 | 01e9 6000 | 0000 493b | 8390 0100 | 0075 0d49 | 8383 9801 | 0000 01e9 
  0x000072ebdccc2594: 4a00 0000 | 4983 bb80 | 0100 0000 | 7517 4989 | 8380 0100 | 0049 c783 | 8801 0000 | 0100 0000 
  0x000072ebdccc25b4: e929 0000 | 0049 83bb | 9001 0000 | 0075 1749 | 8983 9001 | 0000 49c7 | 8398 0100 | 0001 0000 
  0x000072ebdccc25d4: 00e9 0800 | 0000 4983 | 8378 0100 | 0001 0fbe | 5b0c 83e3 

  0x000072ebdccc25e8: ;   {metadata(method data for {method} {0x000072ebb8c21fe8} 'drawString' '(Lcom/sun/javafx/scene/text/GlyphList;Lcom/sun/javafx/font/FontStrike;FFLcom/sun/prism/paint/Color;II)V' in 'com/sun/prism/sw/SWGraphics')}
  0x000072ebdccc25e8: 0185 db48 | bb18 aa6a | b9eb 7200 | 00b8 a801 | 0000 7405 | b8b8 0100 | 004c 8b1c | 034d 8d5b 
  0x000072ebdccc2608: 014c 891c | 030f 84a1 | 0500 008b | 5e3c 4885 

  0x000072ebdccc2618: ;   {metadata(method data for {method} {0x000072ebb8c21fe8} 'drawString' '(Lcom/sun/javafx/scene/text/GlyphList;Lcom/sun/javafx/font/FontStrike;FFLcom/sun/prism/paint/Color;II)V' in 'com/sun/prism/sw/SWGraphics')}
  0x000072ebdccc2618: db48 b818 | aa6a b9eb | 7200 0041 | bbc8 0100 | 0074 0641 | bbd8 0100 | 004e 8b2c | 184d 8d6d 
  0x000072ebdccc2638: 014e 892c | 180f 84ec | 0200 0048 | 3b03 488b 

  0x000072ebdccc2648: ;   {metadata(method data for {method} {0x000072ebb8c21fe8} 'drawString' '(Lcom/sun/javafx/scene/text/GlyphList;Lcom/sun/javafx/font/FontStrike;FFLcom/sun/prism/paint/Color;II)V' in 'com/sun/prism/sw/SWGraphics')}
  0x000072ebdccc2648: c349 bb18 | aa6a b9eb | 7200 008b | 4008 41ba | 0000 0023 | 4903 c249 | 3b83 f001 | 0000 750d 
  0x000072ebdccc2668: 4983 83f8 | 0100 0001 | e960 0000 | 0049 3b83 | 0002 0000 | 750d 4983 | 8308 0200 | 0001 e94a 
  0x000072ebdccc2688: 0000 0049 | 83bb f001 | 0000 0075 | 1749 8983 | f001 0000 | 49c7 83f8 | 0100 0001 | 0000 00e9 
  0x000072ebdccc26a8: 2900 0000 | 4983 bb00 | 0200 0000 | 7517 4989 | 8300 0200 | 0049 c783 | 0802 0000 | 0100 0000 
  0x000072ebdccc26c8: e908 0000 | 0049 8383 | e801 0000 | 01c5 fa10 | 530c 488b 

  0x000072ebdccc26dc: ;   {metadata(method data for {method} {0x000072ebb8c21fe8} 'drawString' '(Lcom/sun/javafx/scene/text/GlyphList;Lcom/sun/javafx/font/FontStrike;FFLcom/sun/prism/paint/Color;II)V' in 'com/sun/prism/sw/SWGraphics')}
  0x000072ebdccc26dc: c349 bb18 | aa6a b9eb | 7200 008b | 4008 41ba | 0000 0023 | 4903 c249 | 3b83 2002 | 0000 750d 
  0x000072ebdccc26fc: 4983 8328 | 0200 0001 | e960 0000 | 0049 3b83 | 3002 0000 | 750d 4983 | 8338 0200 | 0001 e94a 
  0x000072ebdccc271c: 0000 0049 | 83bb 2002 | 0000 0075 | 1749 8983 | 2002 0000 | 49c7 8328 | 0200 0001 | 0000 00e9 
  0x000072ebdccc273c: 2900 0000 | 4983 bb30 | 0200 0000 | 7517 4989 | 8330 0200 | 0049 c783 | 3802 0000 | 0100 0000 
  0x000072ebdccc275c: e908 0000 | 0049 8383 | 1802 0000 | 01c5 fa10 | 5b14 488b 

  0x000072ebdccc2770: ;   {metadata(method data for {method} {0x000072ebb8c21fe8} 'drawString' '(Lcom/sun/javafx/scene/text/GlyphList;Lcom/sun/javafx/font/FontStrike;FFLcom/sun/prism/paint/Color;II)V' in 'com/sun/prism/sw/SWGraphics')}
  0x000072ebdccc2770: c349 bb18 | aa6a b9eb | 7200 008b | 4008 41ba | 0000 0023 | 4903 c249 | 3b83 5002 | 0000 750d 
  0x000072ebdccc2790: 4983 8358 | 0200 0001 | e960 0000 | 0049 3b83 | 6002 0000 | 750d 4983 | 8368 0200 | 0001 e94a 
  0x000072ebdccc27b0: 0000 0049 | 83bb 5002 | 0000 0075 | 1749 8983 | 5002 0000 | 49c7 8358 | 0200 0001 | 0000 00e9 
  0x000072ebdccc27d0: 2900 0000 | 4983 bb60 | 0200 0000 | 7517 4989 | 8360 0200 | 0049 c783 | 6802 0000 | 0100 0000 
  0x000072ebdccc27f0: e908 0000 | 0049 8383 | 4802 0000 

  0x000072ebdccc27fc: ;   {metadata(method data for {method} {0x000072ebb8660df8} 'getWidth' '()F' in 'com/sun/javafx/geom/RectBounds')}
  0x000072ebdccc27fc: 0148 b878 | 8ccb b8eb | 7200 0044 | 8b98 9000 | 0000 4183 | c302 4489 | 9890 0000 | 0041 81e3 
  0x000072ebdccc281c: feff 1f00 | 4585 db0f | 84c3 1600 | 00c5 fa10 | 6310 c5da | 5ce2 488b 

  0x000072ebdccc2834: ;   {metadata(method data for {method} {0x000072ebb8c21fe8} 'drawString' '(Lcom/sun/javafx/scene/text/GlyphList;Lcom/sun/javafx/font/FontStrike;FFLcom/sun/prism/paint/Color;II)V' in 'com/sun/prism/sw/SWGraphics')}
  0x000072ebdccc2834: c349 bb18 | aa6a b9eb | 7200 008b | 4008 41ba | 0000 0023 | 4903 c249 | 3b83 8002 | 0000 750d 
  0x000072ebdccc2854: 4983 8388 | 0200 0001 | e960 0000 | 0049 3b83 | 9002 0000 | 750d 4983 | 8398 0200 | 0001 e94a 
  0x000072ebdccc2874: 0000 0049 | 83bb 8002 | 0000 0075 | 1749 8983 | 8002 0000 | 49c7 8388 | 0200 0001 | 0000 00e9 
  0x000072ebdccc2894: 2900 0000 | 4983 bb90 | 0200 0000 | 7517 4989 | 8390 0200 | 0049 c783 | 9802 0000 | 0100 0000 
  0x000072ebdccc28b4: e908 0000 | 0049 8383 | 7802 0000 

  0x000072ebdccc28c0: ;   {metadata(method data for {method} {0x000072ebb8660e98} 'getHeight' '()F' in 'com/sun/javafx/geom/RectBounds')}
  0x000072ebdccc28c0: 0148 b888 | 54cb b8eb | 7200 0044 | 8b98 9000 | 0000 4183 | c302 4489 | 9890 0000 | 0041 81e3 
  0x000072ebdccc28e0: feff 1f00 | 4585 db0f | 8420 1600 | 00c5 fa10 | 6b18 c5d2 

  0x000072ebdccc28f4: ;   {metadata(method data for {method} {0x000072ebb8c21fe8} 'drawString' '(Lcom/sun/javafx/scene/text/GlyphList;Lcom/sun/javafx/font/FontStrike;FFLcom/sun/prism/paint/Color;II)V' in 'com/sun/prism/sw/SWGraphics')}
  0x000072ebdccc28f4: 5ceb 48bb | 18aa 6ab9 | eb72 0000 | ff83 a802 | 0000 c5fa | 11ac 24ec | 0000 00c5 | fa11 a424 
  0x000072ebdccc2914: e800 0000 | c5fa 119c | 24e4 0000 | 00c5 fa11 | 9424 e000 | 0000 e9be | 0200 0048 | 3b01 488b 
  0x000072ebdccc2934: ;   {metadata(method data for {method} {0x000072ebb8c21fe8} 'drawString' '(Lcom/sun/javafx/scene/text/GlyphList;Lcom/sun/javafx/font/FontStrike;FFLcom/sun/prism/paint/Color;II)V' in 'com/sun/prism/sw/SWGraphics')}
  0x000072ebdccc2934: d948 b818 | aa6a b9eb | 7200 008b | 5b08 41ba | 0000 0023 | 4903 da48 | 3b98 c802 | 0000 750d 
  0x000072ebdccc2954: 4883 80d0 | 0200 0001 | e960 0000 | 0048 3b98 | d802 0000 | 750d 4883 | 80e0 0200 | 0001 e94a 
  0x000072ebdccc2974: 0000 0048 | 83b8 c802 | 0000 0075 | 1748 8998 | c802 0000 | 48c7 80d0 | 0200 0001 | 0000 00e9 
  0x000072ebdccc2994: 2900 0000 | 4883 b8d8 | 0200 0000 | 7517 4889 | 98d8 0200 | 0048 c780 | e002 0000 | 0100 0000 
  0x000072ebdccc29b4: e908 0000 | 0048 8380 | c002 0000 | 0148 8bf1 | 9048 b8a0 | 270f 98eb 

  0x000072ebdccc29cc: ;   {virtual_call}
  0x000072ebdccc29cc: 7200 00e8 

  0x000072ebdccc29d0: ; ImmutableOopMap {[104]=Oop [112]=Oop [120]=Oop [128]=Oop }
                      ;*invokeinterface getMetrics {reexecute=0 rethrow=0 return_oop=0}
                      ; - com.sun.prism.sw.SWGraphics::drawString@87 (line 589)
  0x000072ebdccc29d0: 0c30 ec06 

  0x000072ebdccc29d4: ;   {post_call_nop}
  0x000072ebdccc29d4: 0f1f 8400 | 4c06 0000 | 4885 c00f | 8425 0000 

  0x000072ebdccc29e4: ;   {metadata('com/sun/javafx/font/PrismMetrics')}
  0x000072ebdccc29e4: 0048 bab8 | 7822 2400 | 0000 008b | 5808 41ba | 0000 0023 | 4903 da48 | 3b53 380f | 852e 1500 
  0x000072ebdccc2a04: 00e9 0000 | 0000 488b | f048 3b00 

  0x000072ebdccc2a10: ;   {metadata(method data for {method} {0x000072ebb8c21fe8} 'drawString' '(Lcom/sun/javafx/scene/text/GlyphList;Lcom/sun/javafx/font/FontStrike;FFLcom/sun/prism/paint/Color;II)V' in 'com/sun/prism/sw/SWGraphics')}
  0x000072ebdccc2a10: 488b f048 | bf18 aa6a | b9eb 7200 

  0x000072ebdccc2a1c: ;   {metadata('com/sun/javafx/font/PrismMetrics')}
  0x000072ebdccc2a1c: 0049 bab8 | 7822 2400 | 0000 004c | 8997 f802 | 0000 4883 | 8700 0300 | 0001 c5fa | 1040 0c48 
  0x000072ebdccc2a3c: 8b54 2468 | 4885 d20f | 8425 0000 

  0x000072ebdccc2a48: ;   {metadata('com/sun/javafx/text/TextRun')}
  0x000072ebdccc2a48: 0048 b928 | 6a22 2400 | 0000 008b | 5a08 41ba | 0000 0023 | 4903 da48 | 3b4b 380f | 85d4 1400 
  0x000072ebdccc2a68: 00e9 0000 | 0000 488b | f248 3b02 

  0x000072ebdccc2a74: ;   {metadata(method data for {method} {0x000072ebb8c21fe8} 'drawString' '(Lcom/sun/javafx/scene/text/GlyphList;Lcom/sun/javafx/font/FontStrike;FFLcom/sun/prism/paint/Color;II)V' in 'com/sun/prism/sw/SWGraphics')}
  0x000072ebdccc2a74: 488b f248 | bf18 aa6a | b9eb 7200 

  0x000072ebdccc2a80: ;   {metadata('com/sun/javafx/text/TextRun')}
  0x000072ebdccc2a80: 0049 ba28 | 6a22 2400 | 0000 004c | 8997 2803 | 0000 4883 | 8730 0300 | 0001 488b | f248 8984 
  0x000072ebdccc2aa0: 2490 0000 | 00c5 fa11 | 8424 dc00 

  0x000072ebdccc2aac: ;   {optimized virtual_call}
  0x000072ebdccc2aac: 0000 90e8 

  0x000072ebdccc2ab0: ; ImmutableOopMap {[104]=Oop [112]=Oop [120]=Oop [128]=Oop [144]=Oop }
                      ;*invokeinterface getWidth {reexecute=0 rethrow=0 return_oop=0}
                      ; - com.sun.prism.sw.SWGraphics::drawString@107 (line 592)
  0x000072ebdccc2ab0: 2c2c ec06 

  0x000072ebdccc2ab4: ;   {post_call_nop}
  0x000072ebdccc2ab4: 0f1f 8400 | 2c07 0001 | 488b 8424 | 9000 0000 | 4885 c00f | 8425 0000 

  0x000072ebdccc2acc: ;   {metadata('com/sun/javafx/font/PrismMetrics')}
  0x000072ebdccc2acc: 0048 bab8 | 7822 2400 | 0000 008b | 5808 41ba | 0000 0023 | 4903 da48 | 3b53 380f | 855a 1400 
  0x000072ebdccc2aec: 00e9 0000 | 0000 488b | f048 8bf0 

  0x000072ebdccc2af8: ;   {metadata(method data for {method} {0x000072ebb8c21fe8} 'drawString' '(Lcom/sun/javafx/scene/text/GlyphList;Lcom/sun/javafx/font/FontStrike;FFLcom/sun/prism/paint/Color;II)V' in 'com/sun/prism/sw/SWGraphics')}
  0x000072ebdccc2af8: 48bf 18aa | 6ab9 eb72 

  0x000072ebdccc2b00: ;   {metadata('com/sun/javafx/font/PrismMetrics')}
  0x000072ebdccc2b00: 0000 49ba | b878 2224 | 0000 0000 | 4c89 9758 | 0300 0048 | 8387 6003 

  0x000072ebdccc2b18: ;   {metadata(method data for {method} {0x000072ebb8b222a8} 'getLineHeight' '()F' in 'com/sun/javafx/font/PrismMetrics')}
  0x000072ebdccc2b18: 0000 0148 | be00 b56a | b9eb 7200 | 008b be90 | 0000 0083 | c702 89be | 9000 0000 | 81e7 feff 
  0x000072ebdccc2b38: 1f00 85ff | 0f84 0a14 | 0000 c5fa | 1048 0cc5 | fa10 5010 | c5fa 1058 

  0x000072ebdccc2b50: ;   {external_word}
  0x000072ebdccc2b50: 14c5 f057 | 0d17 75b3 | 1ec5 f258 | cac5 f258 

  0x000072ebdccc2b60: ;   {metadata(method data for {method} {0x000072ebb8c21fe8} 'drawString' '(Lcom/sun/javafx/scene/text/GlyphList;Lcom/sun/javafx/font/FontStrike;FFLcom/sun/prism/paint/Color;II)V' in 'com/sun/prism/sw/SWGraphics')}
  0x000072ebdccc2b60: cb48 be18 | aa6a b9eb | 7200 00ff | 8680 0300 | 00c5 f828 | e9c5 f828 | e0c5 fa10 | 9c24 dc00 
  0x000072ebdccc2b80: 0000 c5e8 | 57d2 c5fa | 11ac 24ec | 0000 00c5 | fa11 a424 | e800 0000 | c5fa 119c | 24e4 0000 
  0x000072ebdccc2ba0: 00c5 fa11 | 9424 e000 | 0000 488b | 7424 70e9 | 3900 0000 | c5d0 57ed | c5d8 57e4 | c5e0 57db 
  0x000072ebdccc2bc0: c5e8 57d2 | c5fa 11ac | 24ec 0000 | 00c5 fa11 | a424 e800 | 0000 c5fa | 119c 24e4 | 0000 00c5 
  0x000072ebdccc2be0: fa11 9424 | e000 0000 | 488b 7424 | 708b 7e2c 

  0x000072ebdccc2bf0: ; implicit exception: dispatches to 0x000072ebdccc3f6d
  0x000072ebdccc2bf0: 483b 0748 

  0x000072ebdccc2bf4: ;   {metadata(method data for {method} {0x000072ebb8c21fe8} 'drawString' '(Lcom/sun/javafx/scene/text/GlyphList;Lcom/sun/javafx/font/FontStrike;FFLcom/sun/prism/paint/Color;II)V' in 'com/sun/prism/sw/SWGraphics')}
  0x000072ebdccc2bf4: 8bdf 48b8 | 18aa 6ab9 | eb72 0000 | 8b5b 0841 | ba00 0000 | 2349 03da | 483b 98a0 | 0300 0075 
  0x000072ebdccc2c14: 0d48 8380 | a803 0000 | 01e9 6000 | 0000 483b | 98b0 0300 | 0075 0d48 | 8380 b803 | 0000 01e9 
  0x000072ebdccc2c34: 4a00 0000 | 4883 b8a0 | 0300 0000 | 7517 4889 | 98a0 0300 | 0048 c780 | a803 0000 | 0100 0000 
  0x000072ebdccc2c54: e929 0000 | 0048 83b8 | b003 0000 | 0075 1748 | 8998 b003 | 0000 48c7 | 80b8 0300 | 0001 0000 
  0x000072ebdccc2c74: 00e9 0800 | 0000 4883 | 8098 0300 | 0001 488b | f748 b8c8 | 270f 98eb 

  0x000072ebdccc2c8c: ;   {virtual_call}
  0x000072ebdccc2c8c: 7200 00e8 

  0x000072ebdccc2c90: ; ImmutableOopMap {[104]=Oop [112]=Oop [120]=Oop [128]=Oop }
                      ;*invokevirtual isTranslateOrIdentity {reexecute=0 rethrow=0 return_oop=0}
                      ; - com.sun.prism.sw.SWGraphics::drawString@142 (line 599)
  0x000072ebdccc2c90: feda d2ff 

  0x000072ebdccc2c94: ;   {post_call_nop}
  0x000072ebdccc2c94: 0f1f 8400 | 0c09 0002 

  0x000072ebdccc2c9c: ;   {metadata(method data for {method} {0x000072ebb8c21fe8} 'drawString' '(Lcom/sun/javafx/scene/text/GlyphList;Lcom/sun/javafx/font/FontStrike;FFLcom/sun/prism/paint/Color;II)V' in 'com/sun/prism/sw/SWGraphics')}
  0x000072ebdccc2c9c: 85c0 48be | 18aa 6ab9 | eb72 0000 | bfc8 0300 | 0074 05bf | d803 0000 | 488b 1c3e | 488d 5b01 
  0x000072ebdccc2cbc: 4889 1c3e | 0f84 e000 | 0000 488b | 4c24 7848 | 3b01 488b 

  0x000072ebdccc2cd0: ;   {metadata(method data for {method} {0x000072ebb8c21fe8} 'drawString' '(Lcom/sun/javafx/scene/text/GlyphList;Lcom/sun/javafx/font/FontStrike;FFLcom/sun/prism/paint/Color;II)V' in 'com/sun/prism/sw/SWGraphics')}
  0x000072ebdccc2cd0: f148 bf18 | aa6a b9eb | 7200 008b | 7608 41ba | 0000 0023 | 4903 f248 | 3bb7 f003 | 0000 750d 
  0x000072ebdccc2cf0: 4883 87f8 | 0300 0001 | e960 0000 | 0048 3bb7 | 0004 0000 | 750d 4883 | 8708 0400 | 0001 e94a 
  0x000072ebdccc2d10: 0000 0048 | 83bf f003 | 0000 0075 | 1748 89b7 | f003 0000 | 48c7 87f8 | 0300 0001 | 0000 00e9 
  0x000072ebdccc2d30: 2900 0000 | 4883 bf00 | 0400 0000 | 7517 4889 | b700 0400 | 0048 c787 | 0804 0000 | 0100 0000 
  0x000072ebdccc2d50: e908 0000 | 0048 8387 | e803 0000 | 0148 8bf1 | 0f1f 4400 | 0048 b8f0 | 270f 98eb 

  0x000072ebdccc2d6c: ;   {virtual_call}
  0x000072ebdccc2d6c: 7200 00e8 

  0x000072ebdccc2d70: ; ImmutableOopMap {[104]=Oop [112]=Oop [120]=Oop [128]=Oop }
                      ;*invokeinterface drawAsShapes {reexecute=0 rethrow=0 return_oop=0}
                      ; - com.sun.prism.sw.SWGraphics::drawString@149 (line 599)
  0x000072ebdccc2d70: 1e19 fbff 

  0x000072ebdccc2d74: ;   {post_call_nop}
  0x000072ebdccc2d74: 0f1f 8400 | ec09 0003 

  0x000072ebdccc2d7c: ;   {metadata(method data for {method} {0x000072ebb8c21fe8} 'drawString' '(Lcom/sun/javafx/scene/text/GlyphList;Lcom/sun/javafx/font/FontStrike;FFLcom/sun/prism/paint/Color;II)V' in 'com/sun/prism/sw/SWGraphics')}
  0x000072ebdccc2d7c: 85c0 48be | 18aa 6ab9 | eb72 0000 | bf28 0400 | 0074 05bf | 1804 0000 | 488b 1c3e | 488d 5b01 
  0x000072ebdccc2d9c: 4889 1c3e | 0f84 0a00 | 0000 bf00 | 0000 00e9 | 1500 0000 

  0x000072ebdccc2db0: ;   {metadata(method data for {method} {0x000072ebb8c21fe8} 'drawString' '(Lcom/sun/javafx/scene/text/GlyphList;Lcom/sun/javafx/font/FontStrike;FFLcom/sun/prism/paint/Color;II)V' in 'com/sun/prism/sw/SWGraphics')}
  0x000072ebdccc2db0: 48be 18aa | 6ab9 eb72 | 0000 ff86 | 3804 0000 | bf01 0000 

  0x000072ebdccc2dc4: ;   {metadata(method data for {method} {0x000072ebb8c21fe8} 'drawString' '(Lcom/sun/javafx/scene/text/GlyphList;Lcom/sun/javafx/font/FontStrike;FFLcom/sun/prism/paint/Color;II)V' in 'com/sun/prism/sw/SWGraphics')}
  0x000072ebdccc2dc4: 0085 ff48 | be18 aa6a | b9eb 7200 | 00bb 5004 | 0000 7405 | bb60 0400 | 0048 8b04 | 1e48 8d40 
  0x000072ebdccc2de4: 0148 8904 | 1e89 bc24 | 9800 0000 | 0f84 7803 | 0000 488b | 4c24 7848 | 3b01 488b 

  0x000072ebdccc2e00: ;   {metadata(method data for {method} {0x000072ebb8c21fe8} 'drawString' '(Lcom/sun/javafx/scene/text/GlyphList;Lcom/sun/javafx/font/FontStrike;FFLcom/sun/prism/paint/Color;II)V' in 'com/sun/prism/sw/SWGraphics')}
  0x000072ebdccc2e00: f148 bb18 | aa6a b9eb | 7200 008b | 7608 41ba | 0000 0023 | 4903 f248 | 3bb3 7804 | 0000 750d 
  0x000072ebdccc2e20: 4883 8380 | 0400 0001 | e960 0000 | 0048 3bb3 | 8804 0000 | 750d 4883 | 8390 0400 | 0001 e94a 
  0x000072ebdccc2e40: 0000 0048 | 83bb 7804 | 0000 0075 | 1748 89b3 | 7804 0000 | 48c7 8380 | 0400 0001 | 0000 00e9 
  0x000072ebdccc2e60: 2900 0000 | 4883 bb88 | 0400 0000 | 7517 4889 | b388 0400 | 0048 c783 | 9004 0000 | 0100 0000 
  0x000072ebdccc2e80: e908 0000 | 0048 8383 | 7004 0000 | 0148 8bf1 | 0f1f 4400 | 0048 b818 | 280f 98eb 

  0x000072ebdccc2e9c: ;   {virtual_call}
  0x000072ebdccc2e9c: 7200 00e8 

  0x000072ebdccc2ea0: ; ImmutableOopMap {[104]=Oop [112]=Oop [120]=Oop [128]=Oop }
                      ;*invokeinterface getAAMode {reexecute=0 rethrow=0 return_oop=0}
                      ; - com.sun.prism.sw.SWGraphics::drawString@170 (line 601)
  0x000072ebdccc2ea0: 6eb0 d2ff 

  0x000072ebdccc2ea4: ;   {post_call_nop}
  0x000072ebdccc2ea4: 0f1f 8400 | 1c0b 0004 

  0x000072ebdccc2eac: ;   {metadata(method data for {method} {0x000072ebb8c21fe8} 'drawString' '(Lcom/sun/javafx/scene/text/GlyphList;Lcom/sun/javafx/font/FontStrike;FFLcom/sun/prism/paint/Color;II)V' in 'com/sun/prism/sw/SWGraphics')}
  0x000072ebdccc2eac: 83f8 0148 | be18 aa6a | b9eb 7200 | 00bf a004 | 0000 7505 | bfb0 0400 | 0048 8b1c | 3e48 8d5b 
  0x000072ebdccc2ecc: 0148 891c | 3e0f 8597 | 0200 0048 | 8b74 2470 

  0x000072ebdccc2edc: ;   {metadata(method data for {method} {0x000072ebb8c21fe8} 'drawString' '(Lcom/sun/javafx/scene/text/GlyphList;Lcom/sun/javafx/font/FontStrike;FFLcom/sun/prism/paint/Color;II)V' in 'com/sun/prism/sw/SWGraphics')}
  0x000072ebdccc2edc: 488b fe48 | bb18 aa6a | b9eb 7200 | 008b 7f08 | 41ba 0000 | 0023 4903 | fa48 3bbb | c804 0000 
  0x000072ebdccc2efc: 750d 4883 | 83d0 0400 | 0001 e960 | 0000 0048 | 3bbb d804 | 0000 750d | 4883 83e0 | 0400 0001 
  0x000072ebdccc2f1c: e94a 0000 | 0048 83bb | c804 0000 | 0075 1748 | 89bb c804 | 0000 48c7 | 83d0 0400 | 0001 0000 
  0x000072ebdccc2f3c: 00e9 2900 | 0000 4883 | bbd8 0400 | 0000 7517 | 4889 bbd8 | 0400 0048 | c783 e004 | 0000 0100 
  0x000072ebdccc2f5c: 0000 e908 | 0000 0048 | 8383 c004 | 0000 018b | 7e24 483b | 0748 8bdf 

  0x000072ebdccc2f74: ;   {metadata(method data for {method} {0x000072ebb8c21fe8} 'drawString' '(Lcom/sun/javafx/scene/text/GlyphList;Lcom/sun/javafx/font/FontStrike;FFLcom/sun/prism/paint/Color;II)V' in 'com/sun/prism/sw/SWGraphics')}
  0x000072ebdccc2f74: 48b8 18aa | 6ab9 eb72 

  0x000072ebdccc2f7c: ;   {metadata('com/sun/prism/sw/SWRTTexture')}
  0x000072ebdccc2f7c: 0000 49ba | a8b5 2324 | 0000 0000 | 4c89 90f8 | 0400 0048 | 8380 0005 | 0000 010f | be7f 3c83 
  0x000072ebdccc2f9c: e701 85ff 

  0x000072ebdccc2fa0: ;   {metadata(method data for {method} {0x000072ebb8c21fe8} 'drawString' '(Lcom/sun/javafx/scene/text/GlyphList;Lcom/sun/javafx/font/FontStrike;FFLcom/sun/prism/paint/Color;II)V' in 'com/sun/prism/sw/SWGraphics')}
  0x000072ebdccc2fa0: 48bf 18aa | 6ab9 eb72 | 0000 bb20 | 0500 0074 | 05bb 3005 | 0000 488b | 041f 488d | 4001 4889 
  0x000072ebdccc2fc0: 041f 0f84 | a601 0000 | 8b7e 4048 | 3b07 488b 

  0x000072ebdccc2fd0: ;   {metadata(method data for {method} {0x000072ebb8c21fe8} 'drawString' '(Lcom/sun/javafx/scene/text/GlyphList;Lcom/sun/javafx/font/FontStrike;FFLcom/sun/prism/paint/Color;II)V' in 'com/sun/prism/sw/SWGraphics')}
  0x000072ebdccc2fd0: df48 b818 | aa6a b9eb | 7200 008b | 5b08 41ba | 0000 0023 | 4903 da48 | 3b98 4805 | 0000 750d 
  0x000072ebdccc2ff0: 4883 8050 | 0500 0001 | e960 0000 | 0048 3b98 | 5805 0000 | 750d 4883 | 8060 0500 | 0001 e94a 
  0x000072ebdccc3010: 0000 0048 | 83b8 4805 | 0000 0075 | 1748 8998 | 4805 0000 | 48c7 8050 | 0500 0001 | 0000 00e9 
  0x000072ebdccc3030: 2900 0000 | 4883 b858 | 0500 0000 | 7517 4889 | 9858 0500 | 0048 c780 | 6005 0000 | 0100 0000 
  0x000072ebdccc3050: e908 0000 | 0048 8380 | 4005 0000 | 018b 7f10 

  0x000072ebdccc3060: ;   {oop(a 'com/sun/prism/paint/Paint$Type'{0x0000000085928128})}
  0x000072ebdccc3060: 49ba 2881 | 9285 0000 | 0000 493b 

  0x000072ebdccc306c: ;   {metadata(method data for {method} {0x000072ebb8c21fe8} 'drawString' '(Lcom/sun/javafx/scene/text/GlyphList;Lcom/sun/javafx/font/FontStrike;FFLcom/sun/prism/paint/Color;II)V' in 'com/sun/prism/sw/SWGraphics')}
  0x000072ebdccc306c: fa48 bf18 | aa6a b9eb | 7200 00bb | 7005 0000 | 7505 bb80 | 0500 0048 | 8b04 1f48 | 8d40 0148 
  0x000072ebdccc308c: 8904 1f0f | 85d9 0000 | 008b 7e2c 

  0x000072ebdccc3098: ; implicit exception: dispatches to 0x000072ebdccc3f86
  0x000072ebdccc3098: 483b 0748 

  0x000072ebdccc309c: ;   {metadata(method data for {method} {0x000072ebb8c21fe8} 'drawString' '(Lcom/sun/javafx/scene/text/GlyphList;Lcom/sun/javafx/font/FontStrike;FFLcom/sun/prism/paint/Color;II)V' in 'com/sun/prism/sw/SWGraphics')}
  0x000072ebdccc309c: 8bdf 48b8 | 18aa 6ab9 | eb72 0000 | 8b5b 0841 | ba00 0000 | 2349 03da | 483b 9898 | 0500 0075 
  0x000072ebdccc30bc: 0d48 8380 | a005 0000 | 01e9 6000 | 0000 483b | 98a8 0500 | 0075 0d48 | 8380 b005 | 0000 01e9 
  0x000072ebdccc30dc: 4a00 0000 | 4883 b898 | 0500 0000 | 7517 4889 | 9898 0500 | 0048 c780 | a005 0000 | 0100 0000 
  0x000072ebdccc30fc: e929 0000 | 0048 83b8 | a805 0000 | 0075 1748 | 8998 a805 | 0000 48c7 | 80b0 0500 | 0001 0000 
  0x000072ebdccc311c: 00e9 0800 | 0000 4883 | 8090 0500 | 0001 488b | f748 b840 | 280f 98eb 

  0x000072ebdccc3134: ;   {virtual_call}
  0x000072ebdccc3134: 7200 00e8 

  0x000072ebdccc3138: ; ImmutableOopMap {[104]=Oop [112]=Oop [120]=Oop [128]=Oop }
                      ;*invokevirtual is2D {reexecute=0 rethrow=0 return_oop=0}
                      ; - com.sun.prism.sw.SWGraphics::drawString@208 (line 604)
  0x000072ebdccc3138: a428 ec06 

  0x000072ebdccc313c: ;   {post_call_nop}
  0x000072ebdccc313c: 0f1f 8400 | b40d 0005 

  0x000072ebdccc3144: ;   {metadata(method data for {method} {0x000072ebb8c21fe8} 'drawString' '(Lcom/sun/javafx/scene/text/GlyphList;Lcom/sun/javafx/font/FontStrike;FFLcom/sun/prism/paint/Color;II)V' in 'com/sun/prism/sw/SWGraphics')}
  0x000072ebdccc3144: 85c0 48be | 18aa 6ab9 | eb72 0000 | bfd0 0500 | 0075 05bf | c005 0000 | 488b 1c3e | 488d 5b01 
  0x000072ebdccc3164: 4889 1c3e | 0f85 0a00 | 0000 be00 | 0000 00e9 | 1500 0000 

  0x000072ebdccc3178: ;   {metadata(method data for {method} {0x000072ebb8c21fe8} 'drawString' '(Lcom/sun/javafx/scene/text/GlyphList;Lcom/sun/javafx/font/FontStrike;FFLcom/sun/prism/paint/Color;II)V' in 'com/sun/prism/sw/SWGraphics')}
  0x000072ebdccc3178: 48be 18aa | 6ab9 eb72 | 0000 ff86 | e005 0000 | be01 0000 

  0x000072ebdccc318c: ;   {metadata(method data for {method} {0x000072ebb8c21fe8} 'drawString' '(Lcom/sun/javafx/scene/text/GlyphList;Lcom/sun/javafx/font/FontStrike;FFLcom/sun/prism/paint/Color;II)V' in 'com/sun/prism/sw/SWGraphics')}
  0x000072ebdccc318c: 0085 f648 | be18 aa6a | b9eb 7200 | 00bf f805 | 0000 7405 | bf08 0600 | 0048 8b1c | 3e48 8d5b 
  0x000072ebdccc31ac: 0148 891c | 3e0f 84a1 | 0100 0048 | 8b74 2470 

  0x000072ebdccc31bc: ;   {metadata(method data for {method} {0x000072ebb8c21fe8} 'drawString' '(Lcom/sun/javafx/scene/text/GlyphList;Lcom/sun/javafx/font/FontStrike;FFLcom/sun/prism/paint/Color;II)V' in 'com/sun/prism/sw/SWGraphics')}
  0x000072ebdccc31bc: 8b7e 1c48 | bb18 aa6a | b9eb 7200 | 0048 8383 | 1806 0000 | 0148 89bc | 24a0 0000 | 0066 0f1f 
  0x000072ebdccc31dc: ;   {static_call}
  0x000072ebdccc31dc: 4400 00e8 

  0x000072ebdccc31e0: ; ImmutableOopMap {[104]=Oop [112]=Oop [120]=Oop [128]=Oop [160]=Oop }
                      ;*invokestatic getLCDContrast {reexecute=0 rethrow=0 return_oop=0}
                      ; - com.sun.prism.sw.SWGraphics::drawString@234 (line 608)
  0x000072ebdccc31e0: fc2a ec06 

  0x000072ebdccc31e4: ;   {post_call_nop}
  0x000072ebdccc31e4: 0f1f 8400 | 5c0e 0006 

  0x000072ebdccc31ec: ;   {section_word}
  0x000072ebdccc31ec: c5fa 100d | 8cf2 ffff | c5f2 5ec8 | 488b bc24 | a000 0000 

  0x000072ebdccc3200: ; implicit exception: dispatches to 0x000072ebdccc3f8b
  0x000072ebdccc3200: 483b 0748 

  0x000072ebdccc3204: ;   {metadata(method data for {method} {0x000072ebb8c21fe8} 'drawString' '(Lcom/sun/javafx/scene/text/GlyphList;Lcom/sun/javafx/font/FontStrike;FFLcom/sun/prism/paint/Color;II)V' in 'com/sun/prism/sw/SWGraphics')}
  0x000072ebdccc3204: 8bf7 48bb | 18aa 6ab9 | eb72 0000 | 8b76 0841 | ba00 0000 | 2349 03f2 | 483b b330 | 0600 0075 
  0x000072ebdccc3224: 0d48 8383 | 3806 0000 | 01e9 6000 | 0000 483b | b340 0600 | 0075 0d48 | 8383 4806 | 0000 01e9 
  0x000072ebdccc3244: 4a00 0000 | 4883 bb30 | 0600 0000 | 7517 4889 | b330 0600 | 0048 c783 | 3806 0000 | 0100 0000 
  0x000072ebdccc3264: e929 0000 | 0048 83bb | 4006 0000 | 0075 1748 | 89b3 4006 | 0000 48c7 | 8348 0600 | 0001 0000 
  0x000072ebdccc3284: 00e9 0800 | 0000 4883 | 8328 0600 

  0x000072ebdccc3290: ;   {metadata(method data for {method} {0x000072ebb8c191c8} 'setLCDGammaCorrection' '(F)V' in 'com/sun/pisces/PiscesRenderer')}
  0x000072ebdccc3290: 0001 48be | 80b7 6ab9 | eb72 0000 | 8b9e 9000 | 0000 83c3 | 0289 9e90 | 0000 0081 | e3fe ff1f 
  0x000072ebdccc32b0: 0085 db0f | 84d7 0c00 | 00c5 f857 | c0c5 f82e | c8be 0100 | 0000 0f8a | 1300 0000 | 0f87 0d00 
  0x000072ebdccc32d0: 0000 be00 | 0000 000f | 8402 0000 | 00ff ce85 

  0x000072ebdccc32e0: ;   {metadata(method data for {method} {0x000072ebb8c191c8} 'setLCDGammaCorrection' '(F)V' in 'com/sun/pisces/PiscesRenderer')}
  0x000072ebdccc32e0: f648 be80 | b76a b9eb | 7200 00bb | e800 0000 | 7e05 bbd8 | 0000 0048 | 8b04 1e48 | 8d40 0148 
  0x000072ebdccc3300: 8904 1e0f | 8e1d 0b00 | 0048 8bf7 

  0x000072ebdccc330c: ;   {metadata(method data for {method} {0x000072ebb8c191c8} 'setLCDGammaCorrection' '(F)V' in 'com/sun/pisces/PiscesRenderer')}
  0x000072ebdccc330c: 48bb 80b7 | 6ab9 eb72 | 0000 4883 | 8308 0100 | 0001 c5f8 | 28c1 488b 

  0x000072ebdccc3324: ;   {optimized virtual_call}
  0x000072ebdccc3324: f766 90e8 

  0x000072ebdccc3328: ; ImmutableOopMap {[104]=Oop [112]=Oop [120]=Oop [128]=Oop }
                      ;*invokevirtual setLCDGammaCorrectionImpl {reexecute=0 rethrow=0 return_oop=0}
                      ; - com.sun.pisces.PiscesRenderer::setLCDGammaCorrection@18 (line 375)
                      ; - com.sun.prism.sw.SWGraphics::drawString@238 (line 608)
  0x000072ebdccc3328: b423 ec06 

  0x000072ebdccc332c: ;   {post_call_nop}
  0x000072ebdccc332c: 0f1f 8400 | a40f 0007 

  0x000072ebdccc3334: ;   {metadata(method data for {method} {0x000072ebb8c21fe8} 'drawString' '(Lcom/sun/javafx/scene/text/GlyphList;Lcom/sun/javafx/font/FontStrike;FFLcom/sun/prism/paint/Color;II)V' in 'com/sun/prism/sw/SWGraphics')}
  0x000072ebdccc3334: 48be 18aa | 6ab9 eb72 | 0000 ff86 | 5806 0000 | 488b 4c24 

  0x000072ebdccc3348: ;   {oop(nullptr)}
  0x000072ebdccc3348: 7848 bf00 | 0000 0000 | 0000 00e9 | d903 0000 | 8bbc 2498 | 0000 0085 

  0x000072ebdccc3360: ;   {metadata(method data for {method} {0x000072ebb8c21fe8} 'drawString' '(Lcom/sun/javafx/scene/text/GlyphList;Lcom/sun/javafx/font/FontStrike;FFLcom/sun/prism/paint/Color;II)V' in 'com/sun/prism/sw/SWGraphics')}
  0x000072ebdccc3360: ff48 be18 | aa6a b9eb | 7200 00bb | 7006 0000 | 7405 bb80 | 0600 0048 | 8b04 1e48 | 8d40 0148 
  0x000072ebdccc3380: 8904 1e89 | bc24 9800 | 0000 0f84 | 0e03 0000 | 488b 4c24 | 7848 3b01 

  0x000072ebdccc3398: ;   {metadata(method data for {method} {0x000072ebb8c21fe8} 'drawString' '(Lcom/sun/javafx/scene/text/GlyphList;Lcom/sun/javafx/font/FontStrike;FFLcom/sun/prism/paint/Color;II)V' in 'com/sun/prism/sw/SWGraphics')}
  0x000072ebdccc3398: 488b f148 | bb18 aa6a | b9eb 7200 | 008b 7608 | 41ba 0000 | 0023 4903 | f248 3bb3 | 9806 0000 
  0x000072ebdccc33b8: 750d 4883 | 83a0 0600 | 0001 e960 | 0000 0048 | 3bb3 a806 | 0000 750d | 4883 83b0 | 0600 0001 
  0x000072ebdccc33d8: e94a 0000 | 0048 83bb | 9806 0000 | 0075 1748 | 89b3 9806 | 0000 48c7 | 83a0 0600 | 0001 0000 
  0x000072ebdccc33f8: 00e9 2900 | 0000 4883 | bba8 0600 | 0000 7517 | 4889 b3a8 | 0600 0048 | c783 b006 | 0000 0100 
  0x000072ebdccc3418: 0000 e908 | 0000 0048 | 8383 9006 | 0000 0148 | 8bf1 6666 | 9048 b868 | 280f 98eb 

  0x000072ebdccc3434: ;   {virtual_call}
  0x000072ebdccc3434: 7200 00e8 

  0x000072ebdccc3438: ; ImmutableOopMap {[104]=Oop [112]=Oop [120]=Oop [128]=Oop }
                      ;*invokeinterface getFontResource {reexecute=0 rethrow=0 return_oop=0}
                      ; - com.sun.prism.sw.SWGraphics::drawString@250 (line 610)
  0x000072ebdccc3438: 5697 4e07 

  0x000072ebdccc343c: ;   {post_call_nop}
  0x000072ebdccc343c: 0f1f 8400 | b410 0008 | 488b 4c24 

  0x000072ebdccc3448: ;   {metadata(method data for {method} {0x000072ebb8c21fe8} 'drawString' '(Lcom/sun/javafx/scene/text/GlyphList;Lcom/sun/javafx/font/FontStrike;FFLcom/sun/prism/paint/Color;II)V' in 'com/sun/prism/sw/SWGraphics')}
  0x000072ebdccc3448: 7848 be18 | aa6a b9eb | 7200 008b | 4908 41ba | 0000 0023 | 4903 ca48 | 3b8e c806 | 0000 750d 
  0x000072ebdccc3468: 4883 86d0 | 0600 0001 | e960 0000 | 0048 3b8e | d806 0000 | 750d 4883 | 86e0 0600 | 0001 e94a 
  0x000072ebdccc3488: 0000 0048 | 83be c806 | 0000 0075 | 1748 898e | c806 0000 | 48c7 86d0 | 0600 0001 | 0000 00e9 
  0x000072ebdccc34a8: 2900 0000 | 4883 bed8 | 0600 0000 | 7517 4889 | 8ed8 0600 | 0048 c786 | e006 0000 | 0100 0000 
  0x000072ebdccc34c8: e908 0000 | 0048 8386 | c006 0000 | 0148 8b74 | 2478 4889 | 8424 a800 | 0000 6666 | 9048 b890 
  0x000072ebdccc34e8: 280f 98eb 

  0x000072ebdccc34ec: ;   {virtual_call}
  0x000072ebdccc34ec: 7200 00e8 

  0x000072ebdccc34f0: ; ImmutableOopMap {[104]=Oop [112]=Oop [120]=Oop [128]=Oop [168]=Oop }
                      ;*invokeinterface getSize {reexecute=0 rethrow=0 return_oop=0}
                      ; - com.sun.prism.sw.SWGraphics::drawString@258 (line 611)
  0x000072ebdccc34f0: 9edc 4c07 

  0x000072ebdccc34f4: ;   {post_call_nop}
  0x000072ebdccc34f4: 0f1f 8400 | 6c11 0009 | 488b 4c24 

  0x000072ebdccc3500: ;   {metadata(method data for {method} {0x000072ebb8c21fe8} 'drawString' '(Lcom/sun/javafx/scene/text/GlyphList;Lcom/sun/javafx/font/FontStrike;FFLcom/sun/prism/paint/Color;II)V' in 'com/sun/prism/sw/SWGraphics')}
  0x000072ebdccc3500: 7848 be18 | aa6a b9eb | 7200 008b | 4908 41ba | 0000 0023 | 4903 ca48 | 3b8e f806 | 0000 750d 
  0x000072ebdccc3520: 4883 8600 | 0700 0001 | e960 0000 | 0048 3b8e | 0807 0000 | 750d 4883 | 8610 0700 | 0001 e94a 
  0x000072ebdccc3540: 0000 0048 | 83be f806 | 0000 0075 | 1748 898e | f806 0000 | 48c7 8600 | 0700 0001 | 0000 00e9 
  0x000072ebdccc3560: 2900 0000 | 4883 be08 | 0700 0000 | 7517 4889 | 8e08 0700 | 0048 c786 | 1007 0000 | 0100 0000 
  0x000072ebdccc3580: e908 0000 | 0048 8386 | f006 0000 | 0148 8b74 | 2478 c5fa | 1184 24f0 | 0000 0066 | 9048 b8b8 
  0x000072ebdccc35a0: 280f 98eb 

  0x000072ebdccc35a4: ;   {virtual_call}
  0x000072ebdccc35a4: 7200 00e8 

  0x000072ebdccc35a8: ; ImmutableOopMap {[104]=Oop [112]=Oop [128]=Oop [168]=Oop }
                      ;*invokeinterface getTransform {reexecute=0 rethrow=0 return_oop=0}
                      ; - com.sun.prism.sw.SWGraphics::drawString@266 (line 612)
  0x000072ebdccc35a8: e61a 5807 

  0x000072ebdccc35ac: ;   {post_call_nop}
  0x000072ebdccc35ac: 0f1f 8400 | 2412 000a | 488b b424 | a800 0000 

  0x000072ebdccc35bc: ; implicit exception: dispatches to 0x000072ebdccc3fb6
  0x000072ebdccc35bc: 483b 0648 

  0x000072ebdccc35c0: ;   {metadata(method data for {method} {0x000072ebb8c21fe8} 'drawString' '(Lcom/sun/javafx/scene/text/GlyphList;Lcom/sun/javafx/font/FontStrike;FFLcom/sun/prism/paint/Color;II)V' in 'com/sun/prism/sw/SWGraphics')}
  0x000072ebdccc35c0: 8bd6 48b9 | 18aa 6ab9 | eb72 0000 | 8b52 0841 | ba00 0000 | 2349 03d2 | 483b 9128 | 0700 0075 
  0x000072ebdccc35e0: 0d48 8381 | 3007 0000 | 01e9 6000 | 0000 483b | 9138 0700 | 0075 0d48 | 8381 4007 | 0000 01e9 
  0x000072ebdccc3600: 4a00 0000 | 4883 b928 | 0700 0000 | 7517 4889 | 9128 0700 | 0048 c781 | 3007 0000 | 0100 0000 
  0x000072ebdccc3620: e929 0000 | 0048 83b9 | 3807 0000 | 0075 1748 | 8991 3807 | 0000 48c7 | 8140 0700 | 0001 0000 
  0x000072ebdccc3640: 00e9 0800 | 0000 4883 | 8120 0700 | 0001 c5fa | 1084 24f0 | 0000 0048 | 8bd0 b900 | 0000 0066 
  0x000072ebdccc3660: 0f1f 4400 | 0048 b8e0 | 280f 98eb 

  0x000072ebdccc366c: ;   {virtual_call}
  0x000072ebdccc366c: 7200 00e8 

  0x000072ebdccc3670: ; ImmutableOopMap {[104]=Oop [112]=Oop [128]=Oop }
                      ;*invokeinterface getStrike {reexecute=0 rethrow=0 return_oop=0}
                      ; - com.sun.prism.sw.SWGraphics::drawString@280 (line 613)
  0x000072ebdccc3670: 9eed f6ff 

  0x000072ebdccc3674: ;   {post_call_nop}
  0x000072ebdccc3674: 0f1f 8400 | ec12 000b 

  0x000072ebdccc367c: ;   {metadata(method data for {method} {0x000072ebb8c21fe8} 'drawString' '(Lcom/sun/javafx/scene/text/GlyphList;Lcom/sun/javafx/font/FontStrike;FFLcom/sun/prism/paint/Color;II)V' in 'com/sun/prism/sw/SWGraphics')}
  0x000072ebdccc367c: 48ba 18aa | 6ab9 eb72 | 0000 ff82 | 5007 0000 

  0x000072ebdccc368c: ;   {oop(nullptr)}
  0x000072ebdccc368c: 488b c848 | bf00 0000 | 0000 0000 | 00e9 9300 

  0x000072ebdccc369c: ;   {metadata('com/sun/javafx/geom/transform/Affine2D')}
  0x000072ebdccc369c: 0000 48ba | 38d9 1124 | 0000 0000 | 498b 87c8 | 0100 0048 | 8d78 4849 | 3bbf d801 | 0000 0f87 
  0x000072ebdccc36bc: fb08 0000 | 4989 bfc8 | 0100 0048 | c700 0100 | 0000 488b | ca41 ba00 | 0000 2349 | 2bca 8948 
  0x000072ebdccc36dc: 0848 33c9 | 8948 0c48 | 33c9 bf07 | 0000 0048 | 894c f808 | 48ff cf75 | f648 8bf0 

  0x000072ebdccc36f8: ;   {metadata(method data for {method} {0x000072ebb8c21fe8} 'drawString' '(Lcom/sun/javafx/scene/text/GlyphList;Lcom/sun/javafx/font/FontStrike;FFLcom/sun/prism/paint/Color;II)V' in 'com/sun/prism/sw/SWGraphics')}
  0x000072ebdccc36f8: 48bf 18aa | 6ab9 eb72 | 0000 4883 | 8768 0700 | 0001 488b | f048 8984 | 24b0 0000 

  0x000072ebdccc3714: ;   {optimized virtual_call}
  0x000072ebdccc3714: 0066 90e8 

  0x000072ebdccc3718: ; ImmutableOopMap {[104]=Oop [112]=Oop [120]=Oop [128]=Oop [176]=Oop }
                      ;*invokespecial <init> {reexecute=0 rethrow=0 return_oop=0}
                      ; - com.sun.prism.sw.SWGraphics::drawString@293 (line 615)
  0x000072ebdccc3718: c41f ec06 

  0x000072ebdccc371c: ;   {post_call_nop}
  0x000072ebdccc371c: 0f1f 8400 | 9413 000c | 488b bc24 | b000 0000 | 488b 4c24 | 784c 8b84 | 2480 0000 | 004d 85c0 
  0x000072ebdccc373c: ;   {metadata(method data for {method} {0x000072ebb8c21fe8} 'drawString' '(Lcom/sun/javafx/scene/text/GlyphList;Lcom/sun/javafx/font/FontStrike;FFLcom/sun/prism/paint/Color;II)V' in 'com/sun/prism/sw/SWGraphics')}
  0x000072ebdccc373c: 48ba 18aa | 6ab9 eb72 | 0000 be78 | 0700 0075 | 05be 8807 | 0000 488b | 1c32 488d | 5b01 4889 
  0x000072ebdccc375c: 1c32 4889 | bc24 c000 | 0000 4889 | 8c24 b800 | 0000 0f85 | 5b02 0000 | 488b 7424 | 708b 5e28 
  0x000072ebdccc377c: 8b56 408b | 462c 483b | 034c 8bc3 

  0x000072ebdccc3788: ;   {metadata(method data for {method} {0x000072ebb8c21fe8} 'drawString' '(Lcom/sun/javafx/scene/text/GlyphList;Lcom/sun/javafx/font/FontStrike;FFLcom/sun/prism/paint/Color;II)V' in 'com/sun/prism/sw/SWGraphics')}
  0x000072ebdccc3788: 49b9 18aa | 6ab9 eb72 | 0000 458b | 4008 41ba | 0000 0023 | 4d03 c24d | 3b81 a007 | 0000 750d 
  0x000072ebdccc37a8: 4983 81a8 | 0700 0001 | e960 0000 | 004d 3b81 | b007 0000 | 750d 4983 | 81b8 0700 | 0001 e94a 
  0x000072ebdccc37c8: 0000 0049 | 83b9 a007 | 0000 0075 | 174d 8981 | a007 0000 | 49c7 81a8 | 0700 0001 | 0000 00e9 
  0x000072ebdccc37e8: 2900 0000 | 4983 b9b0 | 0700 0000 | 7517 4d89 | 81b0 0700 | 0049 c781 | b807 0000 | 0100 0000 
  0x000072ebdccc3808: e908 0000 | 0049 8381 | 9807 0000 | 0148 8bc8 | c5fa 1084 | 24e0 0000 | 00c5 fa10 | 8c24 e400 
  0x000072ebdccc3828: 0000 c5fa | 1094 24e8 | 0000 00c5 | fa10 9c24 | ec00 0000 

  0x000072ebdccc383c: ;   {optimized virtual_call}
  0x000072ebdccc383c: 488b f3e8 

  0x000072ebdccc3840: ; ImmutableOopMap {[104]=Oop [112]=Oop [184]=Oop [192]=Oop }
                      ;*invokevirtual setPaintBeforeDraw {reexecute=0 rethrow=0 return_oop=0}
                      ; - com.sun.prism.sw.SWGraphics::drawString@323 (line 619)
  0x000072ebdccc3840: bcb7 cbff 

  0x000072ebdccc3844: ;   {post_call_nop}
  0x000072ebdccc3844: 0f1f 8400 | bc14 000d | bb00 0000 | 00e9 b500 | 0000 6690 

  0x000072ebdccc3858: ;   {metadata(method data for {method} {0x000072ebb8c21fe8} 'drawString' '(Lcom/sun/javafx/scene/text/GlyphList;Lcom/sun/javafx/font/FontStrike;FFLcom/sun/prism/paint/Color;II)V' in 'com/sun/prism/sw/SWGraphics')}
  0x000072ebdccc3858: 4c8b c649 | b918 aa6a | b9eb 7200 | 0049 8381 | 1808 0000 | 014c 8bda | 488b d148 | 898c 24b8 
  0x000072ebdccc3878: 0000 0049 | 8bcb 4c8b | c34c 8bcf | 4889 bc24 | c000 0000 | 488b f8c5 | f828 d0c5 | f828 c2c5 
  0x000072ebdccc3898: f828 d9c5 | f828 cb48 | 8b74 2470 | 8984 2498 | 0000 0089 | 9c24 9c00 | 0000 0f1f 

  0x000072ebdccc38b4: ;   {optimized virtual_call}
  0x000072ebdccc38b4: 4400 00e8 

  0x000072ebdccc38b8: ; ImmutableOopMap {[104]=Oop [112]=Oop [184]=Oop [192]=Oop }
                      ;*invokevirtual drawGlyph {reexecute=0 rethrow=0 return_oop=0}
                      ; - com.sun.prism.sw.SWGraphics::drawString@352 (line 621)
  0x000072ebdccc38b8: f4ed 5807 

  0x000072ebdccc38bc: ;   {post_call_nop}
  0x000072ebdccc38bc: 0f1f 8400 | 3415 000e | 8b9c 249c | 0000 00ff 

  0x000072ebdccc38cc: ;   {metadata(method data for {method} {0x000072ebb8c21fe8} 'drawString' '(Lcom/sun/javafx/scene/text/GlyphList;Lcom/sun/javafx/font/FontStrike;FFLcom/sun/prism/paint/Color;II)V' in 'com/sun/prism/sw/SWGraphics')}
  0x000072ebdccc38cc: c348 ba18 | aa6a b9eb | 7200 008b | 8a94 0000 | 0083 c102 | 898a 9400 | 0000 81e1 | fe3f 0000 
  0x000072ebdccc38ec: 85c9 0f84 | d906 0000 

  0x000072ebdccc38f4: ; ImmutableOopMap {[104]=Oop [112]=Oop [184]=Oop [192]=Oop }
                      ;*goto {reexecute=1 rethrow=0 return_oop=0}
                      ; - (reexecute) com.sun.prism.sw.SWGraphics::drawString@358 (line 620)
  0x000072ebdccc38f4: 4d8b 5730 

  0x000072ebdccc38f8: ;   {poll}
  0x000072ebdccc38f8: 4185 0248 | ba18 aa6a | b9eb 7200 | 00ff 8248 | 0800 0048 | 8bbc 24c0 | 0000 0048 | 8b8c 24b8 
  0x000072ebdccc3918: 0000 008b | 8424 9800 | 0000 c5fa | 108c 24d8 | 0000 00c5 | fa10 8424 | cc00 0000 | 488b 5424 
  0x000072ebdccc3938: 6848 8b74 | 2470 4885 | d20f 8426 

  0x000072ebdccc3944: ;   {metadata('com/sun/javafx/text/TextRun')}
  0x000072ebdccc3944: 0000 0049 | bd28 6a22 | 2400 0000 | 0044 8b5a | 0841 ba00 | 0000 234d | 03da 4d3b | 6b38 0f85 
  0x000072ebdccc3964: 8606 0000 | e900 0000 | 004c 8bc2 

  0x000072ebdccc3970: ; implicit exception: dispatches to 0x000072ebdccc3ff3
  0x000072ebdccc3970: 483b 024c 

  0x000072ebdccc3974: ;   {metadata(method data for {method} {0x000072ebb8c21fe8} 'drawString' '(Lcom/sun/javafx/scene/text/GlyphList;Lcom/sun/javafx/font/FontStrike;FFLcom/sun/prism/paint/Color;II)V' in 'com/sun/prism/sw/SWGraphics')}
  0x000072ebdccc3974: 8bc2 49b9 | 18aa 6ab9 | eb72 0000 

  0x000072ebdccc3980: ;   {metadata('com/sun/javafx/text/TextRun')}
  0x000072ebdccc3980: 49ba 286a | 2224 0000 | 0000 4d89 | 91d0 0700 | 0049 8381 | d807 0000 | 0144 8b42 | 0c41 3bd8 
  0x000072ebdccc39a0: ;   {metadata(method data for {method} {0x000072ebb8c21fe8} 'drawString' '(Lcom/sun/javafx/scene/text/GlyphList;Lcom/sun/javafx/font/FontStrike;FFLcom/sun/prism/paint/Color;II)V' in 'com/sun/prism/sw/SWGraphics')}
  0x000072ebdccc39a0: 49b8 18aa | 6ab9 eb72 | 0000 41b9 | f807 0000 | 7d06 41b9 | 0808 0000 | 4f8b 1c08 | 4d8d 5b01 
  0x000072ebdccc39c0: 4f89 1c08 | 0f8d 3904 | 0000 e989 | feff ffbf | 0000 0000 | c5fa 10ac | 24ec 0000 | 00c5 fa10 
  0x000072ebdccc39e0: a424 e800 | 0000 c5fa | 109c 24e4 | 0000 00c5 | fa10 9424 | e000 0000 | 8b9c 248c | 0000 0044 
  0x000072ebdccc3a00: 8b8c 2488 | 0000 0090 | 488b 5424 | 6848 8b74 | 2470 4885 | d20f 8425 

  0x000072ebdccc3a18: ;   {metadata('com/sun/javafx/text/TextRun')}
  0x000072ebdccc3a18: 0000 0048 | b928 6a22 | 2400 0000 | 008b 4208 | 41ba 0000 | 0023 4903 | c248 3b48 | 380f 85bd 
  0x000072ebdccc3a38: 0500 00e9 | 0000 0000 | 4c8b ea48 | 3b02 488b 

  0x000072ebdccc3a48: ;   {metadata(method data for {method} {0x000072ebb8c21fe8} 'drawString' '(Lcom/sun/javafx/scene/text/GlyphList;Lcom/sun/javafx/font/FontStrike;FFLcom/sun/prism/paint/Color;II)V' in 'com/sun/prism/sw/SWGraphics')}
  0x000072ebdccc3a48: ca48 b818 | aa6a b9eb 

  0x000072ebdccc3a50: ;   {metadata('com/sun/javafx/text/TextRun')}
  0x000072ebdccc3a50: 7200 0049 | ba28 6a22 | 2400 0000 | 004c 8990 | 8008 0000 | 4883 8088 | 0800 0001 | 8b4a 0c3b 
  0x000072ebdccc3a70: ;   {metadata(method data for {method} {0x000072ebb8c21fe8} 'drawString' '(Lcom/sun/javafx/scene/text/GlyphList;Lcom/sun/javafx/font/FontStrike;FFLcom/sun/prism/paint/Color;II)V' in 'com/sun/prism/sw/SWGraphics')}
  0x000072ebdccc3a70: f948 b918 | aa6a b9eb | 7200 00b8 | a808 0000 | 7d05 b8b8 | 0800 004c | 8b2c 014d | 8d6d 014c 
  0x000072ebdccc3a90: 892c 010f | 8d7a 0300 | 0048 85d2 | 0f84 2600 

  0x000072ebdccc3aa0: ;   {metadata('com/sun/javafx/text/TextRun')}
  0x000072ebdccc3aa0: 0000 49be | 286a 2224 | 0000 0000 | 448b 6a08 | 41ba 0000 | 0023 4d03 | ea4d 3b75 | 380f 853f 
  0x000072ebdccc3ac0: 0500 00e9 | 0000 0000 | 488b ca48 

  0x000072ebdccc3acc: ;   {metadata(method data for {method} {0x000072ebb8c21fe8} 'drawString' '(Lcom/sun/javafx/scene/text/GlyphList;Lcom/sun/javafx/font/FontStrike;FFLcom/sun/prism/paint/Color;II)V' in 'com/sun/prism/sw/SWGraphics')}
  0x000072ebdccc3acc: 8bca 48b8 | 18aa 6ab9 | eb72 0000 

  0x000072ebdccc3ad8: ;   {metadata('com/sun/javafx/text/TextRun')}
  0x000072ebdccc3ad8: 49ba 286a | 2224 0000 | 0000 4c89 | 90d0 0800 | 0048 8380 | d808 0000 

  0x000072ebdccc3af0: ;   {metadata(method data for {method} {0x000072ebb8b1daf0} 'getCharOffset' '(I)I' in 'com/sun/javafx/text/TextRun')}
  0x000072ebdccc3af0: 0148 b900 | b96a b9eb | 7200 008b | 8190 0000 | 0083 c002 | 8981 9000 | 0000 25fe | ff1f 0085 
  0x000072ebdccc3b10: c00f 84f0 | 0400 008b | 4a48 4885 

  0x000072ebdccc3b1c: ;   {metadata(method data for {method} {0x000072ebb8b1daf0} 'getCharOffset' '(I)I' in 'com/sun/javafx/text/TextRun')}
  0x000072ebdccc3b1c: c948 b800 | b96a b9eb | 7200 0041 | bdd8 0000 | 0075 0641 | bde8 0000 | 004e 8b34 | 284d 8d76 
  0x000072ebdccc3b3c: 014e 8934 | 280f 8518 

  0x000072ebdccc3b44: ;   {metadata(method data for {method} {0x000072ebb8b1daf0} 'getCharOffset' '(I)I' in 'com/sun/javafx/text/TextRun')}
  0x000072ebdccc3b44: 0000 0048 | b900 b96a | b9eb 7200 | 00ff 81f8 | 0000 0048 | 8bcf e910 | 0000 003b | 790c 0f83 
  0x000072ebdccc3b64: ca04 0000 | 4863 c78b | 4c81 1044 

  0x000072ebdccc3b70: ;   {metadata(method data for {method} {0x000072ebb8c21fe8} 'drawString' '(Lcom/sun/javafx/scene/text/GlyphList;Lcom/sun/javafx/font/FontStrike;FFLcom/sun/prism/paint/Color;II)V' in 'com/sun/prism/sw/SWGraphics')}
  0x000072ebdccc3b70: 3bc9 48b8 | 18aa 6ab9 | eb72 0000 | 41bd f808 | 0000 7f06 | 41bd 0809 | 0000 4e8b | 3428 4d8d 
  0x000072ebdccc3b90: 7601 4e89 | 3428 0f8f | 2a00 0000 

  0x000072ebdccc3b9c: ;   {metadata(method data for {method} {0x000072ebb8c21fe8} 'drawString' '(Lcom/sun/javafx/scene/text/GlyphList;Lcom/sun/javafx/font/FontStrike;FFLcom/sun/prism/paint/Color;II)V' in 'com/sun/prism/sw/SWGraphics')}
  0x000072ebdccc3b9c: 3bcb 48b9 | 18aa 6ab9 | eb72 0000 | b828 0900 | 007c 05b8 | 1809 0000 | 4c8b 2c01 | 4d8d 6d01 
  0x000072ebdccc3bbc: 4c89 2c01 | 0f8c 0a00 | 0000 b900 | 0000 00e9 | 1500 0000 

  0x000072ebdccc3bd0: ;   {metadata(method data for {method} {0x000072ebb8c21fe8} 'drawString' '(Lcom/sun/javafx/scene/text/GlyphList;Lcom/sun/javafx/font/FontStrike;FFLcom/sun/prism/paint/Color;II)V' in 'com/sun/prism/sw/SWGraphics')}
  0x000072ebdccc3bd0: 48b9 18aa | 6ab9 eb72 | 0000 ff81 | 3809 0000 | b901 0000 | 008b 4628 

  0x000072ebdccc3be8: ;   {metadata(method data for {method} {0x000072ebb8c21fe8} 'drawString' '(Lcom/sun/javafx/scene/text/GlyphList;Lcom/sun/javafx/font/FontStrike;FFLcom/sun/prism/paint/Color;II)V' in 'com/sun/prism/sw/SWGraphics')}
  0x000072ebdccc3be8: 85c9 48b9 | 18aa 6ab9 | eb72 0000 | 41bd 5009 | 0000 7406 | 41bd 6009 | 0000 4e8b | 3429 4d8d 
  0x000072ebdccc3c08: 7601 4e89 | 3429 0f84 | 1800 0000 

  0x000072ebdccc3c14: ;   {metadata(method data for {method} {0x000072ebb8c21fe8} 'drawString' '(Lcom/sun/javafx/scene/text/GlyphList;Lcom/sun/javafx/font/FontStrike;FFLcom/sun/prism/paint/Color;II)V' in 'com/sun/prism/sw/SWGraphics')}
  0x000072ebdccc3c14: 48b9 18aa | 6ab9 eb72 | 0000 ff81 | 7009 0000 | 498b c8e9 | 0300 0000 | 8b4e 4089 | bc24 c800 
  0x000072ebdccc3c34: 0000 8b7e | 2c48 3b00 

  0x000072ebdccc3c3c: ;   {metadata(method data for {method} {0x000072ebb8c21fe8} 'drawString' '(Lcom/sun/javafx/scene/text/GlyphList;Lcom/sun/javafx/font/FontStrike;FFLcom/sun/prism/paint/Color;II)V' in 'com/sun/prism/sw/SWGraphics')}
  0x000072ebdccc3c3c: 488b d849 | b818 aa6a | b9eb 7200 | 008b 5b08 | 41ba 0000 | 0023 4903 | da49 3b98 | 9009 0000 
  0x000072ebdccc3c5c: 750d 4983 | 8098 0900 | 0001 e960 | 0000 0049 | 3b98 a009 | 0000 750d | 4983 80a8 | 0900 0001 
  0x000072ebdccc3c7c: e94a 0000 | 0049 83b8 | 9009 0000 | 0075 1749 | 8998 9009 | 0000 49c7 | 8098 0900 | 0001 0000 
  0x000072ebdccc3c9c: 00e9 2900 | 0000 4983 | b8a0 0900 | 0000 7517 | 4989 98a0 | 0900 0049 | c780 a809 | 0000 0100 
  0x000072ebdccc3cbc: 0000 e908 | 0000 0049 | 8380 8809 | 0000 0148 | 8bd1 488b | cfc5 f828 | c2c5 f828 | cbc5 fa11 
  0x000072ebdccc3cdc: 9424 e000 | 0000 c5f8 | 28d4 c5fa | 119c 24e4 | 0000 00c5 | f828 dd48 | 8bf0 c5fa | 11a4 24e8 
  0x000072ebdccc3cfc: 0000 00c5 | fa11 ac24 | ec00 0000 | 0f1f 8000 

  0x000072ebdccc3d0c: ;   {optimized virtual_call}
  0x000072ebdccc3d0c: 0000 00e8 

  0x000072ebdccc3d10: ; ImmutableOopMap {[104]=Oop [112]=Oop [128]=Oop [184]=Oop [192]=Oop }
                      ;*invokevirtual setPaintBeforeDraw {reexecute=0 rethrow=0 return_oop=0}
                      ; - com.sun.prism.sw.SWGraphics::drawString@439 (line 627)
  0x000072ebdccc3d10: cc19 ec06 

  0x000072ebdccc3d14: ;   {post_call_nop}
  0x000072ebdccc3d14: 0f1f 8400 | 8c19 0010 | 488b 7424 

  0x000072ebdccc3d20: ;   {metadata(method data for {method} {0x000072ebb8c21fe8} 'drawString' '(Lcom/sun/javafx/scene/text/GlyphList;Lcom/sun/javafx/font/FontStrike;FFLcom/sun/prism/paint/Color;II)V' in 'com/sun/prism/sw/SWGraphics')}
  0x000072ebdccc3d20: 7048 ba18 | aa6a b9eb | 7200 0048 | 8382 b809 | 0000 0148 | 8b94 24b8 | 0000 0048 | 8b4c 2468 
  0x000072ebdccc3d40: 448b 8424 | c800 0000 | 4c8b 8c24 | c000 0000 | 8bbc 2498 | 0000 00c5 | fa10 8424 | cc00 0000 
  0x000072ebdccc3d60: c5fa 108c | 24d8 0000 | 0048 8b74 

  0x000072ebdccc3d6c: ;   {optimized virtual_call}
  0x000072ebdccc3d6c: 2470 90e8 

  0x000072ebdccc3d70: ; ImmutableOopMap {[104]=Oop [112]=Oop [128]=Oop [184]=Oop [192]=Oop }
                      ;*invokevirtual drawGlyph {reexecute=0 rethrow=0 return_oop=0}
                      ; - com.sun.prism.sw.SWGraphics::drawString@454 (line 628)
  0x000072ebdccc3d70: 6c19 ec06 

  0x000072ebdccc3d74: ;   {post_call_nop}
  0x000072ebdccc3d74: 0f1f 8400 | ec19 0011 | 8bbc 24c8 | 0000 00ff 

  0x000072ebdccc3d84: ;   {metadata(method data for {method} {0x000072ebb8c21fe8} 'drawString' '(Lcom/sun/javafx/scene/text/GlyphList;Lcom/sun/javafx/font/FontStrike;FFLcom/sun/prism/paint/Color;II)V' in 'com/sun/prism/sw/SWGraphics')}
  0x000072ebdccc3d84: c748 ba18 | aa6a b9eb | 7200 008b | b294 0000 | 0083 c602 | 89b2 9400 | 0000 81e6 | fe3f 0000 
  0x000072ebdccc3da4: 85f6 0f84 | 9902 0000 

  0x000072ebdccc3dac: ; ImmutableOopMap {[104]=Oop [112]=Oop [128]=Oop [184]=Oop [192]=Oop }
                      ;*goto {reexecute=1 rethrow=0 return_oop=0}
                      ; - (reexecute) com.sun.prism.sw.SWGraphics::drawString@460 (line 624)
  0x000072ebdccc3dac: 4d8b 5730 

  0x000072ebdccc3db0: ;   {poll}
  0x000072ebdccc3db0: 4185 0248 | ba18 aa6a | b9eb 7200 | 00ff 82e8 | 0900 00c5 | fa10 ac24 | ec00 0000 | c5fa 10a4 
  0x000072ebdccc3dd0: 24e8 0000 | 00c5 fa10 | 9c24 e400 | 0000 c5fa | 1094 24e0 | 0000 008b | 9c24 8c00 | 0000 448b 
  0x000072ebdccc3df0: 8c24 8800 | 0000 4c8b | 8424 8000 | 0000 e905 

  0x000072ebdccc3e00: ;   {metadata(method data for {method} {0x000072ebb8c21fe8} 'drawString' '(Lcom/sun/javafx/scene/text/GlyphList;Lcom/sun/javafx/font/FontStrike;FFLcom/sun/prism/paint/Color;II)V' in 'com/sun/prism/sw/SWGraphics')}
  0x000072ebdccc3e00: fcff ff48 | ba18 aa6a | b9eb 7200 | 00ff 8260 | 0800 0048 | 81c4 0001 

  0x000072ebdccc3e18: ;   {poll_return}
  0x000072ebdccc3e18: 0000 5d49 | 3b67 280f | 8741 0200 | 00c3 6690 

  0x000072ebdccc3e28: ;   {other}
  0x000072ebdccc3e28: e95e 0200 | 0000 0000 | 0000 498b | 87c8 0100 | 0048 8d78 | 2849 3bbf | d801 0000 | 0f87 4b02 
  0x000072ebdccc3e48: 0000 4989 | bfc8 0100 | 0048 c700 | 0100 0000 | 488b ca41 | ba00 0000 | 2349 2bca | 8948 0848 
  0x000072ebdccc3e68: 33c9 8948 | 0c48 33c9 | 4889 4810 | 4889 4818 | 4889 4820 

  0x000072ebdccc3e7c: ;   {metadata(method data for {method} {0x000072ebb8c191c8} 'setLCDGammaCorrection' '(F)V' in 'com/sun/pisces/PiscesRenderer')}
  0x000072ebdccc3e7c: 488b d048 | be80 b76a | b9eb 7200 | 0048 8386 | f800 0000 

  0x000072ebdccc3e90: ;   {oop("Gamma must be greater than zero"{0x00000000881e4ec8})}
  0x000072ebdccc3e90: 0148 bac8 | 4e1e 8800 | 0000 0048 | 8bf0 4889 | 8424 d000 

  0x000072ebdccc3ea4: ;   {optimized virtual_call}
  0x000072ebdccc3ea4: 0000 90e8 

  0x000072ebdccc3ea8: ; ImmutableOopMap {[104]=Oop [112]=Oop [120]=Oop [128]=Oop [208]=Oop }
                      ;*invokespecial <init> {reexecute=0 rethrow=0 return_oop=0}
                      ; - com.sun.pisces.PiscesRenderer::setLCDGammaCorrection@12 (line 373)
                      ; - com.sun.prism.sw.SWGraphics::drawString@238 (line 608)
  0x000072ebdccc3ea8: 3418 ec06 

  0x000072ebdccc3eac: ;   {post_call_nop}
  0x000072ebdccc3eac: 0f1f 8400 | 241b 0013 | 488b 8424 | d000 0000 | e9fe 0100 

  0x000072ebdccc3ec0: ;   {metadata({method} {0x000072ebb8c21fe8} 'drawString' '(Lcom/sun/javafx/scene/text/GlyphList;Lcom/sun/javafx/font/FontStrike;FFLcom/sun/prism/paint/Color;II)V' in 'com/sun/prism/sw/SWGraphics')}
  0x000072ebdccc3ec0: 0049 bae8 | 1fc2 b8eb | 7200 004c | 8954 2408 | 48c7 0424 | ffff ffff 

  0x000072ebdccc3ed8: ;   {runtime_call C1 Runtime counter_overflow_blob}
  0x000072ebdccc3ed8: e803 40f9 

  0x000072ebdccc3edc: ; ImmutableOopMap {rsi=Oop rdx=Oop rcx=Oop r8=Oop [104]=Oop [112]=Oop [120]=Oop [128]=Oop }
                      ;*synchronization entry
                      ; - com.sun.prism.sw.SWGraphics::drawString@-1 (line 575)
  0x000072ebdccc3edc: 06e9 5be6 

  0x000072ebdccc3ee0: ;   {runtime_call C1 Runtime throw_null_pointer_exception_blob}
  0x000072ebdccc3ee0: ffff e879 

  0x000072ebdccc3ee4: ; ImmutableOopMap {rsi=Oop rdx=Oop rcx=Oop r8=Oop rbx=Oop [104]=Oop [112]=Oop [120]=Oop [128]=Oop }
                      ;*invokevirtual isProportional {reexecute=0 rethrow=0 return_oop=0}
                      ; - com.sun.prism.sw.SWGraphics::drawString@34 (line 582)
                      ;   {runtime_call C1 Runtime throw_null_pointer_exception_blob}
  0x000072ebdccc3ee4: 15f0 06e8 

  0x000072ebdccc3ee8: ; ImmutableOopMap {rsi=Oop rdx=Oop rcx=Oop r8=Oop rbx=Oop [104]=Oop [112]=Oop [120]=Oop [128]=Oop }
                      ;*invokevirtual getMinX {reexecute=0 rethrow=0 return_oop=0}
                      ; - com.sun.prism.sw.SWGraphics::drawString@51 (line 584)
  0x000072ebdccc3ee8: 7415 f006 

  0x000072ebdccc3eec: ;   {metadata({method} {0x000072ebb8660df8} 'getWidth' '()F' in 'com/sun/javafx/geom/RectBounds')}
  0x000072ebdccc3eec: 49ba f80d | 66b8 eb72 | 0000 4c89 | 5424 0848 | c704 24ff 

  0x000072ebdccc3f00: ;   {runtime_call C1 Runtime counter_overflow_blob}
  0x000072ebdccc3f00: ffff ffe8 

  0x000072ebdccc3f04: ; ImmutableOopMap {rsi=Oop rdx=Oop rcx=Oop r8=Oop rbx=Oop [104]=Oop [112]=Oop [120]=Oop [128]=Oop }
                      ;*synchronization entry
                      ; - com.sun.javafx.geom.RectBounds::getWidth@-1 (line 90)
                      ; - com.sun.prism.sw.SWGraphics::drawString@69 (line 586)
  0x000072ebdccc3f04: d83f f906 | e91c e9ff 

  0x000072ebdccc3f0c: ;   {metadata({method} {0x000072ebb8660e98} 'getHeight' '()F' in 'com/sun/javafx/geom/RectBounds')}
  0x000072ebdccc3f0c: ff49 ba98 | 0e66 b8eb | 7200 004c | 8954 2408 | 48c7 0424 | ffff ffff 

  0x000072ebdccc3f24: ;   {runtime_call C1 Runtime counter_overflow_blob}
  0x000072ebdccc3f24: e8b7 3ff9 

  0x000072ebdccc3f28: ; ImmutableOopMap {rsi=Oop rdx=Oop rcx=Oop r8=Oop rbx=Oop [104]=Oop [112]=Oop [120]=Oop [128]=Oop }
                      ;*synchronization entry
                      ; - com.sun.javafx.geom.RectBounds::getHeight@-1 (line 98)
                      ; - com.sun.prism.sw.SWGraphics::drawString@78 (line 587)
  0x000072ebdccc3f28: 06e9 bfe9 

  0x000072ebdccc3f2c: ;   {runtime_call C1 Runtime throw_null_pointer_exception_blob}
  0x000072ebdccc3f2c: ffff e82d 

  0x000072ebdccc3f30: ; ImmutableOopMap {rcx=Oop [104]=Oop [112]=Oop [120]=Oop [128]=Oop }
                      ;*invokeinterface getMetrics {reexecute=0 rethrow=0 return_oop=0}
                      ; - com.sun.prism.sw.SWGraphics::drawString@87 (line 589)
                      ;   {runtime_call C1 Runtime throw_incompatible_class_change_error_blob}
  0x000072ebdccc3f30: 15f0 06e8 

  0x000072ebdccc3f34: ; ImmutableOopMap {rax=Oop [104]=Oop [112]=Oop [120]=Oop [128]=Oop }
                      ;*invokeinterface getAscent {reexecute=0 rethrow=0 return_oop=0}
                      ; - com.sun.prism.sw.SWGraphics::drawString@99 (line 591)
  0x000072ebdccc3f34: 2824 f906 

  0x000072ebdccc3f38: ;   {runtime_call C1 Runtime throw_null_pointer_exception_blob}
  0x000072ebdccc3f38: e823 15f0 

  0x000072ebdccc3f3c: ; ImmutableOopMap {rax=Oop [104]=Oop [112]=Oop [120]=Oop [128]=Oop }
                      ;*invokeinterface getAscent {reexecute=0 rethrow=0 return_oop=0}
                      ; - com.sun.prism.sw.SWGraphics::drawString@99 (line 591)
                      ;   {runtime_call C1 Runtime throw_incompatible_class_change_error_blob}
  0x000072ebdccc3f3c: 06e8 1e24 

  0x000072ebdccc3f40: ; ImmutableOopMap {rax=Oop rdx=Oop [104]=Oop [112]=Oop [120]=Oop [128]=Oop }
                      ;*invokeinterface getWidth {reexecute=0 rethrow=0 return_oop=0}
                      ; - com.sun.prism.sw.SWGraphics::drawString@107 (line 592)
                      ;   {runtime_call C1 Runtime throw_null_pointer_exception_blob}
  0x000072ebdccc3f40: f906 e819 

  0x000072ebdccc3f44: ; ImmutableOopMap {rax=Oop rdx=Oop [104]=Oop [112]=Oop [120]=Oop [128]=Oop }
                      ;*invokeinterface getWidth {reexecute=0 rethrow=0 return_oop=0}
                      ; - com.sun.prism.sw.SWGraphics::drawString@107 (line 592)
                      ;   {runtime_call C1 Runtime throw_incompatible_class_change_error_blob}
  0x000072ebdccc3f44: 15f0 06e8 

  0x000072ebdccc3f48: ; ImmutableOopMap {rax=Oop [104]=Oop [112]=Oop [120]=Oop [128]=Oop }
                      ;*invokeinterface getLineHeight {reexecute=0 rethrow=0 return_oop=0}
                      ; - com.sun.prism.sw.SWGraphics::drawString@116 (line 593)
  0x000072ebdccc3f48: 1424 f906 

  0x000072ebdccc3f4c: ;   {metadata({method} {0x000072ebb8b222a8} 'getLineHeight' '()F' in 'com/sun/javafx/font/PrismMetrics')}
  0x000072ebdccc3f4c: 49ba a822 | b2b8 eb72 | 0000 4c89 | 5424 0848 | c704 24ff 

  0x000072ebdccc3f60: ;   {runtime_call C1 Runtime counter_overflow_blob}
  0x000072ebdccc3f60: ffff ffe8 

  0x000072ebdccc3f64: ; ImmutableOopMap {rax=Oop [104]=Oop [112]=Oop [120]=Oop [128]=Oop }
                      ;*synchronization entry
                      ; - com.sun.javafx.font.PrismMetrics::getLineHeight@-1 (line 69)
                      ; - com.sun.prism.sw.SWGraphics::drawString@116 (line 593)
  0x000072ebdccc3f64: 783f f906 | e9d5 ebff 

  0x000072ebdccc3f6c: ;   {runtime_call C1 Runtime throw_null_pointer_exception_blob}
  0x000072ebdccc3f6c: ffe8 ee14 

  0x000072ebdccc3f70: ; ImmutableOopMap {rsi=Oop rdi=Oop [104]=Oop [112]=Oop [120]=Oop [128]=Oop }
                      ;*invokevirtual isTranslateOrIdentity {reexecute=0 rethrow=0 return_oop=0}
                      ; - com.sun.prism.sw.SWGraphics::drawString@142 (line 599)
                      ;   {runtime_call C1 Runtime throw_null_pointer_exception_blob}
  0x000072ebdccc3f70: f006 e8e9 

  0x000072ebdccc3f74: ; ImmutableOopMap {rcx=Oop [104]=Oop [112]=Oop [120]=Oop [128]=Oop }
                      ;*invokeinterface drawAsShapes {reexecute=0 rethrow=0 return_oop=0}
                      ; - com.sun.prism.sw.SWGraphics::drawString@149 (line 599)
                      ;   {runtime_call C1 Runtime throw_null_pointer_exception_blob}
  0x000072ebdccc3f74: 14f0 06e8 

  0x000072ebdccc3f78: ; ImmutableOopMap {rcx=Oop [104]=Oop [112]=Oop [120]=Oop [128]=Oop }
                      ;*invokeinterface getAAMode {reexecute=0 rethrow=0 return_oop=0}
                      ; - com.sun.prism.sw.SWGraphics::drawString@170 (line 601)
  0x000072ebdccc3f78: e414 f006 

  0x000072ebdccc3f7c: ;   {runtime_call C1 Runtime throw_null_pointer_exception_blob}
  0x000072ebdccc3f7c: e8df 14f0 

  0x000072ebdccc3f80: ; ImmutableOopMap {rsi=Oop rdi=Oop [104]=Oop [112]=Oop [120]=Oop [128]=Oop }
                      ;*invokeinterface isOpaque {reexecute=0 rethrow=0 return_oop=0}
                      ; - com.sun.prism.sw.SWGraphics::drawString@183 (line 602)
                      ;   {runtime_call C1 Runtime throw_null_pointer_exception_blob}
  0x000072ebdccc3f80: 06e8 da14 

  0x000072ebdccc3f84: ; ImmutableOopMap {rsi=Oop rdi=Oop [104]=Oop [112]=Oop [120]=Oop [128]=Oop }
                      ;*invokevirtual getType {reexecute=0 rethrow=0 return_oop=0}
                      ; - com.sun.prism.sw.SWGraphics::drawString@195 (line 603)
                      ;   {runtime_call C1 Runtime throw_null_pointer_exception_blob}
  0x000072ebdccc3f84: f006 e8d5 

  0x000072ebdccc3f88: ; ImmutableOopMap {rsi=Oop rdi=Oop [104]=Oop [112]=Oop [120]=Oop [128]=Oop }
                      ;*invokevirtual is2D {reexecute=0 rethrow=0 return_oop=0}
                      ; - com.sun.prism.sw.SWGraphics::drawString@208 (line 604)
                      ;   {runtime_call C1 Runtime throw_null_pointer_exception_blob}
  0x000072ebdccc3f88: 14f0 06e8 

  0x000072ebdccc3f8c: ; ImmutableOopMap {rdi=Oop [104]=Oop [112]=Oop [120]=Oop [128]=Oop }
                      ;*invokevirtual setLCDGammaCorrection {reexecute=0 rethrow=0 return_oop=0}
                      ; - com.sun.prism.sw.SWGraphics::drawString@238 (line 608)
  0x000072ebdccc3f8c: d014 f006 

  0x000072ebdccc3f90: ;   {metadata({method} {0x000072ebb8c191c8} 'setLCDGammaCorrection' '(F)V' in 'com/sun/pisces/PiscesRenderer')}
  0x000072ebdccc3f90: 49ba c891 | c1b8 eb72 | 0000 4c89 | 5424 0848 | c704 24ff 

  0x000072ebdccc3fa4: ;   {runtime_call C1 Runtime counter_overflow_blob}
  0x000072ebdccc3fa4: ffff ffe8 

  0x000072ebdccc3fa8: ; ImmutableOopMap {rdi=Oop [104]=Oop [112]=Oop [120]=Oop [128]=Oop }
                      ;*synchronization entry
                      ; - com.sun.pisces.PiscesRenderer::setLCDGammaCorrection@-1 (line 372)
                      ; - com.sun.prism.sw.SWGraphics::drawString@238 (line 608)
  0x000072ebdccc3fa8: 343f f906 | e908 f3ff 

  0x000072ebdccc3fb0: ;   {runtime_call C1 Runtime throw_null_pointer_exception_blob}
  0x000072ebdccc3fb0: ffe8 aa14 

  0x000072ebdccc3fb4: ; ImmutableOopMap {rcx=Oop [104]=Oop [112]=Oop [120]=Oop [128]=Oop }
                      ;*invokeinterface getFontResource {reexecute=0 rethrow=0 return_oop=0}
                      ; - com.sun.prism.sw.SWGraphics::drawString@250 (line 610)
                      ;   {runtime_call C1 Runtime throw_null_pointer_exception_blob}
  0x000072ebdccc3fb4: f006 e8a5 

  0x000072ebdccc3fb8: ; ImmutableOopMap {rax=Oop rsi=Oop [104]=Oop [112]=Oop [128]=Oop }
                      ;*invokeinterface getStrike {reexecute=0 rethrow=0 return_oop=0}
                      ; - com.sun.prism.sw.SWGraphics::drawString@280 (line 613)
  0x000072ebdccc3fb8: 14f0 0648 

  0x000072ebdccc3fbc: ;   {runtime_call C1 Runtime fast_new_instance_blob}
  0x000072ebdccc3fbc: 8bd2 e89d 

  0x000072ebdccc3fc0: ; ImmutableOopMap {[104]=Oop [112]=Oop [120]=Oop [128]=Oop }
                      ;*new {reexecute=0 rethrow=0 return_oop=0}
                      ; - com.sun.prism.sw.SWGraphics::drawString@289 (line 615)
  0x000072ebdccc3fc0: 0bf0 06e9 | 2df7 ffff 

  0x000072ebdccc3fc8: ;   {runtime_call C1 Runtime throw_null_pointer_exception_blob}
  0x000072ebdccc3fc8: e893 14f0 

  0x000072ebdccc3fcc: ; ImmutableOopMap {rsi=Oop rbx=Oop rdx=Oop rax=Oop [104]=Oop [112]=Oop [184]=Oop [192]=Oop }
                      ;*invokevirtual setPaintBeforeDraw {reexecute=0 rethrow=0 return_oop=0}
                      ; - com.sun.prism.sw.SWGraphics::drawString@323 (line 619)
                      ;   {metadata({method} {0x000072ebb8c21fe8} 'drawString' '(Lcom/sun/javafx/scene/text/GlyphList;Lcom/sun/javafx/font/FontStrike;FFLcom/sun/prism/paint/Color;II)V' in 'com/sun/prism/sw/SWGraphics')}
  0x000072ebdccc3fcc: 0649 bae8 | 1fc2 b8eb | 7200 004c | 8954 2408 | 48c7 0424 | 6601 0000 

  0x000072ebdccc3fe4: ;   {runtime_call C1 Runtime counter_overflow_blob}
  0x000072ebdccc3fe4: e8f7 3ef9 

  0x000072ebdccc3fe8: ; ImmutableOopMap {[104]=Oop [112]=Oop [184]=Oop [192]=Oop }
                      ;*goto {reexecute=1 rethrow=0 return_oop=0}
                      ; - (reexecute) com.sun.prism.sw.SWGraphics::drawString@358 (line 620)
  0x000072ebdccc3fe8: 06e9 06f9 

  0x000072ebdccc3fec: ;   {runtime_call C1 Runtime throw_incompatible_class_change_error_blob}
  0x000072ebdccc3fec: ffff e86d 

  0x000072ebdccc3ff0: ; ImmutableOopMap {rdi=Oop rcx=Oop rsi=Oop rdx=Oop [104]=Oop [112]=Oop }
                      ;*invokeinterface getGlyphCount {reexecute=0 rethrow=0 return_oop=0}
                      ; - com.sun.prism.sw.SWGraphics::drawString@332 (line 620)
                      ;   {runtime_call C1 Runtime throw_null_pointer_exception_blob}
  0x000072ebdccc3ff0: 23f9 06e8 

  0x000072ebdccc3ff4: ; ImmutableOopMap {rdi=Oop rcx=Oop rsi=Oop rdx=Oop [104]=Oop [112]=Oop }
                      ;*invokeinterface getGlyphCount {reexecute=0 rethrow=0 return_oop=0}
                      ; - com.sun.prism.sw.SWGraphics::drawString@332 (line 620)
  0x000072ebdccc3ff4: 6814 f006 

  0x000072ebdccc3ff8: ;   {runtime_call C1 Runtime throw_incompatible_class_change_error_blob}
  0x000072ebdccc3ff8: e863 23f9 

  0x000072ebdccc3ffc: ; ImmutableOopMap {r8=Oop rdx=Oop rsi=Oop [104]=Oop [112]=Oop [128]=Oop [184]=Oop [192]=Oop }
                      ;*invokeinterface getGlyphCount {reexecute=0 rethrow=0 return_oop=0}
                      ; - com.sun.prism.sw.SWGraphics::drawString@370 (line 624)
                      ;   {runtime_call C1 Runtime throw_null_pointer_exception_blob}
  0x000072ebdccc3ffc: 06e8 5e14 

  0x000072ebdccc4000: ; ImmutableOopMap {r8=Oop rdx=Oop rsi=Oop [104]=Oop [112]=Oop [128]=Oop [184]=Oop [192]=Oop }
                      ;*invokeinterface getGlyphCount {reexecute=0 rethrow=0 return_oop=0}
                      ; - com.sun.prism.sw.SWGraphics::drawString@370 (line 624)
                      ;   {runtime_call C1 Runtime throw_incompatible_class_change_error_blob}
  0x000072ebdccc4000: f006 e859 

  0x000072ebdccc4004: ; ImmutableOopMap {r8=Oop rdx=Oop rsi=Oop [104]=Oop [112]=Oop [128]=Oop [184]=Oop [192]=Oop }
                      ;*invokeinterface getCharOffset {reexecute=0 rethrow=0 return_oop=0}
                      ; - com.sun.prism.sw.SWGraphics::drawString@381 (line 625)
                      ;   {metadata({method} {0x000072ebb8b1daf0} 'getCharOffset' '(I)I' in 'com/sun/javafx/text/TextRun')}
  0x000072ebdccc4004: 23f9 0649 | baf0 dab1 | b8eb 7200 | 004c 8954 | 2408 48c7 | 0424 ffff 

  0x000072ebdccc401c: ;   {runtime_call C1 Runtime counter_overflow_blob}
  0x000072ebdccc401c: ffff e8bd 

  0x000072ebdccc4020: ; ImmutableOopMap {r8=Oop rdx=Oop rsi=Oop [104]=Oop [112]=Oop [128]=Oop [184]=Oop [192]=Oop }
                      ;*synchronization entry
                      ; - com.sun.javafx.text.TextRun::getCharOffset@-1 (line 553)
                      ; - com.sun.prism.sw.SWGraphics::drawString@381 (line 625)
  0x000072ebdccc4020: 3ef9 06e9 | effa ffff 

  0x000072ebdccc4028: ;   {runtime_call C1 Runtime throw_null_pointer_exception_blob}
  0x000072ebdccc4028: e833 14f0 

  0x000072ebdccc402c: ; ImmutableOopMap {r8=Oop rdx=Oop rsi=Oop rcx=Oop [104]=Oop [112]=Oop [128]=Oop [184]=Oop [192]=Oop }
                      ;*iaload {reexecute=0 rethrow=0 return_oop=0}
                      ; - com.sun.javafx.text.TextRun::getCharOffset@16 (line 553)
                      ; - com.sun.prism.sw.SWGraphics::drawString@381 (line 625)
                      ;   {runtime_call C1 Runtime throw_null_pointer_exception_blob}
  0x000072ebdccc402c: 06e8 2e14 

  0x000072ebdccc4030: ; ImmutableOopMap {r8=Oop rdx=Oop rsi=Oop rcx=Oop [104]=Oop [112]=Oop [128]=Oop [184]=Oop [192]=Oop }
                      ;*iaload {reexecute=0 rethrow=0 return_oop=0}
                      ; - com.sun.javafx.text.TextRun::getCharOffset@16 (line 553)
                      ; - com.sun.prism.sw.SWGraphics::drawString@381 (line 625)
  0x000072ebdccc4030: f006 4889 | 3c24 4889 

  0x000072ebdccc4038: ;   {runtime_call C1 Runtime throw_range_check_failed_blob}
  0x000072ebdccc4038: 4c24 08e8 

  0x000072ebdccc403c: ; ImmutableOopMap {r8=Oop rdx=Oop rsi=Oop rcx=Oop [104]=Oop [112]=Oop [128]=Oop [184]=Oop [192]=Oop }
                      ;*iaload {reexecute=0 rethrow=0 return_oop=0}
                      ; - com.sun.javafx.text.TextRun::getCharOffset@16 (line 553)
                      ; - com.sun.prism.sw.SWGraphics::drawString@381 (line 625)
  0x000072ebdccc403c: 201d f006 

  0x000072ebdccc4040: ;   {runtime_call C1 Runtime throw_null_pointer_exception_blob}
  0x000072ebdccc4040: e81b 14f0 

  0x000072ebdccc4044: ; ImmutableOopMap {rsi=Oop rax=Oop rcx=Oop rdi=Oop [104]=Oop [112]=Oop [128]=Oop [184]=Oop [192]=Oop }
                      ;*invokevirtual setPaintBeforeDraw {reexecute=0 rethrow=0 return_oop=0}
                      ; - com.sun.prism.sw.SWGraphics::drawString@439 (line 627)
                      ;   {metadata({method} {0x000072ebb8c21fe8} 'drawString' '(Lcom/sun/javafx/scene/text/GlyphList;Lcom/sun/javafx/font/FontStrike;FFLcom/sun/prism/paint/Color;II)V' in 'com/sun/prism/sw/SWGraphics')}
  0x000072ebdccc4044: 0649 bae8 | 1fc2 b8eb | 7200 004c | 8954 2408 | 48c7 0424 | cc01 0000 

  0x000072ebdccc405c: ;   {runtime_call C1 Runtime counter_overflow_blob}
  0x000072ebdccc405c: e87f 3ef9 

  0x000072ebdccc4060: ; ImmutableOopMap {[104]=Oop [112]=Oop [128]=Oop [184]=Oop [192]=Oop }
                      ;*goto {reexecute=1 rethrow=0 return_oop=0}
                      ; - (reexecute) com.sun.prism.sw.SWGraphics::drawString@460 (line 624)
  0x000072ebdccc4060: 06e9 46fd 

  0x000072ebdccc4064: ;   {internal_word}
  0x000072ebdccc4064: ffff 49ba | 1b3e ccdc | eb72 0000 | 4d89 9738 

  0x000072ebdccc4074: ;   {runtime_call SafepointBlob}
  0x000072ebdccc4074: 0500 00e9 | e437 ec06 

  0x000072ebdccc407c: ;   {metadata(nullptr)}
  0x000072ebdccc407c: 48ba 0000 | 0000 0000 | 0000 b800 

  0x000072ebdccc4088: ;   {runtime_call C1 Runtime load_klass_patching_blob}
  0x000072ebdccc4088: 0f05 0ae8 

  0x000072ebdccc408c: ; ImmutableOopMap {[104]=Oop [112]=Oop [120]=Oop [128]=Oop }
                      ;*new {reexecute=1 rethrow=0 return_oop=0}
                      ; - (reexecute) com.sun.pisces.PiscesRenderer::setLCDGammaCorrection@6 (line 373)
                      ; - com.sun.prism.sw.SWGraphics::drawString@238 (line 608)
  0x000072ebdccc408c: d00e f906 | e993 fdff | ff48 8bd2 

  0x000072ebdccc4098: ;   {runtime_call C1 Runtime fast_new_instance_blob}
  0x000072ebdccc4098: e8c3 0af0 

  0x000072ebdccc409c: ; ImmutableOopMap {[104]=Oop [112]=Oop [120]=Oop [128]=Oop }
                      ;*new {reexecute=0 rethrow=0 return_oop=0}
                      ; - com.sun.pisces.PiscesRenderer::setLCDGammaCorrection@6 (line 373)
                      ; - com.sun.prism.sw.SWGraphics::drawString@238 (line 608)
  0x000072ebdccc409c: 06e9 dafd | ffff 498b | 87e0 0500 | 0049 c787 | e005 0000 | 0000 0000 | 49c7 87e8 | 0500 0000 
  0x000072ebdccc40bc: 0000 0048 | 81c4 0001 

  0x000072ebdccc40c4: ;   {runtime_call C1 Runtime unwind_exception_blob}
  0x000072ebdccc40c4: 0000 5de9 | 9422 f006 | f4f4 f4f4 
[Stub Code]
  0x000072ebdccc40d0: ;   {other}
  0x000072ebdccc40d0: 0f1f 4400 

  0x000072ebdccc40d4: ;   {static_stub}
  0x000072ebdccc40d4: 0048 bb00 | 0000 0000 

  0x000072ebdccc40dc: ;   {runtime_call nmethod}
  0x000072ebdccc40dc: 0000 00e9 | fbff ffff 

  0x000072ebdccc40e4: ;   {static_stub}
  0x000072ebdccc40e4: 9048 bb00 | 0000 0000 

  0x000072ebdccc40ec: ;   {runtime_call nmethod}
  0x000072ebdccc40ec: 0000 00e9 | fbff ffff 

  0x000072ebdccc40f4: ;   {static_stub}
  0x000072ebdccc40f4: 9048 bb00 | 0000 0000 

  0x000072ebdccc40fc: ;   {runtime_call nmethod}
  0x000072ebdccc40fc: 0000 00e9 | fbff ffff 

  0x000072ebdccc4104: ;   {static_stub}
  0x000072ebdccc4104: 9048 bb00 | 0000 0000 

  0x000072ebdccc410c: ;   {runtime_call nmethod}
  0x000072ebdccc410c: 0000 00e9 | fbff ffff 

  0x000072ebdccc4114: ;   {static_stub}
  0x000072ebdccc4114: 9048 bb00 | 0000 0000 

  0x000072ebdccc411c: ;   {runtime_call nmethod}
  0x000072ebdccc411c: 0000 00e9 | fbff ffff 

  0x000072ebdccc4124: ;   {static_stub}
  0x000072ebdccc4124: 9048 bb00 | 0000 0000 

  0x000072ebdccc412c: ;   {runtime_call nmethod}
  0x000072ebdccc412c: 0000 00e9 | fbff ffff 

  0x000072ebdccc4134: ;   {static_stub}
  0x000072ebdccc4134: 9048 bb00 | 0000 0000 

  0x000072ebdccc413c: ;   {runtime_call nmethod}
  0x000072ebdccc413c: 0000 00e9 | fbff ffff 

  0x000072ebdccc4144: ;   {static_stub}
  0x000072ebdccc4144: 9048 bb00 | 0000 0000 

  0x000072ebdccc414c: ;   {runtime_call nmethod}
  0x000072ebdccc414c: 0000 00e9 | fbff ffff 

  0x000072ebdccc4154: ;   {static_stub}
  0x000072ebdccc4154: 9048 bb00 | 0000 0000 

  0x000072ebdccc415c: ;   {runtime_call nmethod}
  0x000072ebdccc415c: 0000 00e9 | fbff ffff 

  0x000072ebdccc4164: ;   {static_stub}
  0x000072ebdccc4164: 9048 bb00 | 0000 0000 

  0x000072ebdccc416c: ;   {runtime_call nmethod}
  0x000072ebdccc416c: 0000 00e9 | fbff ffff 

  0x000072ebdccc4174: ;   {static_stub}
  0x000072ebdccc4174: 48bb 0000 | 0000 0000 

  0x000072ebdccc417c: ;   {runtime_call nmethod}
  0x000072ebdccc417c: 0000 e9fb 

  0x000072ebdccc4180: ;   {static_stub}
  0x000072ebdccc4180: ffff ff48 | bb00 0000 | 0000 0000 

  0x000072ebdccc418c: ;   {runtime_call nmethod}
  0x000072ebdccc418c: 00e9 fbff 

  0x000072ebdccc4190: ;   {static_stub}
  0x000072ebdccc4190: ffff 48bb | 0000 0000 | 0000 0000 

  0x000072ebdccc419c: ;   {runtime_call nmethod}
  0x000072ebdccc419c: e9fb ffff 

  0x000072ebdccc41a0: ;   {static_stub}
  0x000072ebdccc41a0: ff48 bb00 | 0000 0000 

  0x000072ebdccc41a8: ;   {runtime_call nmethod}
  0x000072ebdccc41a8: 0000 00e9 | fbff ffff 

  0x000072ebdccc41b0: ;   {static_stub}
  0x000072ebdccc41b0: 48bb 0000 | 0000 0000 

  0x000072ebdccc41b8: ;   {runtime_call nmethod}
  0x000072ebdccc41b8: 0000 e9fb 

  0x000072ebdccc41bc: ;   {static_stub}
  0x000072ebdccc41bc: ffff ff48 | bb00 0000 | 0000 0000 

  0x000072ebdccc41c8: ;   {runtime_call nmethod}
  0x000072ebdccc41c8: 00e9 fbff 

  0x000072ebdccc41cc: ;   {runtime_call C1 Runtime handle_exception_from_callee_blob}
  0x000072ebdccc41cc: ffff e88d 

  0x000072ebdccc41d0: ;   {external_word}
  0x000072ebdccc41d0: f4ef 0648 | bf8b 253e | fbeb 7200 | 0048 83e4 

  0x000072ebdccc41e0: ;   {runtime_call MacroAssembler::debug64(char*, long, long*)}
  0x000072ebdccc41e0: f0e8 3ae1 

  0x000072ebdccc41e4: ;   {section_word}
  0x000072ebdccc41e4: 251e f449 | bae7 41cc | dceb 7200 

  0x000072ebdccc41f0: ;   {runtime_call DeoptimizationBlob}
  0x000072ebdccc41f0: 0041 52e9 | 6839 ec06 
[/MachCode]


---------------  P R O C E S S  ---------------

Threads class SMR info:
_java_thread_list=0x000072eb5871b7b0, length=18, elements={
0x000072ebf402cc60, 0x000072ebf40fb5a0, 0x000072ebf40fcdd0, 0x000072ebf40fe940,
0x000072ebf4100260, 0x000072ebf4101ae0, 0x000072ebf41038e0, 0x000072ebf41052d0,
0x000072ebf411ece0, 0x000072ebf41ddf50, 0x000072ebf41dec50, 0x000072ebf427b190,
0x000072ebf4516200, 0x000072ebf46ec8c0, 0x000072ebf46efff0, 0x000072eb5823bfb0,
0x000072eb80320f80, 0x000072eb58537950
}

Java Threads: ( => current thread )
  0x000072ebf402cc60 JavaThread "main"                              [_thread_blocked, id=5270, stack(0x000072ebfb900000,0x000072ebfba00000) (1024K)]
  0x000072ebf40fb5a0 JavaThread "Reference Handler"          daemon [_thread_blocked, id=5282, stack(0x000072ebf8100000,0x000072ebf8200000) (1024K)]
  0x000072ebf40fcdd0 JavaThread "Finalizer"                  daemon [_thread_blocked, id=5283, stack(0x000072ebf8000000,0x000072ebf8100000) (1024K)]
  0x000072ebf40fe940 JavaThread "Signal Dispatcher"          daemon [_thread_blocked, id=5284, stack(0x000072ebf3f00000,0x000072ebf4000000) (1024K)]
  0x000072ebf4100260 JavaThread "Service Thread"             daemon [_thread_blocked, id=5285, stack(0x000072ebda650000,0x000072ebda750000) (1024K)]
  0x000072ebf4101ae0 JavaThread "Monitor Deflation Thread"   daemon [_thread_blocked, id=5286, stack(0x000072ebd8500000,0x000072ebd8600000) (1024K)]
  0x000072ebf41038e0 JavaThread "C2 CompilerThread0"         daemon [_thread_blocked, id=5287, stack(0x000072ebd8400000,0x000072ebd8500000) (1024K)]
  0x000072ebf41052d0 JavaThread "C1 CompilerThread0"         daemon [_thread_blocked, id=5288, stack(0x000072ebd8300000,0x000072ebd8400000) (1024K)]
  0x000072ebf411ece0 JavaThread "Common-Cleaner"             daemon [_thread_blocked, id=5290, stack(0x000072ebd8200000,0x000072ebd8300000) (1024K)]
  0x000072ebf41ddf50 JavaThread "Monitor Ctrl-Break"         daemon [_thread_in_native, id=5292, stack(0x000072ebd8000000,0x000072ebd8100000) (1024K)]
  0x000072ebf41dec50 JavaThread "Notification Thread"        daemon [_thread_blocked, id=5293, stack(0x000072eb8ff00000,0x000072eb90000000) (1024K)]
=>0x000072ebf427b190 JavaThread "QuantumRenderer-0"          daemon [_thread_in_vm, id=5294, stack(0x000072eb8fe00000,0x000072eb8ff00000) (1024K)]
  0x000072ebf4516200 JavaThread "InvokeLaterDispatcher"      daemon [_thread_blocked, id=5303, stack(0x000072ebd8100000,0x000072ebd8200000) (1024K)]
  0x000072ebf46ec8c0 JavaThread "JavaFX Application Thread"         [_thread_in_native, id=5304, stack(0x000072eb751c7000,0x000072eb752c7000) (1024K)]
  0x000072ebf46efff0 JavaThread "JavaFX-Launcher"                   [_thread_blocked, id=5306, stack(0x000072eb74878000,0x000072eb74978000) (1024K)]
  0x000072eb5823bfb0 JavaThread "Prism Font Disposer"        daemon [_thread_blocked, id=5316, stack(0x000072eb47f00000,0x000072eb48000000) (1024K)]
  0x000072eb80320f80 JavaThread "Cleaner-0"                  daemon [_thread_blocked, id=5318, stack(0x000072eb47b00000,0x000072eb47c00000) (1024K)]
  0x000072eb58537950 JavaThread "PostgreSQL-JDBC-Cleaner"    daemon [_thread_blocked, id=5322, stack(0x000072eb45eff000,0x000072eb45fff000) (1024K)]
Total: 18

Other Threads:
  0x000072ebf40f1650 VMThread "VM Thread"                           [id=5281, stack(0x000072ebf893d000,0x000072ebf8a3d000) (1024K)]
  0x000072ebf40e14d0 WatcherThread "VM Periodic Task Thread"        [id=5280, stack(0x000072ebf8a3e000,0x000072ebf8b3e000) (1024K)]
  0x000072ebf4089f20 WorkerThread "GC Thread#0"                     [id=5273, stack(0x000072ebf937a000,0x000072ebf947a000) (1024K)]
  0x000072ebc0006c70 WorkerThread "GC Thread#1"                     [id=5307, stack(0x000072eb74778000,0x000072eb74878000) (1024K)]
  0x000072ebc0007a00 WorkerThread "GC Thread#2"                     [id=5308, stack(0x000072eb74677000,0x000072eb74777000) (1024K)]
  0x000072ebc0008800 WorkerThread "GC Thread#3"                     [id=5309, stack(0x000072eb74576000,0x000072eb74676000) (1024K)]
  0x000072ebf40a27e0 ConcurrentGCThread "G1 Main Marker"            [id=5274, stack(0x000072ebf9279000,0x000072ebf9379000) (1024K)]
  0x000072ebf40a39b0 WorkerThread "G1 Conc#0"                       [id=5275, stack(0x000072ebf9178000,0x000072ebf9278000) (1024K)]
  0x000072ebf40d1460 ConcurrentGCThread "G1 Refine#0"               [id=5276, stack(0x000072ebf8c73000,0x000072ebf8d73000) (1024K)]
  0x000072ebf40d2650 ConcurrentGCThread "G1 Service"                [id=5277, stack(0x000072ebf8b72000,0x000072ebf8c72000) (1024K)]
Total: 10

Threads with active compile tasks:
Total: 0

VM state: not at safepoint (normal execution)

VM Mutex/Monitor currently owned by a thread: None

Heap address: 0x0000000085400000, size: 1964 MB, Compressed Oops mode: 32-bit

CDS archive(s) mapped at: [0x0000000023000000-0x0000000023d93000-0x0000000023d93000), size 14233600, SharedBaseAddress: 0x0000000023000000, ArchiveRelocationMode: 1.
Compressed class space mapped at: 0x0000000024000000-0x0000000064000000, reserved size: 1073741824
UseCompressedClassPointers 1, UseCompactObjectHeaders 0
Narrow klass pointer bits 32, Max shift 3
Narrow klass base: 0x0000000023000000, Narrow klass shift: 0
Encoding Range: [0x0000000023000000 - 0x0000000123000000), (4294967296 bytes)
Klass Range:    [0x0000000023001000 - 0x0000000064000000), (1090514944 bytes)
Klass ID Range:  [4096 - 1090519033) (1090514937)
Protection zone: [0x0000000023000000 - 0x0000000023001000), (4096 bytes)

GC Precious Log:
 CardTable entry size: 512
 Card Set container configuration: InlinePtr #cards 5 size 8 Array Of Cards #cards 10 size 36 Howl #buckets 4 coarsen threshold 1843 Howl Bitmap #cards 512 size 80 coarsen threshold 460 Card regions per heap region 1 cards per card region 2048
 CPUs: 4 total, 4 available
 Memory: 7851M
 Large Page Support: Disabled
 NUMA Support: Disabled
 Compressed Oops: Enabled (32-bit)
 Heap Region Size: 1M
 Heap Min Capacity: 8M
 Heap Initial Capacity: 124M
 Heap Max Capacity: 1964M
 Pre-touch: Disabled
 Parallel Workers: 4
 Concurrent Workers: 1
 Concurrent Refinement Workers: 4
 Periodic GC: Disabled

Heap:
 garbage-first heap   total reserved 2011136K, committed 54272K, used 42902K [0x0000000085400000, 0x0000000100000000)
  region size 1024K, 20 young (20480K), 3 survivors (3072K)

Heap Regions: E=young(eden), S=young(survivor), O=old, HS=humongous(starts), HC=humongous(continues), CS=collection set, F=free, TAMS=top-at-mark-start, PB=parsable bottom
|   0|0x0000000085400000, 0x0000000085500000, 0x0000000085500000|100%|HS|  |TAMS 0x0000000085400000| PB 0x0000000085400000| Complete |  0
|   1|0x0000000085500000, 0x0000000085600000, 0x0000000085600000|100%|HC|  |TAMS 0x0000000085500000| PB 0x0000000085500000| Complete |  0
|   2|0x0000000085600000, 0x0000000085700000, 0x0000000085700000|100%| O|  |TAMS 0x0000000085600000| PB 0x0000000085600000| Untracked |  0
|   3|0x0000000085700000, 0x0000000085800000, 0x0000000085800000|100%| O|  |TAMS 0x0000000085700000| PB 0x0000000085700000| Untracked |  0
|   4|0x0000000085800000, 0x0000000085900000, 0x0000000085900000|100%| O|  |TAMS 0x0000000085800000| PB 0x0000000085800000| Untracked |  0
|   5|0x0000000085900000, 0x0000000085a00000, 0x0000000085a00000|100%| O|  |TAMS 0x0000000085900000| PB 0x0000000085900000| Untracked |  0
|   6|0x0000000085a00000, 0x0000000085b00000, 0x0000000085b00000|100%| O|  |TAMS 0x0000000085a00000| PB 0x0000000085a00000| Untracked |  0
|   7|0x0000000085b00000, 0x0000000085c00000, 0x0000000085c00000|100%| O|  |TAMS 0x0000000085b00000| PB 0x0000000085b00000| Untracked |  0
|   8|0x0000000085c00000, 0x0000000085d00000, 0x0000000085d00000|100%| O|  |TAMS 0x0000000085c00000| PB 0x0000000085c00000| Untracked |  0
|   9|0x0000000085d00000, 0x0000000085e00000, 0x0000000085e00000|100%| O|  |TAMS 0x0000000085d00000| PB 0x0000000085d00000| Untracked |  0
|  10|0x0000000085e00000, 0x0000000085f00000, 0x0000000085f00000|100%| O|  |TAMS 0x0000000085e00000| PB 0x0000000085e00000| Untracked |  0
|  11|0x0000000085f00000, 0x0000000085fc3e10, 0x0000000086000000| 76%| O|  |TAMS 0x0000000085f00000| PB 0x0000000085f00000| Untracked |  0
|  12|0x0000000086000000, 0x0000000086100000, 0x0000000086100000|100%|HS|  |TAMS 0x0000000086000000| PB 0x0000000086000000| Complete |  0
|  13|0x0000000086100000, 0x0000000086200000, 0x0000000086200000|100%|HC|  |TAMS 0x0000000086100000| PB 0x0000000086100000| Complete |  0
|  14|0x0000000086200000, 0x0000000086300000, 0x0000000086300000|100%|HC|  |TAMS 0x0000000086200000| PB 0x0000000086200000| Complete |  0
|  15|0x0000000086300000, 0x0000000086400000, 0x0000000086400000|100%|HC|  |TAMS 0x0000000086300000| PB 0x0000000086300000| Complete |  0
|  16|0x0000000086400000, 0x0000000086500000, 0x0000000086500000|100%|HC|  |TAMS 0x0000000086400000| PB 0x0000000086400000| Complete |  0
|  17|0x0000000086500000, 0x0000000086600000, 0x0000000086600000|100%|HC|  |TAMS 0x0000000086500000| PB 0x0000000086500000| Complete |  0
|  18|0x0000000086600000, 0x0000000086700000, 0x0000000086700000|100%|HC|  |TAMS 0x0000000086600000| PB 0x0000000086600000| Complete |  0
|  19|0x0000000086700000, 0x0000000086800000, 0x0000000086800000|100%|HC|  |TAMS 0x0000000086700000| PB 0x0000000086700000| Complete |  0
|  20|0x0000000086800000, 0x0000000086900000, 0x0000000086900000|100%|HC|  |TAMS 0x0000000086800000| PB 0x0000000086800000| Complete |  0
|  21|0x0000000086900000, 0x0000000086a00000, 0x0000000086a00000|100%|HS|  |TAMS 0x0000000086900000| PB 0x0000000086900000| Complete |  0
|  22|0x0000000086a00000, 0x0000000086b00000, 0x0000000086b00000|100%|HC|  |TAMS 0x0000000086a00000| PB 0x0000000086a00000| Complete |  0
|  23|0x0000000086b00000, 0x0000000086b00000, 0x0000000086c00000|  0%| F|  |TAMS 0x0000000086b00000| PB 0x0000000086b00000| Untracked |  0
|  24|0x0000000086c00000, 0x0000000086c00000, 0x0000000086d00000|  0%| F|  |TAMS 0x0000000086c00000| PB 0x0000000086c00000| Untracked |  0
|  25|0x0000000086d00000, 0x0000000086d00000, 0x0000000086e00000|  0%| F|  |TAMS 0x0000000086d00000| PB 0x0000000086d00000| Untracked |  0
|  26|0x0000000086e00000, 0x0000000086e00000, 0x0000000086f00000|  0%| F|  |TAMS 0x0000000086e00000| PB 0x0000000086e00000| Untracked |  0
|  27|0x0000000086f00000, 0x0000000086f00000, 0x0000000087000000|  0%| F|  |TAMS 0x0000000086f00000| PB 0x0000000086f00000| Untracked |  0
|  28|0x0000000087000000, 0x0000000087000000, 0x0000000087100000|  0%| F|  |TAMS 0x0000000087000000| PB 0x0000000087000000| Untracked |  0
|  29|0x0000000087100000, 0x0000000087100000, 0x0000000087200000|  0%| F|  |TAMS 0x0000000087100000| PB 0x0000000087100000| Untracked |  0
|  30|0x0000000087200000, 0x0000000087200000, 0x0000000087300000|  0%| F|  |TAMS 0x0000000087200000| PB 0x0000000087200000| Untracked |  0
|  31|0x0000000087300000, 0x00000000873d0ac0, 0x0000000087400000| 81%| E|  |TAMS 0x0000000087300000| PB 0x0000000087300000| Complete |  0
|  32|0x0000000087400000, 0x0000000087500000, 0x0000000087500000|100%| E|CS|TAMS 0x0000000087400000| PB 0x0000000087400000| Complete |  0
|  33|0x0000000087500000, 0x0000000087600000, 0x0000000087600000|100%| E|CS|TAMS 0x0000000087500000| PB 0x0000000087500000| Complete |  0
|  34|0x0000000087600000, 0x0000000087700000, 0x0000000087700000|100%| E|CS|TAMS 0x0000000087600000| PB 0x0000000087600000| Complete |  0
|  35|0x0000000087700000, 0x0000000087800000, 0x0000000087800000|100%| E|CS|TAMS 0x0000000087700000| PB 0x0000000087700000| Complete |  0
|  36|0x0000000087800000, 0x0000000087900000, 0x0000000087900000|100%| E|CS|TAMS 0x0000000087800000| PB 0x0000000087800000| Complete |  0
|  37|0x0000000087900000, 0x0000000087a00000, 0x0000000087a00000|100%| E|  |TAMS 0x0000000087900000| PB 0x0000000087900000| Complete |  0
|  38|0x0000000087a00000, 0x0000000087b00000, 0x0000000087b00000|100%| E|CS|TAMS 0x0000000087a00000| PB 0x0000000087a00000| Complete |  0
|  39|0x0000000087b00000, 0x0000000087c00000, 0x0000000087c00000|100%| E|CS|TAMS 0x0000000087b00000| PB 0x0000000087b00000| Complete |  0
|  40|0x0000000087c00000, 0x0000000087d00000, 0x0000000087d00000|100%| E|CS|TAMS 0x0000000087c00000| PB 0x0000000087c00000| Complete |  0
|  41|0x0000000087d00000, 0x0000000087e00000, 0x0000000087e00000|100%| E|CS|TAMS 0x0000000087d00000| PB 0x0000000087d00000| Complete |  0
|  42|0x0000000087e00000, 0x0000000087f00000, 0x0000000087f00000|100%| E|CS|TAMS 0x0000000087e00000| PB 0x0000000087e00000| Complete |  0
|  43|0x0000000087f00000, 0x0000000088000000, 0x0000000088000000|100%| E|CS|TAMS 0x0000000087f00000| PB 0x0000000087f00000| Complete |  0
|  44|0x0000000088000000, 0x0000000088100000, 0x0000000088100000|100%| E|CS|TAMS 0x0000000088000000| PB 0x0000000088000000| Complete |  0
|  45|0x0000000088100000, 0x0000000088200000, 0x0000000088200000|100%| E|CS|TAMS 0x0000000088100000| PB 0x0000000088100000| Complete |  0
|  46|0x0000000088200000, 0x0000000088300000, 0x0000000088300000|100%| S|CS|TAMS 0x0000000088200000| PB 0x0000000088200000| Complete |  0
|  47|0x0000000088300000, 0x0000000088400000, 0x0000000088400000|100%| S|CS|TAMS 0x0000000088300000| PB 0x0000000088300000| Complete |  0
|  48|0x0000000088400000, 0x00000000884ffe88, 0x0000000088500000| 99%| S|CS|TAMS 0x0000000088400000| PB 0x0000000088400000| Complete |  0
| 122|0x000000008ce00000, 0x000000008cf00000, 0x000000008cf00000|100%| E|CS|TAMS 0x000000008ce00000| PB 0x000000008ce00000| Complete |  0
| 123|0x000000008cf00000, 0x000000008d000000, 0x000000008d000000|100%| E|CS|TAMS 0x000000008cf00000| PB 0x000000008cf00000| Complete |  0
|1962|0x00000000ffe00000, 0x00000000fff00000, 0x00000000fff00000|100%| O|  |TAMS 0x00000000ffe00000| PB 0x00000000ffe00000| Untracked |  0
|1963|0x00000000fff00000, 0x00000000fff21e48, 0x0000000100000000| 13%| O|Cm|TAMS 0x00000000fff00000| PB 0x00000000fff00000| Complete |  0

Card table byte_map: [0x000072ebf947a000,0x000072ebf9850000] _byte_map_base: 0x000072ebf9050000

Marking Bits: (CMBitMap*) 0x000072ebf408ac70
 Bits: [0x000072ebda750000, 0x000072ebdc600000)

Polling page: 0x000072ebfbd77000

Metaspace:
Metaspace        used 26526K, committed 26944K, reserved 1114112K
 class space     used 3780K, committed 3968K, reserved 1048576K

Usage:
  Non-class:     22,21 MB used.
      Class:      3,69 MB used.
       Both:     25,90 MB used.

Virtual space:
  Non-class space:       64,00 MB reserved,      22,44 MB ( 35%) committed,  1 nodes.
      Class space:        1,00 GB reserved,       3,88 MB ( <1%) committed,  1 nodes.
             Both:        1,06 GB reserved,      26,31 MB (  2%) committed. 

Chunk freelists:
   Non-Class:  9,11 MB
       Class:  11,99 MB
        Both:  21,10 MB

MaxMetaspaceSize: unlimited
CompressedClassSpaceSize: 1,00 GB
Initial GC threshold: 21,00 MB
Current GC threshold: 35,44 MB
CDS: on
 - commit_granule_bytes: 65536.
 - commit_granule_words: 8192.
 - virtual_space_node_default_size: 8388608.
 - enlarge_chunks_in_place: 1.
UseCompressedClassPointers 1, UseCompactObjectHeaders 0
Narrow klass pointer bits 32, Max shift 3
Narrow klass base: 0x0000000023000000, Narrow klass shift: 0
Encoding Range: [0x0000000023000000 - 0x0000000123000000), (4294967296 bytes)
Klass Range:    [0x0000000023001000 - 0x0000000064000000), (1090514944 bytes)
Klass ID Range:  [4096 - 1090519033) (1090514937)
Protection zone: [0x0000000023000000 - 0x0000000023001000), (4096 bytes)


Internal statistics:

num_allocs_failed_limit: 3.
num_arena_births: 296.
num_arena_deaths: 0.
num_vsnodes_births: 2.
num_vsnodes_deaths: 0.
num_space_committed: 421.
num_space_uncommitted: 0.
num_chunks_returned_to_freelist: 3.
num_chunks_taken_from_freelist: 1049.
num_chunk_merges: 3.
num_chunk_splits: 698.
num_chunks_enlarged: 533.
num_inconsistent_stats: 0.

CodeHeap 'non-profiled nmethods': size=120036Kb used=1655Kb max_used=1655Kb free=118380Kb
 bounds [0x000072ebe40c7000, 0x000072ebe4337000, 0x000072ebeb600000]
CodeHeap 'profiled nmethods': size=120028Kb used=7450Kb max_used=7450Kb free=112577Kb
 bounds [0x000072ebdc600000, 0x000072ebdcd50000, 0x000072ebe3b37000]
CodeHeap 'non-nmethods': size=5696Kb used=1881Kb max_used=1927Kb free=3814Kb
 bounds [0x000072ebe3b37000, 0x000072ebe3da7000, 0x000072ebe40c7000]
CodeCache: size=245760Kb, used=10986Kb, max_used=11032Kb, free=234771Kb
 total_blobs=5718, nmethods=4843, adapters=779, full_count=0
Compilation: enabled, stopped_count=0, restarted_count=0

Compilation events (20 events):
Event: 26,201 Thread 0x000072ebf41038e0 4837   !   4       javafx.scene.Node::pickNode (130 bytes)
Event: 26,203 Thread 0x000072ebf41052d0 4838       3       com.sun.javafx.css.StyleCache$Key::equals (132 bytes)
Event: 26,204 Thread 0x000072ebf41052d0 nmethod 4838 0x000072ebdcd43008 code [0x000072ebdcd43100, 0x000072ebdcd43830]
Event: 26,206 Thread 0x000072ebf41052d0 4841       3       javafx.scene.shape.Rectangle::getY (19 bytes)
Event: 26,207 Thread 0x000072ebf41052d0 nmethod 4841 0x000072ebdcd43888 code [0x000072ebdcd43980, 0x000072ebdcd43d00]
Event: 26,207 Thread 0x000072ebf41052d0 4842       3       javafx.scene.shape.Rectangle::getWidth (8 bytes)
Event: 26,208 Thread 0x000072ebf41052d0 nmethod 4842 0x000072ebdcd43d88 code [0x000072ebdcd43e80, 0x000072ebdcd44198]
Event: 26,208 Thread 0x000072ebf41052d0 4843       3       javafx.scene.shape.Rectangle::getHeight (8 bytes)
Event: 26,209 Thread 0x000072ebf41052d0 nmethod 4843 0x000072ebdcd44208 code [0x000072ebdcd44300, 0x000072ebdcd44618]
Event: 26,218 Thread 0x000072ebf41038e0 nmethod 4837 0x000072ebe425e908 code [0x000072ebe425ea00, 0x000072ebe425f028]
Event: 26,218 Thread 0x000072ebf41038e0 4840       4       javafx.scene.CssStyleHelper::resolveRef (128 bytes)
Event: 26,295 Thread 0x000072ebf41038e0 nmethod 4840 0x000072ebe425f088 code [0x000072ebe425f180, 0x000072ebe4262768]
Event: 26,296 Thread 0x000072ebf41038e0 4839       4       javafx.scene.CssStyleHelper$CacheContainer::getStyleMap (40 bytes)
Event: 26,296 Thread 0x000072ebf41052d0 4845       3       com.sun.scenario.effect.Effect::getResultBounds (50 bytes)
Event: 26,297 Thread 0x000072ebf41052d0 nmethod 4845 0x000072ebdcd44688 code [0x000072ebdcd44780, 0x000072ebdcd44bf0]
Event: 26,297 Thread 0x000072ebf41052d0 4846       3       com.sun.scenario.effect.Effect::combineBounds (79 bytes)
Event: 26,297 Thread 0x000072ebf41052d0 nmethod 4846 0x000072ebdcd44c08 code [0x000072ebdcd44d00, 0x000072ebdcd45288]
Event: 26,297 Thread 0x000072ebf41052d0 4844       3       com.sun.scenario.effect.impl.EffectPeer::getResultBounds (11 bytes)
Event: 26,297 Thread 0x000072ebf41052d0 nmethod 4844 0x000072ebdcd45308 code [0x000072ebdcd45400, 0x000072ebdcd456a0]
Event: 26,298 Thread 0x000072ebf41052d0 4847       3       com.sun.javafx.sg.prism.NodeEffectInput::getImageDataForBoundedNode (137 bytes)

GC Heap Usage History (8 events):
Event: 1,463 {heap Before GC invocations=0 (full 0):
 garbage-first heap   total reserved 2011136K, committed 129024K, used 29831K [0x0000000085400000, 0x0000000100000000)
  region size 1024K, 28 young (28672K), 0 survivors (0K)
}
Event: 1,469 {heap After GC invocations=1 (full 0):
 garbage-first heap   total reserved 2011136K, committed 129024K, used 3431K [0x0000000085400000, 0x0000000100000000)
  region size 1024K, 3 young (3072K), 3 survivors (3072K)
}
Event: 16,314 {heap Before GC invocations=1 (full 0):
 garbage-first heap   total reserved 2011136K, committed 129024K, used 58727K [0x0000000085400000, 0x0000000100000000)
  region size 1024K, 56 young (57344K), 3 survivors (3072K)
}
Event: 16,334 {heap After GC invocations=2 (full 0):
 garbage-first heap   total reserved 2011136K, committed 129024K, used 13152K [0x0000000085400000, 0x0000000100000000)
  region size 1024K, 7 young (7168K), 7 survivors (7168K)
}
Event: 16,356 {heap Before GC invocations=2 (full 0):
 garbage-first heap   total reserved 2011136K, committed 129024K, used 13152K [0x0000000085400000, 0x0000000100000000)
  region size 1024K, 8 young (8192K), 7 survivors (7168K)
}
Event: 16,370 {heap After GC invocations=3 (full 0):
 garbage-first heap   total reserved 2011136K, committed 129024K, used 14094K [0x0000000085400000, 0x0000000100000000)
  region size 1024K, 1 young (1024K), 1 survivors (1024K)
}
Event: 19,776 {heap Before GC invocations=4 (full 0):
 garbage-first heap   total reserved 2011136K, committed 51200K, used 49934K [0x0000000085400000, 0x0000000100000000)
  region size 1024K, 27 young (27648K), 1 survivors (1024K)
}
Event: 19,788 {heap After GC invocations=5 (full 0):
 garbage-first heap   total reserved 2011136K, committed 54272K, used 25494K [0x0000000085400000, 0x0000000100000000)
  region size 1024K, 3 young (3072K), 3 survivors (3072K)
}

Metaspace Usage History (8 events):
Event: 1,463 {metaspace Before GC invocations=0 (full 0):
 Metaspace       used 6737K, committed 6912K, reserved 1114112K
  class space    used 874K, committed 960K, reserved 1048576K
}
Event: 1,469 {metaspace After GC invocations=1 (full 0):
 Metaspace       used 6737K, committed 6912K, reserved 1114112K
  class space    used 874K, committed 960K, reserved 1048576K
}
Event: 16,314 {metaspace Before GC invocations=1 (full 0):
 Metaspace       used 21150K, committed 21376K, reserved 1114112K
  class space    used 2956K, committed 3072K, reserved 1048576K
}
Event: 16,334 {metaspace After GC invocations=2 (full 0):
 Metaspace       used 21150K, committed 21376K, reserved 1114112K
  class space    used 2956K, committed 3072K, reserved 1048576K
}
Event: 16,356 {metaspace Before GC invocations=2 (full 0):
 Metaspace       used 21292K, committed 21504K, reserved 1114112K
  class space    used 2976K, committed 3072K, reserved 1048576K
}
Event: 16,370 {metaspace After GC invocations=3 (full 0):
 Metaspace       used 21292K, committed 21504K, reserved 1114112K
  class space    used 2976K, committed 3072K, reserved 1048576K
}
Event: 19,776 {metaspace Before GC invocations=4 (full 0):
 Metaspace       used 25160K, committed 25536K, reserved 1114112K
  class space    used 3603K, committed 3776K, reserved 1048576K
}
Event: 19,788 {metaspace After GC invocations=5 (full 0):
 Metaspace       used 25160K, committed 25536K, reserved 1114112K
  class space    used 3603K, committed 3776K, reserved 1048576K
}

Dll operation events (18 events):
Event: 0,004 Loaded shared library /opt/jdk-25.0.3/lib/libjava.so
Event: 0,041 Loaded shared library /opt/jdk-25.0.3/lib/libsimdsort.so
Event: 0,062 Loaded shared library /opt/jdk-25.0.3/lib/libnio.so
Event: 0,136 Loaded shared library /opt/jdk-25.0.3/lib/libzip.so
Event: 0,296 Loaded shared library /opt/jdk-25.0.3/lib/libnet.so
Event: 0,478 Loaded shared library /opt/jdk-25.0.3/lib/libzip.so
Event: 0,481 Loaded shared library /opt/jdk-25.0.3/lib/libinstrument.so
Event: 0,780 Loaded shared library /home/lucas/.openjfx/cache/13/libprism_es2.so
Event: 0,910 Loaded shared library /home/lucas/.openjfx/cache/13/libprism_sw.so
Event: 0,964 Loaded shared library /home/lucas/.openjfx/cache/13/libglass.so
Event: 1,028 Loaded shared library /home/lucas/.openjfx/cache/13/libglassgtk3.so
Event: 1,333 Loaded shared library /opt/jdk-25.0.3/lib/libjimage.so
Event: 1,614 Loaded shared library /home/lucas/.openjfx/cache/13/libjavafx_font.so
Event: 1,788 Loaded shared library /home/lucas/.openjfx/cache/13/libjavafx_font_freetype.so
Event: 2,543 Loaded shared library /home/lucas/.openjfx/cache/13/libjavafx_font_pango.so
Event: 15,775 Loaded shared library /opt/jdk-25.0.3/lib/libmanagement.so
Event: 15,777 Loaded shared library /opt/jdk-25.0.3/lib/libmanagement_ext.so
Event: 20,059 Loaded shared library /home/lucas/.openjfx/cache/13/libdecora_sse.so

Deoptimization events (20 events):
Event: 20,216 Thread 0x000072ebf427b190 Uncommon trap: trap_request=0xffffff45 fr.pc=0x000072ebe416bc88 relative=0x0000000000000688
Event: 20,216 Thread 0x000072ebf427b190 Uncommon trap: reason=unstable_if action=reinterpret pc=0x000072ebe416bc88 method=com.sun.javafx.image.impl.ByteBgra$ToIntArgbSameConv.doConvert([BII[IIIII)V @ 29 c2
Event: 20,216 Thread 0x000072ebf427b190 DEOPT PACKING pc=0x000072ebe416bc88 sp=0x000072eb8fefb6c0
Event: 20,216 Thread 0x000072ebf427b190 DEOPT UNPACKING pc=0x000072ebe3bc2df9 sp=0x000072eb8fefb6b0 mode 2
Event: 20,224 Thread 0x000072ebf427b190 DEOPT PACKING pc=0x000072ebdcc7c874 sp=0x000072eb8fefd170
Event: 20,224 Thread 0x000072ebf427b190 DEOPT UNPACKING pc=0x000072ebe3b87fef sp=0x000072eb8fefc678 mode 0
Event: 20,225 Thread 0x000072ebf427b190 DEOPT PACKING pc=0x000072ebdcc7c1b8 sp=0x000072eb8fefd170
Event: 20,225 Thread 0x000072ebf427b190 DEOPT UNPACKING pc=0x000072ebe3b87fef sp=0x000072eb8fefc678 mode 0
Event: 20,226 Thread 0x000072ebf427b190 DEOPT PACKING pc=0x000072ebdcc7c1b8 sp=0x000072eb8fefd170
Event: 20,226 Thread 0x000072ebf427b190 DEOPT UNPACKING pc=0x000072ebe3b87fef sp=0x000072eb8fefc678 mode 0
Event: 20,281 Thread 0x000072ebf427b190 DEOPT PACKING pc=0x000072ebdcc7c1b8 sp=0x000072eb8fefae80
Event: 20,281 Thread 0x000072ebf427b190 DEOPT UNPACKING pc=0x000072ebe3b87fef sp=0x000072eb8fefa388 mode 0
Event: 22,711 Thread 0x000072ebf427b190 Uncommon trap: trap_request=0xffffff45 fr.pc=0x000072ebe419a608 relative=0x0000000000000088
Event: 22,711 Thread 0x000072ebf427b190 Uncommon trap: reason=unstable_if action=reinterpret pc=0x000072ebe419a608 method=com.sun.javafx.geom.RectBounds.isEmpty()Z @ 21 c2
Event: 22,711 Thread 0x000072ebf427b190 DEOPT PACKING pc=0x000072ebe419a608 sp=0x000072eb8fefb5a0
Event: 22,711 Thread 0x000072ebf427b190 DEOPT UNPACKING pc=0x000072ebe3bc2df9 sp=0x000072eb8fefb550 mode 2
Event: 25,299 Thread 0x000072ebf427b190 Uncommon trap: trap_request=0xffffff66 fr.pc=0x000072ebe4257fc8 relative=0x00000000000007c8
Event: 25,299 Thread 0x000072ebf427b190 Uncommon trap: reason=loop_limit_check action=maybe_recompile pc=0x000072ebe4257fc8 method=com.sun.javafx.geom.transform.AffineBase.doTransform([FI[FIII)V @ 590 c2
Event: 25,299 Thread 0x000072ebf427b190 DEOPT PACKING pc=0x000072ebe4257fc8 sp=0x000072eb8fefd2d0
Event: 25,299 Thread 0x000072ebf427b190 DEOPT UNPACKING pc=0x000072ebe3bc2df9 sp=0x000072eb8fefd208 mode 2

Classes loaded (20 events):
Event: 19,117 Loading class java/lang/reflect/WildcardType done
Event: 19,117 Loading class sun/reflect/generics/reflectiveObjects/WildcardTypeImpl done
Event: 19,230 Loading class sun/security/util/MemoryCache$QueueCacheEntry
Event: 19,230 Loading class sun/security/util/MemoryCache$QueueCacheEntry done
Event: 19,586 Loading class java/util/BitSet$1BitSetSpliterator
Event: 19,586 Loading class java/util/BitSet$1BitSetSpliterator done
Event: 19,587 Loading class java/util/stream/IntPipeline$1
Event: 19,587 Loading class java/util/stream/IntPipeline$1 done
Event: 19,587 Loading class java/util/stream/IntPipeline$1$1
Event: 19,587 Loading class java/util/stream/IntPipeline$1$1 done
Event: 19,661 Loading class java/lang/invoke/TypeConvertingMethodAdapter$1
Event: 19,662 Loading class java/lang/invoke/TypeConvertingMethodAdapter$1 done
Event: 19,662 Loading class java/lang/invoke/TypeConvertingMethodAdapter$BoxHolder
Event: 19,662 Loading class java/lang/invoke/TypeConvertingMethodAdapter$BoxHolder done
Event: 19,946 Loading class jdk/internal/util/DateTimeHelper
Event: 19,946 Loading class jdk/internal/util/DateTimeHelper done
Event: 20,049 Loading class java/lang/FdLibm$Acos
Event: 20,049 Loading class java/lang/FdLibm$Acos done
Event: 20,086 Loading class java/nio/DirectFloatBufferU
Event: 20,086 Loading class java/nio/DirectFloatBufferU done

Classes unloaded (0 events):
No events

Classes redefined (0 events):
No events

Internal exceptions (20 events):
Event: 2,416 Thread 0x000072ebf46ec8c0 Exception <a 'java/lang/ClassNotFoundException'{0x000000008ae78710}: com/sun/javafx/scene/control/skin/resources/controls_pt> (0x000000008ae78710) 
thrown [open/src/hotspot/share/prims/jni.cpp, line 534]
Event: 2,417 Thread 0x000072ebf46ec8c0 Exception <a 'java/lang/ClassNotFoundException'{0x000000008ae79560}: com/sun/javafx/scene/control/skin/resources/controls_pt_BR> (0x000000008ae79560) 
thrown [open/src/hotspot/share/prims/jni.cpp, line 534]
Event: 2,500 Thread 0x000072ebf46ec8c0 Exception <a 'java/lang/NoSuchMethodError'{0x000000008aa29ba8}: 'void java.lang.invoke.DirectMethodHandle$Holder.invokeSpecial(java.lang.Object, java.lang.Object, java.lang.Object, java.lang.Object, java.lang.Object, java.lang.Object)'> (0x000000008aa29ba8) 
thrown [open/src/hotspot/share/interpreter/linkResolver.cpp, line 803]
Event: 2,683 Thread 0x000072ebf46ec8c0 Exception <a 'java/lang/NoSuchMethodError'{0x000000008a456bd0}: 'java.lang.Object java.lang.invoke.DirectMethodHandle$Holder.newInvokeSpecial(java.lang.Object, java.lang.Object, int)'> (0x000000008a456bd0) 
thrown [open/src/hotspot/share/interpreter/linkResolver.cpp, line 803]
Event: 2,745 Thread 0x000072ebf427b190 Exception <a 'java/lang/NoSuchMethodError'{0x000000008a372230}: 'int java.lang.invoke.DirectMethodHandle$Holder.invokeStaticInit(java.lang.Object, java.lang.Object)'> (0x000000008a372230) 
thrown [open/src/hotspot/share/interpreter/linkResolver.cpp, line 803]
Event: 2,761 Thread 0x000072ebf46ec8c0 Exception <a 'java/lang/NoSuchMethodError'{0x000000008a33b5a8}: 'long java.lang.invoke.DirectMethodHandle$Holder.invokeStaticInit(java.lang.Object, java.lang.Object, java.lang.Object)'> (0x000000008a33b5a8) 
thrown [open/src/hotspot/share/interpreter/linkResolver.cpp, line 803]
Event: 2,770 Thread 0x000072ebf46ec8c0 Exception <a 'java/lang/NoSuchMethodError'{0x000000008a2437c0}: 'java.lang.Object java.lang.invoke.DirectMethodHandle$Holder.newInvokeSpecial(java.lang.Object, java.lang.Object, long)'> (0x000000008a2437c0) 
thrown [open/src/hotspot/share/interpreter/linkResolver.cpp, line 803]
Event: 2,773 Thread 0x000072ebf46ec8c0 Exception <a 'java/lang/NoSuchMethodError'{0x000000008a24c410}: 'java.lang.Object java.lang.invoke.Invokers$Holder.linkToTargetMethod(java.lang.Object, long, java.lang.Object)'> (0x000000008a24c410) 
thrown [open/src/hotspot/share/interpreter/linkResolver.cpp, line 803]
Event: 15,667 Thread 0x000072ebf46ec8c0 Exception <a 'java/lang/NoSuchMethodError'{0x0000000089c062c0}: 'java.lang.Object java.lang.invoke.DirectMethodHandle$Holder.invokeVirtual(java.lang.Object, java.lang.Object, java.lang.Object, java.lang.Object)'> (0x0000000089c062c0) 
thrown [open/src/hotspot/share/interpreter/linkResolver.cpp, line 803]
Event: 16,216 Thread 0x000072ebf46ec8c0 Exception <a 'java/lang/NoSuchMethodError'{0x000000008980f038}: 'java.lang.Object java.lang.invoke.Invokers$Holder.invoke_MT(java.lang.Object, java.lang.Object, java.lang.Object, java.lang.Object, java.lang.Object, java.lang.Object)'> (0x000000008980f038) 
thrown [open/src/hotspot/share/interpreter/linkResolver.cpp, line 803]
Event: 16,471 Thread 0x000072ebf46ec8c0 Implicit null exception at 0x000072ebe41d29b3 to 0x000072ebe41d3238
Event: 16,619 Thread 0x000072ebf46ec8c0 Exception <a 'java/lang/NoSuchMethodError'{0x0000000087f0da20}: 'java.lang.Object java.lang.invoke.DirectMethodHandle$Holder.invokeStaticInit(java.lang.Object, java.lang.Object, java.lang.Object)'> (0x0000000087f0da20) 
thrown [open/src/hotspot/share/interpreter/linkResolver.cpp, line 803]
Event: 18,868 Thread 0x000072ebf46ec8c0 Exception <a 'java/lang/NoSuchMethodError'{0x0000000087a92d68}: 'java.lang.Object java.lang.invoke.DirectMethodHandle$Holder.newInvokeSpecial(java.lang.Object, double)'> (0x0000000087a92d68) 
thrown [open/src/hotspot/share/interpreter/linkResolver.cpp, line 803]
Event: 19,469 Thread 0x000072ebf46ec8c0 Exception <a 'java/io/FileNotFoundException'{0x00000000874ea058}> (0x00000000874ea058) 
thrown [open/src/hotspot/share/prims/jni.cpp, line 516]
Event: 19,605 Thread 0x000072ebf46ec8c0 Exception <a 'java/lang/NoSuchMethodError'{0x0000000086f09bc0}: 'void java.lang.invoke.DirectMethodHandle$Holder.invokeSpecialIFC(java.lang.Object, java.lang.Object, java.lang.Object, java.lang.Object)'> (0x0000000086f09bc0) 
thrown [open/src/hotspot/share/interpreter/linkResolver.cpp, line 803]
Event: 20,081 Thread 0x000072ebf427b190 Exception <a 'java/lang/NoSuchMethodError'{0x0000000087857380}: 'java.lang.Object java.lang.invoke.DirectMethodHandle$Holder.invokeStaticInit(java.lang.Object, int)'> (0x0000000087857380) 
thrown [open/src/hotspot/share/interpreter/linkResolver.cpp, line 803]
Event: 21,100 Thread 0x000072ebf46ec8c0 Exception <a 'java/lang/NoSuchMethodError'{0x0000000087605120}: 'java.lang.Object java.lang.invoke.DirectMethodHandle$Holder.newInvokeSpecial(java.lang.Object, java.lang.Object, java.lang.Object, double, double, double, double, int, int, int, int, int, int, int, int, int)'> (0x0000000087605120) 
thrown [open/src/hotspot/share/interpreter/linkResolver.cpp, line 803]
Event: 25,313 Thread 0x000072ebf46ec8c0 Exception <a 'java/lang/NoSuchMethodError'{0x0000000087464bf0}: 'java.lang.Object java.lang.invoke.DirectMethodHandle$Holder.newInvokeSpecial(java.lang.Object, java.lang.Object, int, int, int, int, int, java.lang.Object)'> (0x0000000087464bf0) 
thrown [open/src/hotspot/share/interpreter/linkResolver.cpp, line 803]
Event: 25,319 Thread 0x000072ebf46ec8c0 Exception <a 'java/lang/NoSuchMethodError'{0x00000000874ecb90}: 'java.lang.Object java.lang.invoke.DirectMethodHandle$Holder.newInvokeSpecial(java.lang.Object, java.lang.Object, java.lang.Object, int, int, int, int, int)'> (0x00000000874ecb90) 
thrown [open/src/hotspot/share/interpreter/linkResolver.cpp, line 803]
Event: 25,321 Thread 0x000072ebf46ec8c0 Exception <a 'java/lang/NoSuchMethodError'{0x00000000874fcf60}: 'java.lang.Object java.lang.invoke.Invokers$Holder.linkToTargetMethod(java.lang.Object, java.lang.Object, int, int, int, int, int, java.lang.Object)'> (0x00000000874fcf60) 
thrown [open/src/hotspot/share/interpreter/linkResolver.cpp, line 803]

VM Operations (20 events):
Event: 16,417 Executing safepoint VM operation: G1PauseCleanup
Event: 16,417 Executing safepoint VM operation: G1PauseCleanup done
Event: 16,499 Executing non-safepoint VM operation: HandshakeAllThreads (Deoptimize)
Event: 16,499 Executing non-safepoint VM operation: HandshakeAllThreads (Deoptimize) done
Event: 16,499 Executing non-safepoint VM operation: HandshakeAllThreads (Deoptimize)
Event: 16,499 Executing non-safepoint VM operation: HandshakeAllThreads (Deoptimize) done
Event: 16,766 Executing non-safepoint VM operation: HandshakeAllThreads (Deoptimize)
Event: 16,766 Executing non-safepoint VM operation: HandshakeAllThreads (Deoptimize) done
Event: 16,789 Executing non-safepoint VM operation: HandshakeAllThreads (Deoptimize)
Event: 16,789 Executing non-safepoint VM operation: HandshakeAllThreads (Deoptimize) done
Event: 19,573 Executing non-safepoint VM operation: HandshakeAllThreads (Deoptimize)
Event: 19,573 Executing non-safepoint VM operation: HandshakeAllThreads (Deoptimize) done
Event: 19,596 Executing non-safepoint VM operation: HandshakeAllThreads (Deoptimize)
Event: 19,596 Executing non-safepoint VM operation: HandshakeAllThreads (Deoptimize) done
Event: 19,619 Executing non-safepoint VM operation: HandshakeAllThreads (Deoptimize)
Event: 19,619 Executing non-safepoint VM operation: HandshakeAllThreads (Deoptimize) done
Event: 19,776 Executing safepoint VM operation: G1CollectForAllocation (G1 Evacuation Pause)
Event: 19,789 Executing safepoint VM operation: G1CollectForAllocation (G1 Evacuation Pause) done
Event: 20,001 Executing non-safepoint VM operation: HandshakeAllThreads (Deoptimize)
Event: 20,001 Executing non-safepoint VM operation: HandshakeAllThreads (Deoptimize) done

Memory protections (20 events):
Event: 0,038 Protecting memory [0x000072ebf8000000,0x000072ebf8004000] with protection modes 0
Event: 0,039 Protecting memory [0x000072ebf3f00000,0x000072ebf3f04000] with protection modes 0
Event: 0,039 Protecting memory [0x000072ebda650000,0x000072ebda654000] with protection modes 0
Event: 0,039 Protecting memory [0x000072ebd8500000,0x000072ebd8504000] with protection modes 0
Event: 0,039 Protecting memory [0x000072ebd8400000,0x000072ebd8404000] with protection modes 0
Event: 0,045 Protecting memory [0x000072ebd8300000,0x000072ebd8304000] with protection modes 0
Event: 0,115 Protecting memory [0x000072ebd8200000,0x000072ebd8204000] with protection modes 0
Event: 0,257 Protecting memory [0x000072ebd8100000,0x000072ebd8104000] with protection modes 0
Event: 0,549 Protecting memory [0x000072ebd8000000,0x000072ebd8004000] with protection modes 0
Event: 0,554 Protecting memory [0x000072eb8ff00000,0x000072eb8ff04000] with protection modes 0
Event: 0,728 Protecting memory [0x000072eb8fe00000,0x000072eb8fe04000] with protection modes 0
Event: 1,156 Protecting memory [0x000072ebd8100000,0x000072ebd8104000] with protection modes 0
Event: 1,165 Protecting memory [0x000072eb751c7000,0x000072eb751cb000] with protection modes 0
Event: 1,248 Protecting memory [0x000072eb74878000,0x000072eb7487c000] with protection modes 0
Event: 1,498 Protecting memory [0x000072eb74475000,0x000072eb74479000] with protection modes 0
Event: 2,339 Protecting memory [0x000072eb47f00000,0x000072eb47f04000] with protection modes 0
Event: 2,841 Protecting memory [0x000072eb47b00000,0x000072eb47b04000] with protection modes 0
Event: 16,067 Protecting memory [0x000072eb74475000,0x000072eb74479000] with protection modes 0
Event: 16,631 Protecting memory [0x000072eb45eff000,0x000072eb45f03000] with protection modes 0
Event: 18,843 Protecting memory [0x000072eb74475000,0x000072eb74479000] with protection modes 0

Nmethod flushes (0 events):
No events

Events (20 events):
Event: 0,039 Thread 0x000072ebf402cc60 Thread added: 0x000072ebf41038e0
Event: 0,045 Thread 0x000072ebf402cc60 Thread added: 0x000072ebf41052d0
Event: 0,114 Thread 0x000072ebf402cc60 Thread added: 0x000072ebf411ece0
Event: 0,257 Thread 0x000072ebf41052d0 Thread added: 0x000072eb980a8020
Event: 0,549 Thread 0x000072ebf402cc60 Thread added: 0x000072ebf41ddf50
Event: 0,550 Thread 0x000072ebf402cc60 Thread added: 0x000072ebf41dec50
Event: 0,728 Thread 0x000072ebf402cc60 Thread added: 0x000072ebf427b190
Event: 0,900 Thread 0x000072eb980a8020 Thread exited: 0x000072eb980a8020
Event: 1,156 Thread 0x000072ebf402cc60 Thread added: 0x000072ebf4516200
Event: 1,165 Thread 0x000072ebf402cc60 Thread added: 0x000072ebf46ec8c0
Event: 1,248 Thread 0x000072ebf402cc60 Thread added: 0x000072ebf46efff0
Event: 1,498 Thread 0x000072ebf41038e0 Thread added: 0x000072eba41730a0
Event: 2,338 Thread 0x000072ebf46ec8c0 Thread added: 0x000072eb5823bfb0
Event: 2,840 Thread 0x000072ebf427b190 Thread added: 0x000072eb80320f80
Event: 3,235 Thread 0x000072eba41730a0 Thread exited: 0x000072eba41730a0
Event: 16,067 Thread 0x000072ebf41038e0 Thread added: 0x000072eba40f8930
Event: 16,628 Thread 0x000072ebf46ec8c0 Thread added: 0x000072eb58537950
Event: 17,996 Thread 0x000072eba40f8930 Thread exited: 0x000072eba40f8930
Event: 18,843 Thread 0x000072ebf41038e0 Thread added: 0x000072eba405db10
Event: 20,606 Thread 0x000072eba405db10 Thread exited: 0x000072eba405db10


Dynamic libraries:
23000000-23001000 ---p 00000000 00:00 0 
23001000-23d93000 rw-p 00001000 08:02 7091174                            /opt/jdk-25.0.3/lib/server/classes.jsa
23d93000-24000000 ---p 00000000 00:00 0 
24000000-24040000 rw-p 00000000 00:00 0 
24040000-24100000 rw-p 00000000 00:00 0 
24100000-242c0000 rw-p 00000000 00:00 0 
242c0000-242e0000 rw-p 00000000 00:00 0 
242e0000-24340000 rw-p 00000000 00:00 0 
24340000-24350000 rw-p 00000000 00:00 0 
24350000-24380000 ---p 00000000 00:00 0 
24380000-24410000 rw-p 00000000 00:00 0 
24410000-64000000 ---p 00000000 00:00 0 
85400000-88500000 rw-p 00000000 00:00 0 
88500000-8ce00000 ---p 00000000 00:00 0 
8ce00000-8d000000 rw-p 00000000 00:00 0 
8d000000-ffe00000 ---p 00000000 00:00 0 
ffe00000-fff22000 rw-p 00dc6000 08:02 7091174                            /opt/jdk-25.0.3/lib/server/classes.jsa
fff22000-100000000 rw-p 00000000 00:00 0 
62809b51e000-62809b51f000 r-xp 00000000 08:02 7090734                    /opt/jdk-25.0.3/bin/java
62809b520000-62809b521000 r--p 00001000 08:02 7090734                    /opt/jdk-25.0.3/bin/java
62809b521000-62809b522000 rw-p 00002000 08:02 7090734                    /opt/jdk-25.0.3/bin/java
62809be08000-62809c2e6000 rw-p 00000000 00:00 0                          [heap]
72eb45c00000-72eb45c0f000 r-xp 00000000 08:02 7085678                    /home/lucas/.openjfx/cache/13/libdecora_sse.so
72eb45c0f000-72eb45e0f000 ---p 0000f000 08:02 7085678                    /home/lucas/.openjfx/cache/13/libdecora_sse.so
72eb45e0f000-72eb45e10000 r--p 0000f000 08:02 7085678                    /home/lucas/.openjfx/cache/13/libdecora_sse.so
72eb45e10000-72eb45e11000 rw-p 00010000 08:02 7085678                    /home/lucas/.openjfx/cache/13/libdecora_sse.so
72eb45eff000-72eb45f03000 ---p 00000000 00:00 0 
72eb45f03000-72eb45fff000 rw-p 00000000 00:00 0 
72eb45fff000-72eb46fff000 rw-s 00000000 00:01 32779                      /SYSV00000000 (deleted)
72eb46fff000-72eb47000000 ---p 00000000 00:00 0 
72eb47000000-72eb47800000 rw-p 00000000 00:00 0 
72eb47800000-72eb47804000 r-xp 00000000 08:02 7097413                    /home/lucas/.openjfx/cache/13/libjavafx_font_pango.so
72eb47804000-72eb47a03000 ---p 00004000 08:02 7097413                    /home/lucas/.openjfx/cache/13/libjavafx_font_pango.so
72eb47a03000-72eb47a04000 r--p 00003000 08:02 7097413                    /home/lucas/.openjfx/cache/13/libjavafx_font_pango.so
72eb47a04000-72eb47a05000 rw-p 00004000 08:02 7097413                    /home/lucas/.openjfx/cache/13/libjavafx_font_pango.so
72eb47a52000-72eb47b00000 r--p 00000000 08:02 20603710                   /usr/share/fonts/truetype/dejavu/DejaVuSans-Bold.ttf
72eb47b00000-72eb47b04000 ---p 00000000 00:00 0 
72eb47b04000-72eb47c00000 rw-p 00000000 00:00 0 
72eb47c00000-72eb47c05000 r-xp 00000000 08:02 7097409                    /home/lucas/.openjfx/cache/13/libjavafx_font_freetype.so
72eb47c05000-72eb47e04000 ---p 00005000 08:02 7097409                    /home/lucas/.openjfx/cache/13/libjavafx_font_freetype.so
72eb47e04000-72eb47e05000 r--p 00004000 08:02 7097409                    /home/lucas/.openjfx/cache/13/libjavafx_font_freetype.so
72eb47e05000-72eb47e06000 rw-p 00005000 08:02 7097409                    /home/lucas/.openjfx/cache/13/libjavafx_font_freetype.so
72eb47e46000-72eb47f00000 r--p 00000000 08:02 20603711                   /usr/share/fonts/truetype/dejavu/DejaVuSans.ttf
72eb47f00000-72eb47f04000 ---p 00000000 00:00 0 
72eb47f04000-72eb48000000 rw-p 00000000 00:00 0 
72eb48000000-72eb48021000 rw-p 00000000 00:00 0 
72eb48021000-72eb4c000000 ---p 00000000 00:00 0 
72eb4c000000-72eb4c021000 rw-p 00000000 00:00 0 
72eb4c021000-72eb50000000 ---p 00000000 00:00 0 
72eb50000000-72eb508a2000 rw-p 00000000 00:00 0 
72eb508a2000-72eb54000000 ---p 00000000 00:00 0 
72eb54000000-72eb54021000 rw-p 00000000 00:00 0 
72eb54021000-72eb58000000 ---p 00000000 00:00 0 
72eb58000000-72eb59175000 rw-p 00000000 00:00 0 
72eb59175000-72eb5c000000 ---p 00000000 00:00 0 
72eb5c000000-72eb5c021000 rw-p 00000000 00:00 0 
72eb5c021000-72eb60000000 ---p 00000000 00:00 0 
72eb60000000-72eb60021000 rw-p 00000000 00:00 0 
72eb60021000-72eb64000000 ---p 00000000 00:00 0 
72eb64000000-72eb64021000 rw-p 00000000 00:00 0 
72eb64021000-72eb68000000 ---p 00000000 00:00 0 
72eb68000000-72eb68021000 rw-p 00000000 00:00 0 
72eb68021000-72eb6c000000 ---p 00000000 00:00 0 
72eb6c000000-72eb6c021000 rw-p 00000000 00:00 0 
72eb6c021000-72eb70000000 ---p 00000000 00:00 0 
72eb70000000-72eb70021000 rw-p 00000000 00:00 0 
72eb70021000-72eb74000000 ---p 00000000 00:00 0 
72eb74031000-72eb740af000 r--p 00000000 08:02 20603750                   /usr/share/fonts/truetype/noto/NotoSans-Regular.ttf
72eb740af000-72eb7412d000 r--p 00000000 08:02 20603747                   /usr/share/fonts/truetype/noto/NotoSans-Bold.ttf
72eb7412d000-72eb7418b000 r--s 00000000 08:02 20186924                   /var/cache/fontconfig/2300eef321c393bfd76478a5c0e95b23-le64.cache-9
72eb7418b000-72eb74200000 r--s 00000000 08:02 20186922                   /var/cache/fontconfig/0bd3dc0958fa2205aaaa8ebb13e2872b-le64.cache-9
72eb74200000-72eb74203000 r-xp 00000000 08:02 7097132                    /home/lucas/.openjfx/cache/13/libjavafx_font.so
72eb74203000-72eb74402000 ---p 00003000 08:02 7097132                    /home/lucas/.openjfx/cache/13/libjavafx_font.so
72eb74402000-72eb74403000 r--p 00002000 08:02 7097132                    /home/lucas/.openjfx/cache/13/libjavafx_font.so
72eb74403000-72eb74404000 rw-p 00003000 08:02 7097132                    /home/lucas/.openjfx/cache/13/libjavafx_font.so
72eb74405000-72eb74406000 r--p 00000000 08:02 20481825                   /usr/lib/x86_64-linux-gnu/libnss_mdns4_minimal.so.2
72eb74406000-72eb74408000 r-xp 00001000 08:02 20481825                   /usr/lib/x86_64-linux-gnu/libnss_mdns4_minimal.so.2
72eb74408000-72eb74409000 r--p 00003000 08:02 20481825                   /usr/lib/x86_64-linux-gnu/libnss_mdns4_minimal.so.2
72eb74409000-72eb7440a000 r--p 00003000 08:02 20481825                   /usr/lib/x86_64-linux-gnu/libnss_mdns4_minimal.so.2
72eb7440a000-72eb7440b000 rw-p 00004000 08:02 20481825                   /usr/lib/x86_64-linux-gnu/libnss_mdns4_minimal.so.2
72eb7440f000-72eb74415000 r-xp 00000000 08:02 7091153                    /opt/jdk-25.0.3/lib/libmanagement_ext.so
72eb74415000-72eb74416000 r--p 00005000 08:02 7091153                    /opt/jdk-25.0.3/lib/libmanagement_ext.so
72eb74416000-72eb74417000 rw-p 00006000 08:02 7091153                    /opt/jdk-25.0.3/lib/libmanagement_ext.so
72eb74417000-72eb7441b000 r-xp 00000000 08:02 7091151                    /opt/jdk-25.0.3/lib/libmanagement.so
72eb7441b000-72eb7441c000 r--p 00003000 08:02 7091151                    /opt/jdk-25.0.3/lib/libmanagement.so
72eb7441c000-72eb7441d000 rw-p 00004000 08:02 7091151                    /opt/jdk-25.0.3/lib/libmanagement.so
72eb7441d000-72eb7442b000 r--s 00000000 08:02 20186925                   /var/cache/fontconfig/a4e60e8d1e10d2fdff3fe3037a1845fb-le64.cache-9
72eb7442b000-72eb74438000 r--s 00000000 08:02 20186904                   /var/cache/fontconfig/d589a48862398ed80a3d6066f4f56f4c-le64.cache-9
72eb74438000-72eb74448000 r--s 00000000 08:02 20186903                   /var/cache/fontconfig/6cc790b63b123a6a96ee260fcdad32a9-le64.cache-9
72eb74448000-72eb74459000 r--s 00000000 08:02 20186765                   /var/cache/fontconfig/9b89f8e3dae116d678bbf48e5f21f69b-le64.cache-9
72eb74459000-72eb74464000 r--s 00000000 08:02 20186763                   /var/cache/fontconfig/d0972c3d32f097851eb916381fc38920-le64.cache-9
72eb74464000-72eb74475000 r--s 00000000 08:02 20186738                   /var/cache/fontconfig/e13b20fdb08344e0e664864cc2ede53d-le64.cache-9
72eb74475000-72eb74479000 ---p 00000000 00:00 0 
72eb74479000-72eb74575000 rw-p 00000000 00:00 0 
72eb74575000-72eb74576000 ---p 00000000 00:00 0 
72eb74576000-72eb74676000 rw-p 00000000 00:00 0 
72eb74676000-72eb74677000 ---p 00000000 00:00 0 
72eb74677000-72eb74777000 rw-p 00000000 00:00 0 
72eb74777000-72eb74778000 ---p 00000000 00:00 0 
72eb74778000-72eb74878000 rw-p 00000000 00:00 0 
72eb74878000-72eb7487c000 ---p 00000000 00:00 0 
72eb7487c000-72eb74978000 rw-p 00000000 00:00 0 
72eb74978000-72eb74979000 ---p 00000000 00:00 0 
72eb74979000-72eb75179000 rw-p 00000000 00:00 0 
72eb75179000-72eb751c7000 r--p 00000000 08:02 20591050                   /usr/share/glib-2.0/schemas/gschemas.compiled
72eb751c7000-72eb751cb000 ---p 00000000 00:00 0 
72eb751cb000-72eb752c7000 rw-p 00000000 00:00 0 
72eb752c7000-72eb752ea000 r--p 00000000 08:02 21765907                   /usr/share/locale-langpack/pt_BR/LC_MESSAGES/glib20.mo
72eb752ea000-72eb752eb000 ---p 00000000 00:00 0 
72eb752eb000-72eb75aeb000 rw-p 00000000 00:00 0 
72eb75aeb000-72eb75afd000 r--p 00000000 08:02 20453763                   /usr/lib/x86_64-linux-gnu/gvfs/libgvfscommon.so
72eb75afd000-72eb75b19000 r-xp 00012000 08:02 20453763                   /usr/lib/x86_64-linux-gnu/gvfs/libgvfscommon.so
72eb75b19000-72eb75b25000 r--p 0002e000 08:02 20453763                   /usr/lib/x86_64-linux-gnu/gvfs/libgvfscommon.so
72eb75b25000-72eb75b2b000 r--p 00039000 08:02 20453763                   /usr/lib/x86_64-linux-gnu/gvfs/libgvfscommon.so
72eb75b2b000-72eb75b2c000 rw-p 0003f000 08:02 20453763                   /usr/lib/x86_64-linux-gnu/gvfs/libgvfscommon.so
72eb75b2c000-72eb75b36000 r--p 00000000 08:02 20591294                   /usr/lib/x86_64-linux-gnu/gio/modules/libgvfsdbus.so
72eb75b36000-72eb75b54000 r-xp 0000a000 08:02 20591294                   /usr/lib/x86_64-linux-gnu/gio/modules/libgvfsdbus.so
72eb75b54000-72eb75b5c000 r--p 00028000 08:02 20591294                   /usr/lib/x86_64-linux-gnu/gio/modules/libgvfsdbus.so
72eb75b5c000-72eb75b5e000 r--p 00030000 08:02 20591294                   /usr/lib/x86_64-linux-gnu/gio/modules/libgvfsdbus.so
72eb75b5e000-72eb75b5f000 rw-p 00032000 08:02 20591294                   /usr/lib/x86_64-linux-gnu/gio/modules/libgvfsdbus.so
72eb75b5f000-72eb75b63000 r--p 00000000 08:02 20482473                   /usr/lib/x86_64-linux-gnu/libxkbfile.so.1.0.2
72eb75b63000-72eb75b7e000 r-xp 00004000 08:02 20482473                   /usr/lib/x86_64-linux-gnu/libxkbfile.so.1.0.2
72eb75b7e000-72eb75b84000 r--p 0001f000 08:02 20482473                   /usr/lib/x86_64-linux-gnu/libxkbfile.so.1.0.2
72eb75b84000-72eb75b85000 r--p 00025000 08:02 20482473                   /usr/lib/x86_64-linux-gnu/libxkbfile.so.1.0.2
72eb75b85000-72eb75b86000 rw-p 00026000 08:02 20482473                   /usr/lib/x86_64-linux-gnu/libxkbfile.so.1.0.2
72eb75b86000-72eb75b8c000 r--p 00000000 08:02 20482477                   /usr/lib/x86_64-linux-gnu/libxklavier.so.16.4.0
72eb75b8c000-72eb75b99000 r-xp 00006000 08:02 20482477                   /usr/lib/x86_64-linux-gnu/libxklavier.so.16.4.0
72eb75b99000-72eb75ba0000 r--p 00013000 08:02 20482477                   /usr/lib/x86_64-linux-gnu/libxklavier.so.16.4.0
72eb75ba0000-72eb75ba1000 r--p 00019000 08:02 20482477                   /usr/lib/x86_64-linux-gnu/libxklavier.so.16.4.0
72eb75ba1000-72eb75ba2000 rw-p 0001a000 08:02 20482477                   /usr/lib/x86_64-linux-gnu/libxklavier.so.16.4.0
72eb75ba2000-72eb75baa000 r--p 00000000 08:02 20481357                   /usr/lib/x86_64-linux-gnu/libgnomekbdui.so.8.0.0
72eb75baa000-72eb75bb5000 r-xp 00008000 08:02 20481357                   /usr/lib/x86_64-linux-gnu/libgnomekbdui.so.8.0.0
72eb75bb5000-72eb75bb9000 r--p 00013000 08:02 20481357                   /usr/lib/x86_64-linux-gnu/libgnomekbdui.so.8.0.0
72eb75bb9000-72eb75bba000 r--p 00017000 08:02 20481357                   /usr/lib/x86_64-linux-gnu/libgnomekbdui.so.8.0.0
72eb75bba000-72eb75bbb000 rw-p 00018000 08:02 20481357                   /usr/lib/x86_64-linux-gnu/libgnomekbdui.so.8.0.0
72eb75bbb000-72eb75bcd000 r--p 00000000 08:02 20482418                   /usr/lib/x86_64-linux-gnu/libxapp.so.3.2.2
72eb75bcd000-72eb75bee000 r-xp 00012000 08:02 20482418                   /usr/lib/x86_64-linux-gnu/libxapp.so.3.2.2
72eb75bee000-72eb75bfc000 r--p 00033000 08:02 20482418                   /usr/lib/x86_64-linux-gnu/libxapp.so.3.2.2
72eb75bfc000-72eb75bff000 r--p 00041000 08:02 20482418                   /usr/lib/x86_64-linux-gnu/libxapp.so.3.2.2
72eb75bff000-72eb75c00000 rw-p 00044000 08:02 20482418                   /usr/lib/x86_64-linux-gnu/libxapp.so.3.2.2
72eb75c00000-72eb75c44000 r-xp 00000000 08:02 7097404                    /home/lucas/.openjfx/cache/13/libglassgtk3.so
72eb75c44000-72eb75e44000 ---p 00044000 08:02 7097404                    /home/lucas/.openjfx/cache/13/libglassgtk3.so
72eb75e44000-72eb75e46000 r--p 00044000 08:02 7097404                    /home/lucas/.openjfx/cache/13/libglassgtk3.so
72eb75e46000-72eb75e47000 rw-p 00046000 08:02 7097404                    /home/lucas/.openjfx/cache/13/libglassgtk3.so
72eb75e47000-72eb75e48000 rw-p 00000000 00:00 0 
72eb75e4c000-72eb75e52000 r--s 00000000 08:02 20186919                   /var/cache/fontconfig/3047814df9a2f067bd2d96a2b9c36e5a-le64.cache-9
72eb75e52000-72eb75e57000 r--p 00000000 08:02 7086857                    /home/lucas/.config/dconf/user
72eb75e57000-72eb75e5b000 r--p 00000000 08:02 20578795                   /usr/lib/x86_64-linux-gnu/gio/modules/libdconfsettings.so
72eb75e5b000-72eb75e62000 r-xp 00004000 08:02 20578795                   /usr/lib/x86_64-linux-gnu/gio/modules/libdconfsettings.so
72eb75e62000-72eb75e64000 r--p 0000b000 08:02 20578795                   /usr/lib/x86_64-linux-gnu/gio/modules/libdconfsettings.so
72eb75e64000-72eb75e65000 r--p 0000d000 08:02 20578795                   /usr/lib/x86_64-linux-gnu/gio/modules/libdconfsettings.so
72eb75e65000-72eb75e66000 rw-p 0000e000 08:02 20578795                   /usr/lib/x86_64-linux-gnu/gio/modules/libdconfsettings.so
72eb75e66000-72eb75e99000 r--p 00000000 08:02 21765986                   /usr/share/locale-langpack/pt_BR/LC_MESSAGES/gtk30-properties.mo
72eb75e99000-72eb75eb5000 r--p 00000000 08:02 21765987                   /usr/share/locale-langpack/pt_BR/LC_MESSAGES/gtk30.mo
72eb75eb5000-72eb75eb7000 r--p 00000000 08:02 20480607                   /usr/lib/x86_64-linux-gnu/libXtst.so.6.1.0
72eb75eb7000-72eb75eba000 r-xp 00002000 08:02 20480607                   /usr/lib/x86_64-linux-gnu/libXtst.so.6.1.0
72eb75eba000-72eb75ebb000 r--p 00005000 08:02 20480607                   /usr/lib/x86_64-linux-gnu/libXtst.so.6.1.0
72eb75ebb000-72eb75ebc000 r--p 00005000 08:02 20480607                   /usr/lib/x86_64-linux-gnu/libXtst.so.6.1.0
72eb75ebc000-72eb75ebd000 rw-p 00006000 08:02 20480607                   /usr/lib/x86_64-linux-gnu/libXtst.so.6.1.0
72eb75ebd000-72eb75ec1000 r--p 00000000 08:02 20481369                   /usr/lib/x86_64-linux-gnu/libgpg-error.so.0.34.0
72eb75ec1000-72eb75ed7000 r-xp 00004000 08:02 20481369                   /usr/lib/x86_64-linux-gnu/libgpg-error.so.0.34.0
72eb75ed7000-72eb75ee0000 r--p 0001a000 08:02 20481369                   /usr/lib/x86_64-linux-gnu/libgpg-error.so.0.34.0
72eb75ee0000-72eb75ee1000 r--p 00023000 08:02 20481369                   /usr/lib/x86_64-linux-gnu/libgpg-error.so.0.34.0
72eb75ee1000-72eb75ee2000 rw-p 00024000 08:02 20481369                   /usr/lib/x86_64-linux-gnu/libgpg-error.so.0.34.0
72eb75ee2000-72eb75ee5000 r--p 00000000 08:02 20481662                   /usr/lib/x86_64-linux-gnu/liblz4.so.1.9.4
72eb75ee5000-72eb75f00000 r-xp 00003000 08:02 20481662                   /usr/lib/x86_64-linux-gnu/liblz4.so.1.9.4
72eb75f00000-72eb75f02000 r--p 0001e000 08:02 20481662                   /usr/lib/x86_64-linux-gnu/liblz4.so.1.9.4
72eb75f02000-72eb75f03000 r--p 00020000 08:02 20481662                   /usr/lib/x86_64-linux-gnu/liblz4.so.1.9.4
72eb75f03000-72eb75f04000 rw-p 00021000 08:02 20481662                   /usr/lib/x86_64-linux-gnu/liblz4.so.1.9.4
72eb75f04000-72eb75f13000 r--p 00000000 08:02 20481295                   /usr/lib/x86_64-linux-gnu/libgcrypt.so.20.4.3
72eb75f13000-72eb76007000 r-xp 0000f000 08:02 20481295                   /usr/lib/x86_64-linux-gnu/libgcrypt.so.20.4.3
72eb76007000-72eb76042000 r--p 00103000 08:02 20481295                   /usr/lib/x86_64-linux-gnu/libgcrypt.so.20.4.3
72eb76042000-72eb76047000 r--p 0013e000 08:02 20481295                   /usr/lib/x86_64-linux-gnu/libgcrypt.so.20.4.3
72eb76047000-72eb7604b000 rw-p 00143000 08:02 20481295                   /usr/lib/x86_64-linux-gnu/libgcrypt.so.20.4.3
72eb7604b000-72eb7604c000 rw-p 00000000 00:00 0 
72eb7604c000-72eb7604f000 r--p 00000000 08:02 20478159                   /usr/lib/x86_64-linux-gnu/libcap.so.2.66
72eb7604f000-72eb76055000 r-xp 00003000 08:02 20478159                   /usr/lib/x86_64-linux-gnu/libcap.so.2.66
72eb76055000-72eb76057000 r--p 00009000 08:02 20478159                   /usr/lib/x86_64-linux-gnu/libcap.so.2.66
72eb76057000-72eb76058000 r--p 0000b000 08:02 20478159                   /usr/lib/x86_64-linux-gnu/libcap.so.2.66
72eb76058000-72eb76059000 rw-p 0000c000 08:02 20478159                   /usr/lib/x86_64-linux-gnu/libcap.so.2.66
72eb76059000-72eb7605a000 r--p 00000000 08:02 20480887                   /usr/lib/x86_64-linux-gnu/libbrotlicommon.so.1.1.0
72eb7605a000-72eb7605b000 r-xp 00001000 08:02 20480887                   /usr/lib/x86_64-linux-gnu/libbrotlicommon.so.1.1.0
72eb7605b000-72eb7607a000 r--p 00002000 08:02 20480887                   /usr/lib/x86_64-linux-gnu/libbrotlicommon.so.1.1.0
72eb7607a000-72eb7607b000 r--p 00021000 08:02 20480887                   /usr/lib/x86_64-linux-gnu/libbrotlicommon.so.1.1.0
72eb7607b000-72eb7607c000 rw-p 00022000 08:02 20480887                   /usr/lib/x86_64-linux-gnu/libbrotlicommon.so.1.1.0
72eb7607c000-72eb76092000 r--p 00000000 08:02 20478212                   /usr/lib/x86_64-linux-gnu/libsystemd.so.0.38.0
72eb76092000-72eb76121000 r-xp 00016000 08:02 20478212                   /usr/lib/x86_64-linux-gnu/libsystemd.so.0.38.0
72eb76121000-72eb7614f000 r--p 000a5000 08:02 20478212                   /usr/lib/x86_64-linux-gnu/libsystemd.so.0.38.0
72eb7614f000-72eb7615a000 r--p 000d2000 08:02 20478212                   /usr/lib/x86_64-linux-gnu/libsystemd.so.0.38.0
72eb7615a000-72eb7615b000 rw-p 000dd000 08:02 20478212                   /usr/lib/x86_64-linux-gnu/libsystemd.so.0.38.0
72eb7615b000-72eb7615c000 rw-p 00000000 00:00 0 
72eb7615c000-72eb7615e000 r--p 00000000 08:02 20480902                   /usr/lib/x86_64-linux-gnu/libbz2.so.1.0.4
72eb7615e000-72eb7616c000 r-xp 00002000 08:02 20480902                   /usr/lib/x86_64-linux-gnu/libbz2.so.1.0.4
72eb7616c000-72eb7616e000 r--p 00010000 08:02 20480902                   /usr/lib/x86_64-linux-gnu/libbz2.so.1.0.4
72eb7616e000-72eb7616f000 r--p 00011000 08:02 20480902                   /usr/lib/x86_64-linux-gnu/libbz2.so.1.0.4
72eb7616f000-72eb76170000 rw-p 00012000 08:02 20480902                   /usr/lib/x86_64-linux-gnu/libbz2.so.1.0.4
72eb76170000-72eb76177000 r--p 00000000 08:02 20478174                   /usr/lib/x86_64-linux-gnu/libblkid.so.1.1.0
72eb76177000-72eb7619b000 r-xp 00007000 08:02 20478174                   /usr/lib/x86_64-linux-gnu/libblkid.so.1.1.0
72eb7619b000-72eb761a4000 r--p 0002b000 08:02 20478174                   /usr/lib/x86_64-linux-gnu/libblkid.so.1.1.0
72eb761a4000-72eb761aa000 r--p 00033000 08:02 20478174                   /usr/lib/x86_64-linux-gnu/libblkid.so.1.1.0
72eb761aa000-72eb761ab000 rw-p 00039000 08:02 20478174                   /usr/lib/x86_64-linux-gnu/libblkid.so.1.1.0
72eb761ab000-72eb761b7000 r--p 00000000 08:02 20481034                   /usr/lib/x86_64-linux-gnu/libdbus-1.so.3.32.4
72eb761b7000-72eb761e7000 r-xp 0000c000 08:02 20481034                   /usr/lib/x86_64-linux-gnu/libdbus-1.so.3.32.4
72eb761e7000-72eb761f8000 r--p 0003c000 08:02 20481034                   /usr/lib/x86_64-linux-gnu/libdbus-1.so.3.32.4
72eb761f8000-72eb761f9000 r--p 0004c000 08:02 20481034                   /usr/lib/x86_64-linux-gnu/libdbus-1.so.3.32.4
72eb761f9000-72eb761fa000 rw-p 0004d000 08:02 20481034                   /usr/lib/x86_64-linux-gnu/libdbus-1.so.3.32.4
72eb761fa000-72eb7620a000 r--p 00000000 08:02 20480803                   /usr/lib/x86_64-linux-gnu/libatspi.so.0.0.1
72eb7620a000-72eb76223000 r-xp 00010000 08:02 20480803                   /usr/lib/x86_64-linux-gnu/libatspi.so.0.0.1
72eb76223000-72eb76230000 r--p 00029000 08:02 20480803                   /usr/lib/x86_64-linux-gnu/libatspi.so.0.0.1
72eb76230000-72eb76233000 r--p 00036000 08:02 20480803                   /usr/lib/x86_64-linux-gnu/libatspi.so.0.0.1
72eb76233000-72eb76234000 rw-p 00039000 08:02 20480803                   /usr/lib/x86_64-linux-gnu/libatspi.so.0.0.1
72eb76234000-72eb76238000 r--p 00000000 08:02 20481595                   /usr/lib/x86_64-linux-gnu/libjpeg.so.8.2.2
72eb76238000-72eb76285000 r-xp 00004000 08:02 20481595                   /usr/lib/x86_64-linux-gnu/libjpeg.so.8.2.2
72eb76285000-72eb762b5000 r--p 00051000 08:02 20481595                   /usr/lib/x86_64-linux-gnu/libjpeg.so.8.2.2
72eb762b5000-72eb762b6000 r--p 00081000 08:02 20481595                   /usr/lib/x86_64-linux-gnu/libjpeg.so.8.2.2
72eb762b6000-72eb762b7000 rw-p 00082000 08:02 20481595                   /usr/lib/x86_64-linux-gnu/libjpeg.so.8.2.2
72eb762b7000-72eb762c1000 r--p 00000000 08:02 20481932                   /usr/lib/x86_64-linux-gnu/libpixman-1.so.0.42.2
72eb762c1000-72eb7634e000 r-xp 0000a000 08:02 20481932                   /usr/lib/x86_64-linux-gnu/libpixman-1.so.0.42.2
72eb7634e000-72eb7635d000 r--p 00097000 08:02 20481932                   /usr/lib/x86_64-linux-gnu/libpixman-1.so.0.42.2
72eb7635d000-72eb76365000 r--p 000a5000 08:02 20481932                   /usr/lib/x86_64-linux-gnu/libpixman-1.so.0.42.2
72eb76365000-72eb76366000 rw-p 000ad000 08:02 20481932                   /usr/lib/x86_64-linux-gnu/libpixman-1.so.0.42.2
72eb76366000-72eb7636b000 r--p 00000000 08:02 20453182                   /usr/lib/x86_64-linux-gnu/libpng16.so.16.43.0
72eb7636b000-72eb76393000 r-xp 00005000 08:02 20453182                   /usr/lib/x86_64-linux-gnu/libpng16.so.16.43.0
72eb76393000-72eb7639c000 r--p 0002d000 08:02 20453182                   /usr/lib/x86_64-linux-gnu/libpng16.so.16.43.0
72eb7639c000-72eb7639d000 r--p 00035000 08:02 20453182                   /usr/lib/x86_64-linux-gnu/libpng16.so.16.43.0
72eb7639d000-72eb7639e000 rw-p 00036000 08:02 20453182                   /usr/lib/x86_64-linux-gnu/libpng16.so.16.43.0
72eb7639e000-72eb763a1000 r--p 00000000 08:02 20481388                   /usr/lib/x86_64-linux-gnu/libgraphite2.so.3.2.1
72eb763a1000-72eb763be000 r-xp 00003000 08:02 20481388                   /usr/lib/x86_64-linux-gnu/libgraphite2.so.3.2.1
72eb763be000-72eb763c1000 r--p 00020000 08:02 20481388                   /usr/lib/x86_64-linux-gnu/libgraphite2.so.3.2.1
72eb763c1000-72eb763c3000 r--p 00022000 08:02 20481388                   /usr/lib/x86_64-linux-gnu/libgraphite2.so.3.2.1
72eb763c3000-72eb763c4000 rw-p 00024000 08:02 20481388                   /usr/lib/x86_64-linux-gnu/libgraphite2.so.3.2.1
72eb763c4000-72eb763d1000 r--p 00000000 08:02 20449022                   /usr/lib/x86_64-linux-gnu/libfreetype.so.6.20.1
72eb763d1000-72eb76462000 r-xp 0000d000 08:02 20449022                   /usr/lib/x86_64-linux-gnu/libfreetype.so.6.20.1
72eb76462000-72eb76488000 r--p 0009e000 08:02 20449022                   /usr/lib/x86_64-linux-gnu/libfreetype.so.6.20.1
72eb76488000-72eb7648f000 r--p 000c4000 08:02 20449022                   /usr/lib/x86_64-linux-gnu/libfreetype.so.6.20.1
72eb7648f000-72eb76490000 rw-p 000cb000 08:02 20449022                   /usr/lib/x86_64-linux-gnu/libfreetype.so.6.20.1
72eb76490000-72eb76499000 r--p 00000000 08:02 20478759                   /usr/lib/x86_64-linux-gnu/libmount.so.1.1.0
72eb76499000-72eb764cd000 r-xp 00009000 08:02 20478759                   /usr/lib/x86_64-linux-gnu/libmount.so.1.1.0
72eb764cd000-72eb764da000 r--p 0003d000 08:02 20478759                   /usr/lib/x86_64-linux-gnu/libmount.so.1.1.0
72eb764da000-72eb764dc000 r--p 00049000 08:02 20478759                   /usr/lib/x86_64-linux-gnu/libmount.so.1.1.0
72eb764dc000-72eb764dd000 rw-p 0004b000 08:02 20478759                   /usr/lib/x86_64-linux-gnu/libmount.so.1.1.0
72eb764dd000-72eb7653d000 r--p 00000000 08:02 20481148                   /usr/lib/x86_64-linux-gnu/libepoxy.so.0.0.0
72eb7653d000-72eb765a3000 r-xp 00060000 08:02 20481148                   /usr/lib/x86_64-linux-gnu/libepoxy.so.0.0.0
72eb765a3000-72eb765f1000 r--p 000c6000 08:02 20481148                   /usr/lib/x86_64-linux-gnu/libepoxy.so.0.0.0
72eb765f1000-72eb765f9000 r--p 00113000 08:02 20481148                   /usr/lib/x86_64-linux-gnu/libepoxy.so.0.0.0
72eb765f9000-72eb76600000 rw-p 0011b000 08:02 20481148                   /usr/lib/x86_64-linux-gnu/libepoxy.so.0.0.0
72eb76600000-72eb76683000 r--p 00000000 08:02 20481448                   /usr/lib/x86_64-linux-gnu/libgtk-3.so.0.2409.32
72eb76683000-72eb76a31000 r-xp 00083000 08:02 20481448                   /usr/lib/x86_64-linux-gnu/libgtk-3.so.0.2409.32
72eb76a31000-72eb76db6000 r--p 00431000 08:02 20481448                   /usr/lib/x86_64-linux-gnu/libgtk-3.so.0.2409.32
72eb76db6000-72eb76dc6000 r--p 007b5000 08:02 20481448                   /usr/lib/x86_64-linux-gnu/libgtk-3.so.0.2409.32
72eb76dc6000-72eb76dc8000 rw-p 007c5000 08:02 20481448                   /usr/lib/x86_64-linux-gnu/libgtk-3.so.0.2409.32
72eb76dc8000-72eb76dcd000 rw-p 00000000 00:00 0 
72eb76dce000-72eb76dcf000 r--p 00000000 08:02 20472600                   /usr/lib/x86_64-linux-gnu/libgthread-2.0.so.0.8000.0
72eb76dcf000-72eb76dd0000 r-xp 00001000 08:02 20472600                   /usr/lib/x86_64-linux-gnu/libgthread-2.0.so.0.8000.0
72eb76dd0000-72eb76dd1000 r--p 00002000 08:02 20472600                   /usr/lib/x86_64-linux-gnu/libgthread-2.0.so.0.8000.0
72eb76dd1000-72eb76dd2000 r--p 00002000 08:02 20472600                   /usr/lib/x86_64-linux-gnu/libgthread-2.0.so.0.8000.0
72eb76dd2000-72eb76dd3000 rw-p 00003000 08:02 20472600                   /usr/lib/x86_64-linux-gnu/libgthread-2.0.so.0.8000.0
72eb76dd3000-72eb76dd9000 r--p 00000000 08:02 20482089                   /usr/lib/x86_64-linux-gnu/libselinux.so.1
72eb76dd9000-72eb76df6000 r-xp 00006000 08:02 20482089                   /usr/lib/x86_64-linux-gnu/libselinux.so.1
72eb76df6000-72eb76dfc000 r--p 00023000 08:02 20482089                   /usr/lib/x86_64-linux-gnu/libselinux.so.1
72eb76dfc000-72eb76dfd000 r--p 00029000 08:02 20482089                   /usr/lib/x86_64-linux-gnu/libselinux.so.1
72eb76dfd000-72eb76dfe000 rw-p 0002a000 08:02 20482089                   /usr/lib/x86_64-linux-gnu/libselinux.so.1
72eb76dfe000-72eb76e00000 rw-p 00000000 00:00 0 
72eb76e00000-72eb76e01000 r-xp 00000000 08:02 7097402                    /home/lucas/.openjfx/cache/13/libglass.so
72eb76e01000-72eb77001000 ---p 00001000 08:02 7097402                    /home/lucas/.openjfx/cache/13/libglass.so
72eb77001000-72eb77002000 r--p 00001000 08:02 7097402                    /home/lucas/.openjfx/cache/13/libglass.so
72eb77002000-72eb77003000 rw-p 00002000 08:02 7097402                    /home/lucas/.openjfx/cache/13/libglass.so
72eb77005000-72eb77006000 r--p 00000000 08:02 20480889                   /usr/lib/x86_64-linux-gnu/libbrotlidec.so.1.1.0
72eb77006000-72eb7700e000 r-xp 00001000 08:02 20480889                   /usr/lib/x86_64-linux-gnu/libbrotlidec.so.1.1.0
72eb7700e000-72eb77011000 r--p 00009000 08:02 20480889                   /usr/lib/x86_64-linux-gnu/libbrotlidec.so.1.1.0
72eb77011000-72eb77012000 r--p 0000b000 08:02 20480889                   /usr/lib/x86_64-linux-gnu/libbrotlidec.so.1.1.0
72eb77012000-72eb77013000 rw-p 0000c000 08:02 20480889                   /usr/lib/x86_64-linux-gnu/libbrotlidec.so.1.1.0
72eb77013000-72eb77018000 r--p 00000000 08:02 20482442                   /usr/lib/x86_64-linux-gnu/libxcb-render.so.0.0.0
72eb77018000-72eb7701d000 r-xp 00005000 08:02 20482442                   /usr/lib/x86_64-linux-gnu/libxcb-render.so.0.0.0
72eb7701d000-72eb77020000 r--p 0000a000 08:02 20482442                   /usr/lib/x86_64-linux-gnu/libxcb-render.so.0.0.0
72eb77020000-72eb77021000 r--p 0000c000 08:02 20482442                   /usr/lib/x86_64-linux-gnu/libxcb-render.so.0.0.0
72eb77021000-72eb77022000 rw-p 0000d000 08:02 20482442                   /usr/lib/x86_64-linux-gnu/libxcb-render.so.0.0.0
72eb77022000-72eb77024000 r--p 00000000 08:02 20481914                   /usr/lib/x86_64-linux-gnu/libpcre2-8.so.0.11.2
72eb77024000-72eb77092000 r-xp 00002000 08:02 20481914                   /usr/lib/x86_64-linux-gnu/libpcre2-8.so.0.11.2
72eb77092000-72eb770ba000 r--p 00070000 08:02 20481914                   /usr/lib/x86_64-linux-gnu/libpcre2-8.so.0.11.2
72eb770ba000-72eb770bb000 r--p 00097000 08:02 20481914                   /usr/lib/x86_64-linux-gnu/libpcre2-8.so.0.11.2
72eb770bb000-72eb770bc000 rw-p 00098000 08:02 20481914                   /usr/lib/x86_64-linux-gnu/libpcre2-8.so.0.11.2
72eb770bc000-72eb770d0000 r--p 00000000 08:02 20480918                   /usr/lib/x86_64-linux-gnu/libcairo.so.2.11800.0
72eb770d0000-72eb771c1000 r-xp 00014000 08:02 20480918                   /usr/lib/x86_64-linux-gnu/libcairo.so.2.11800.0
72eb771c1000-72eb771f9000 r--p 00105000 08:02 20480918                   /usr/lib/x86_64-linux-gnu/libcairo.so.2.11800.0
72eb771f9000-72eb771fd000 r--p 0013d000 08:02 20480918                   /usr/lib/x86_64-linux-gnu/libcairo.so.2.11800.0
72eb771fd000-72eb771ff000 rw-p 00141000 08:02 20480918                   /usr/lib/x86_64-linux-gnu/libcairo.so.2.11800.0
72eb771ff000-72eb77200000 rw-p 00000000 00:00 0 
72eb77200000-72eb7720f000 r-xp 00000000 08:02 7097401                    /home/lucas/.openjfx/cache/13/libprism_sw.so
72eb7720f000-72eb7740e000 ---p 0000f000 08:02 7097401                    /home/lucas/.openjfx/cache/13/libprism_sw.so
72eb7740e000-72eb7740f000 r--p 0000e000 08:02 7097401                    /home/lucas/.openjfx/cache/13/libprism_sw.so
72eb7740f000-72eb77410000 rw-p 0000f000 08:02 7097401                    /home/lucas/.openjfx/cache/13/libprism_sw.so
72eb77413000-72eb77415000 r--p 00000000 08:02 20481029                   /usr/lib/x86_64-linux-gnu/libdatrie.so.1.4.0
72eb77415000-72eb77419000 r-xp 00002000 08:02 20481029                   /usr/lib/x86_64-linux-gnu/libdatrie.so.1.4.0
72eb77419000-72eb7741a000 r--p 00006000 08:02 20481029                   /usr/lib/x86_64-linux-gnu/libdatrie.so.1.4.0
72eb7741a000-72eb7741b000 r--p 00006000 08:02 20481029                   /usr/lib/x86_64-linux-gnu/libdatrie.so.1.4.0
72eb7741b000-72eb7741c000 rw-p 00007000 08:02 20481029                   /usr/lib/x86_64-linux-gnu/libdatrie.so.1.4.0
72eb7741c000-72eb7741e000 r--p 00000000 08:02 20480601                   /usr/lib/x86_64-linux-gnu/libXrender.so.1.3.0
72eb7741e000-72eb77425000 r-xp 00002000 08:02 20480601                   /usr/lib/x86_64-linux-gnu/libXrender.so.1.3.0
72eb77425000-72eb77426000 r--p 00009000 08:02 20480601                   /usr/lib/x86_64-linux-gnu/libXrender.so.1.3.0
72eb77426000-72eb77427000 r--p 00009000 08:02 20480601                   /usr/lib/x86_64-linux-gnu/libXrender.so.1.3.0
72eb77427000-72eb77428000 rw-p 0000a000 08:02 20480601                   /usr/lib/x86_64-linux-gnu/libXrender.so.1.3.0
72eb77428000-72eb7742a000 r--p 00000000 08:02 20482213                   /usr/lib/x86_64-linux-gnu/libthai.so.0.3.1
72eb7742a000-72eb7742e000 r-xp 00002000 08:02 20482213                   /usr/lib/x86_64-linux-gnu/libthai.so.0.3.1
72eb7742e000-72eb77431000 r--p 00006000 08:02 20482213                   /usr/lib/x86_64-linux-gnu/libthai.so.0.3.1
72eb77431000-72eb77432000 r--p 00008000 08:02 20482213                   /usr/lib/x86_64-linux-gnu/libthai.so.0.3.1
72eb77432000-72eb77433000 rw-p 00009000 08:02 20482213                   /usr/lib/x86_64-linux-gnu/libthai.so.0.3.1
72eb77433000-72eb77435000 r--p 00000000 08:02 20480599                   /usr/lib/x86_64-linux-gnu/libXrandr.so.2.2.0
72eb77435000-72eb7743c000 r-xp 00002000 08:02 20480599                   /usr/lib/x86_64-linux-gnu/libXrandr.so.2.2.0
72eb7743c000-72eb7743e000 r--p 00009000 08:02 20480599                   /usr/lib/x86_64-linux-gnu/libXrandr.so.2.2.0
72eb7743e000-72eb7743f000 r--p 0000a000 08:02 20480599                   /usr/lib/x86_64-linux-gnu/libXrandr.so.2.2.0
72eb7743f000-72eb77440000 rw-p 0000b000 08:02 20480599                   /usr/lib/x86_64-linux-gnu/libXrandr.so.2.2.0
72eb77440000-72eb77445000 r--p 00000000 08:02 20482471                   /usr/lib/x86_64-linux-gnu/libxkbcommon.so.0.0.0
72eb77445000-72eb77465000 r-xp 00005000 08:02 20482471                   /usr/lib/x86_64-linux-gnu/libxkbcommon.so.0.0.0
72eb77465000-72eb77486000 r--p 00025000 08:02 20482471                   /usr/lib/x86_64-linux-gnu/libxkbcommon.so.0.0.0
72eb77486000-72eb77488000 r--p 00045000 08:02 20482471                   /usr/lib/x86_64-linux-gnu/libxkbcommon.so.0.0.0
72eb77488000-72eb77489000 rw-p 00047000 08:02 20482471                   /usr/lib/x86_64-linux-gnu/libxkbcommon.so.0.0.0
72eb77489000-72eb77495000 r--p 00000000 08:02 20480793                   /usr/lib/x86_64-linux-gnu/libatk-bridge-2.0.so.0.0.0
72eb77495000-72eb774af000 r-xp 0000c000 08:02 20480793                   /usr/lib/x86_64-linux-gnu/libatk-bridge-2.0.so.0.0.0
72eb774af000-72eb774c2000 r--p 00026000 08:02 20480793                   /usr/lib/x86_64-linux-gnu/libatk-bridge-2.0.so.0.0.0
72eb774c2000-72eb774c3000 r--p 00039000 08:02 20480793                   /usr/lib/x86_64-linux-gnu/libatk-bridge-2.0.so.0.0.0
72eb774c3000-72eb774c5000 rw-p 0003a000 08:02 20480793                   /usr/lib/x86_64-linux-gnu/libatk-bridge-2.0.so.0.0.0
72eb774c5000-72eb774cd000 r--p 00000000 08:02 20453260                   /usr/lib/x86_64-linux-gnu/libgdk_pixbuf-2.0.so.0.4200.10
72eb774cd000-72eb774e8000 r-xp 00008000 08:02 20453260                   /usr/lib/x86_64-linux-gnu/libgdk_pixbuf-2.0.so.0.4200.10
72eb774e8000-72eb774f1000 r--p 00023000 08:02 20453260                   /usr/lib/x86_64-linux-gnu/libgdk_pixbuf-2.0.so.0.4200.10
72eb774f1000-72eb774f2000 r--p 0002c000 08:02 20453260                   /usr/lib/x86_64-linux-gnu/libgdk_pixbuf-2.0.so.0.4200.10
72eb774f2000-72eb774f3000 rw-p 0002d000 08:02 20453260                   /usr/lib/x86_64-linux-gnu/libgdk_pixbuf-2.0.so.0.4200.10
72eb774f3000-72eb774fe000 r--p 00000000 08:02 20481485                   /usr/lib/x86_64-linux-gnu/libharfbuzz.so.0.60830.0
72eb774fe000-72eb775cc000 r-xp 0000b000 08:02 20481485                   /usr/lib/x86_64-linux-gnu/libharfbuzz.so.0.60830.0
72eb775cc000-72eb775fe000 r--p 000d9000 08:02 20481485                   /usr/lib/x86_64-linux-gnu/libharfbuzz.so.0.60830.0
72eb775fe000-72eb775ff000 r--p 0010b000 08:02 20481485                   /usr/lib/x86_64-linux-gnu/libharfbuzz.so.0.60830.0
72eb775ff000-72eb77600000 rw-p 0010c000 08:02 20481485                   /usr/lib/x86_64-linux-gnu/libharfbuzz.so.0.60830.0
72eb77600000-72eb7f808000 r-xp 00000000 08:02 20480511                   /usr/lib/x86_64-linux-gnu/libLLVM.so.20.1
72eb7f808000-72eb7f809000 ---p 08208000 08:02 20480511                   /usr/lib/x86_64-linux-gnu/libLLVM.so.20.1
72eb7f809000-72eb7fe9e000 r--p 08208000 08:02 20480511                   /usr/lib/x86_64-linux-gnu/libLLVM.so.20.1
72eb7fe9e000-72eb7fee6000 rw-p 0889d000 08:02 20480511                   /usr/lib/x86_64-linux-gnu/libLLVM.so.20.1
72eb7fee6000-72eb7ff8e000 rw-p 00000000 00:00 0 
72eb7ff8e000-72eb7ff8f000 r--p 00000000 08:02 20480589                   /usr/lib/x86_64-linux-gnu/libXinerama.so.1.0.0
72eb7ff8f000-72eb7ff90000 r-xp 00001000 08:02 20480589                   /usr/lib/x86_64-linux-gnu/libXinerama.so.1.0.0
72eb7ff90000-72eb7ff91000 r--p 00002000 08:02 20480589                   /usr/lib/x86_64-linux-gnu/libXinerama.so.1.0.0
72eb7ff91000-72eb7ff92000 r--p 00002000 08:02 20480589                   /usr/lib/x86_64-linux-gnu/libXinerama.so.1.0.0
72eb7ff92000-72eb7ff93000 rw-p 00003000 08:02 20480589                   /usr/lib/x86_64-linux-gnu/libXinerama.so.1.0.0
72eb7ff93000-72eb7ff95000 r--p 00000000 08:02 20480573                   /usr/lib/x86_64-linux-gnu/libXcursor.so.1.0.2
72eb7ff95000-72eb7ff9b000 r-xp 00002000 08:02 20480573                   /usr/lib/x86_64-linux-gnu/libXcursor.so.1.0.2
72eb7ff9b000-72eb7ff9d000 r--p 00008000 08:02 20480573                   /usr/lib/x86_64-linux-gnu/libXcursor.so.1.0.2
72eb7ff9d000-72eb7ff9e000 r--p 00009000 08:02 20480573                   /usr/lib/x86_64-linux-gnu/libXcursor.so.1.0.2
72eb7ff9e000-72eb7ff9f000 rw-p 0000a000 08:02 20480573                   /usr/lib/x86_64-linux-gnu/libXcursor.so.1.0.2
72eb7ff9f000-72eb7ffa4000 r--p 00000000 08:02 20482373                   /usr/lib/x86_64-linux-gnu/libwayland-client.so.0.22.0
72eb7ffa4000-72eb7ffaa000 r-xp 00005000 08:02 20482373                   /usr/lib/x86_64-linux-gnu/libwayland-client.so.0.22.0
72eb7ffaa000-72eb7ffac000 r--p 0000b000 08:02 20482373                   /usr/lib/x86_64-linux-gnu/libwayland-client.so.0.22.0
72eb7ffac000-72eb7ffae000 r--p 0000d000 08:02 20482373                   /usr/lib/x86_64-linux-gnu/libwayland-client.so.0.22.0
72eb7ffae000-72eb7ffaf000 rw-p 0000f000 08:02 20482373                   /usr/lib/x86_64-linux-gnu/libwayland-client.so.0.22.0
72eb7ffaf000-72eb7ffb7000 r--p 00000000 08:02 20481234                   /usr/lib/x86_64-linux-gnu/libfontconfig.so.1.12.1
72eb7ffb7000-72eb7ffe6000 r-xp 00008000 08:02 20481234                   /usr/lib/x86_64-linux-gnu/libfontconfig.so.1.12.1
72eb7ffe6000-72eb7fffd000 r--p 00037000 08:02 20481234                   /usr/lib/x86_64-linux-gnu/libfontconfig.so.1.12.1
72eb7fffd000-72eb7ffff000 r--p 0004d000 08:02 20481234                   /usr/lib/x86_64-linux-gnu/libfontconfig.so.1.12.1
72eb7ffff000-72eb80000000 rw-p 0004f000 08:02 20481234                   /usr/lib/x86_64-linux-gnu/libfontconfig.so.1.12.1
72eb80000000-72eb80bb7000 rw-p 00000000 00:00 0 
72eb80bb7000-72eb84000000 ---p 00000000 00:00 0 
72eb84002000-72eb8400d000 r--p 00000000 08:02 20480791                   /usr/lib/x86_64-linux-gnu/libatk-1.0.so.0.25209.1
72eb8400d000-72eb8401d000 r-xp 0000b000 08:02 20480791                   /usr/lib/x86_64-linux-gnu/libatk-1.0.so.0.25209.1
72eb8401d000-72eb84028000 r--p 0001b000 08:02 20480791                   /usr/lib/x86_64-linux-gnu/libatk-1.0.so.0.25209.1
72eb84028000-72eb8402b000 r--p 00026000 08:02 20480791                   /usr/lib/x86_64-linux-gnu/libatk-1.0.so.0.25209.1
72eb8402b000-72eb8402c000 rw-p 00029000 08:02 20480791                   /usr/lib/x86_64-linux-gnu/libatk-1.0.so.0.25209.1
72eb8402c000-72eb84065000 r--p 00000000 08:02 20452980                   /usr/lib/x86_64-linux-gnu/libgio-2.0.so.0.8000.0
72eb84065000-72eb8417c000 r-xp 00039000 08:02 20452980                   /usr/lib/x86_64-linux-gnu/libgio-2.0.so.0.8000.0
72eb8417c000-72eb841f1000 r--p 00150000 08:02 20452980                   /usr/lib/x86_64-linux-gnu/libgio-2.0.so.0.8000.0
72eb841f1000-72eb841f9000 r--p 001c4000 08:02 20452980                   /usr/lib/x86_64-linux-gnu/libgio-2.0.so.0.8000.0
72eb841f9000-72eb841fa000 rw-p 001cc000 08:02 20452980                   /usr/lib/x86_64-linux-gnu/libgio-2.0.so.0.8000.0
72eb841fa000-72eb841fc000 rw-p 00000000 00:00 0 
72eb841fc000-72eb841fd000 ---p 00000000 00:00 0 
72eb841fd000-72eb849fd000 rw-p 00000000 00:00 0 
72eb849fd000-72eb849fe000 ---p 00000000 00:00 0 
72eb849fe000-72eb851fe000 rw-p 00000000 00:00 0 
72eb851fe000-72eb851ff000 ---p 00000000 00:00 0 
72eb851ff000-72eb859ff000 rw-p 00000000 00:00 0 
72eb859ff000-72eb85a00000 ---p 00000000 00:00 0 
72eb85a00000-72eb86200000 rw-p 00000000 00:00 0 
72eb86200000-72eb86201000 r--p 00000000 08:02 20481529                   /usr/lib/x86_64-linux-gnu/libicudata.so.74.2
72eb86201000-72eb86202000 r-xp 00001000 08:02 20481529                   /usr/lib/x86_64-linux-gnu/libicudata.so.74.2
72eb86202000-72eb87f5e000 r--p 00002000 08:02 20481529                   /usr/lib/x86_64-linux-gnu/libicudata.so.74.2
72eb87f5e000-72eb87f5f000 r--p 01d5d000 08:02 20481529                   /usr/lib/x86_64-linux-gnu/libicudata.so.74.2
72eb87f5f000-72eb87f60000 rw-p 01d5e000 08:02 20481529                   /usr/lib/x86_64-linux-gnu/libicudata.so.74.2
72eb87f60000-72eb87f61000 r--p 00000000 08:02 20480571                   /usr/lib/x86_64-linux-gnu/libXcomposite.so.1.0.0
72eb87f61000-72eb87f62000 r-xp 00001000 08:02 20480571                   /usr/lib/x86_64-linux-gnu/libXcomposite.so.1.0.0
72eb87f62000-72eb87f63000 r--p 00002000 08:02 20480571                   /usr/lib/x86_64-linux-gnu/libXcomposite.so.1.0.0
72eb87f63000-72eb87f64000 r--p 00002000 08:02 20480571                   /usr/lib/x86_64-linux-gnu/libXcomposite.so.1.0.0
72eb87f64000-72eb87f65000 rw-p 00003000 08:02 20480571                   /usr/lib/x86_64-linux-gnu/libXcomposite.so.1.0.0
72eb87f65000-72eb87f67000 r--p 00000000 08:02 20482375                   /usr/lib/x86_64-linux-gnu/libwayland-cursor.so.0.22.0
72eb87f67000-72eb87f69000 r-xp 00002000 08:02 20482375                   /usr/lib/x86_64-linux-gnu/libwayland-cursor.so.0.22.0
72eb87f69000-72eb87f6a000 r--p 00004000 08:02 20482375                   /usr/lib/x86_64-linux-gnu/libwayland-cursor.so.0.22.0
72eb87f6a000-72eb87f6b000 r--p 00004000 08:02 20482375                   /usr/lib/x86_64-linux-gnu/libwayland-cursor.so.0.22.0
72eb87f6b000-72eb87f6f000 rw-p 00005000 08:02 20482375                   /usr/lib/x86_64-linux-gnu/libwayland-cursor.so.0.22.0
72eb87f6f000-72eb87f71000 r--p 00000000 08:02 20480581                   /usr/lib/x86_64-linux-gnu/libXfixes.so.3.1.0
72eb87f71000-72eb87f74000 r-xp 00002000 08:02 20480581                   /usr/lib/x86_64-linux-gnu/libXfixes.so.3.1.0
72eb87f74000-72eb87f75000 r--p 00005000 08:02 20480581                   /usr/lib/x86_64-linux-gnu/libXfixes.so.3.1.0
72eb87f75000-72eb87f76000 r--p 00005000 08:02 20480581                   /usr/lib/x86_64-linux-gnu/libXfixes.so.3.1.0
72eb87f76000-72eb87f77000 rw-p 00006000 08:02 20480581                   /usr/lib/x86_64-linux-gnu/libXfixes.so.3.1.0
72eb87f77000-72eb87f79000 r--p 00000000 08:02 20481255                   /usr/lib/x86_64-linux-gnu/libfribidi.so.0.4.0
72eb87f79000-72eb87f7d000 r-xp 00002000 08:02 20481255                   /usr/lib/x86_64-linux-gnu/libfribidi.so.0.4.0
72eb87f7d000-72eb87f93000 r--p 00006000 08:02 20481255                   /usr/lib/x86_64-linux-gnu/libfribidi.so.0.4.0
72eb87f93000-72eb87f94000 r--p 0001c000 08:02 20481255                   /usr/lib/x86_64-linux-gnu/libfribidi.so.0.4.0
72eb87f94000-72eb87f95000 rw-p 0001d000 08:02 20481255                   /usr/lib/x86_64-linux-gnu/libfribidi.so.0.4.0
72eb87f95000-72eb87fa8000 r--p 00000000 08:02 20481883                   /usr/lib/x86_64-linux-gnu/libpango-1.0.so.0.5200.1
72eb87fa8000-72eb87fe1000 r-xp 00013000 08:02 20481883                   /usr/lib/x86_64-linux-gnu/libpango-1.0.so.0.5200.1
72eb87fe1000-72eb87ffb000 r--p 0004c000 08:02 20481883                   /usr/lib/x86_64-linux-gnu/libpango-1.0.so.0.5200.1
72eb87ffb000-72eb87fff000 r--p 00065000 08:02 20481883                   /usr/lib/x86_64-linux-gnu/libpango-1.0.so.0.5200.1
72eb87fff000-72eb88000000 rw-p 00069000 08:02 20481883                   /usr/lib/x86_64-linux-gnu/libpango-1.0.so.0.5200.1
72eb88000000-72eb88021000 rw-p 00000000 00:00 0 
72eb88021000-72eb8c000000 ---p 00000000 00:00 0 
72eb8c000000-72eb8c001000 r--p 00000000 08:02 20480575                   /usr/lib/x86_64-linux-gnu/libXdamage.so.1.1.0
72eb8c001000-72eb8c002000 r-xp 00001000 08:02 20480575                   /usr/lib/x86_64-linux-gnu/libXdamage.so.1.1.0
72eb8c002000-72eb8c003000 r--p 00002000 08:02 20480575                   /usr/lib/x86_64-linux-gnu/libXdamage.so.1.1.0
72eb8c003000-72eb8c004000 r--p 00002000 08:02 20480575                   /usr/lib/x86_64-linux-gnu/libXdamage.so.1.1.0
72eb8c004000-72eb8c005000 rw-p 00003000 08:02 20480575                   /usr/lib/x86_64-linux-gnu/libXdamage.so.1.1.0
72eb8c005000-72eb8c008000 r--p 00000000 08:02 20480587                   /usr/lib/x86_64-linux-gnu/libXi.so.6.1.0
72eb8c008000-72eb8c014000 r-xp 00003000 08:02 20480587                   /usr/lib/x86_64-linux-gnu/libXi.so.6.1.0
72eb8c014000-72eb8c016000 r--p 0000f000 08:02 20480587                   /usr/lib/x86_64-linux-gnu/libXi.so.6.1.0
72eb8c016000-72eb8c017000 r--p 00011000 08:02 20480587                   /usr/lib/x86_64-linux-gnu/libXi.so.6.1.0
72eb8c017000-72eb8c018000 rw-p 00012000 08:02 20480587                   /usr/lib/x86_64-linux-gnu/libXi.so.6.1.0
72eb8c018000-72eb8c027000 r--p 00000000 08:02 20472534                   /usr/lib/x86_64-linux-gnu/libgobject-2.0.so.0.8000.0
72eb8c027000-72eb8c05e000 r-xp 0000f000 08:02 20472534                   /usr/lib/x86_64-linux-gnu/libgobject-2.0.so.0.8000.0
72eb8c05e000-72eb8c077000 r--p 00046000 08:02 20472534                   /usr/lib/x86_64-linux-gnu/libgobject-2.0.so.0.8000.0
72eb8c077000-72eb8c07a000 r--p 0005e000 08:02 20472534                   /usr/lib/x86_64-linux-gnu/libgobject-2.0.so.0.8000.0
72eb8c07a000-72eb8c07b000 rw-p 00061000 08:02 20472534                   /usr/lib/x86_64-linux-gnu/libgobject-2.0.so.0.8000.0
72eb8c07b000-72eb8c099000 r--p 00000000 08:02 20452981                   /usr/lib/x86_64-linux-gnu/libglib-2.0.so.0.8000.0
72eb8c099000-72eb8c139000 r-xp 0001e000 08:02 20452981                   /usr/lib/x86_64-linux-gnu/libglib-2.0.so.0.8000.0
72eb8c139000-72eb8c1c1000 r--p 000be000 08:02 20452981                   /usr/lib/x86_64-linux-gnu/libglib-2.0.so.0.8000.0
72eb8c1c1000-72eb8c1c2000 r--p 00146000 08:02 20452981                   /usr/lib/x86_64-linux-gnu/libglib-2.0.so.0.8000.0
72eb8c1c2000-72eb8c1c3000 rw-p 00147000 08:02 20452981                   /usr/lib/x86_64-linux-gnu/libglib-2.0.so.0.8000.0
72eb8c1c3000-72eb8c1c4000 rw-p 00000000 00:00 0 
72eb8c1c4000-72eb8c1ee000 r--p 00000000 08:02 20481305                   /usr/lib/x86_64-linux-gnu/libgdk-3.so.0.2409.32
72eb8c1ee000-72eb8c272000 r-xp 0002a000 08:02 20481305                   /usr/lib/x86_64-linux-gnu/libgdk-3.so.0.2409.32
72eb8c272000-72eb8c2b4000 r--p 000ae000 08:02 20481305                   /usr/lib/x86_64-linux-gnu/libgdk-3.so.0.2409.32
72eb8c2b4000-72eb8c2bd000 r--p 000ef000 08:02 20481305                   /usr/lib/x86_64-linux-gnu/libgdk-3.so.0.2409.32
72eb8c2bd000-72eb8c2bf000 rw-p 000f8000 08:02 20481305                   /usr/lib/x86_64-linux-gnu/libgdk-3.so.0.2409.32
72eb8c2bf000-72eb8c400000 rw-s 00000000 08:02 7078326                    /home/lucas/.cache/mesa_shader_cache/index
72eb8c400000-72eb8c468000 r--p 00000000 08:02 20481539                   /usr/lib/x86_64-linux-gnu/libicuuc.so.74.2
72eb8c468000-72eb8c56d000 r-xp 00068000 08:02 20481539                   /usr/lib/x86_64-linux-gnu/libicuuc.so.74.2
72eb8c56d000-72eb8c5f7000 r--p 0016d000 08:02 20481539                   /usr/lib/x86_64-linux-gnu/libicuuc.so.74.2
72eb8c5f7000-72eb8c60a000 r--p 001f7000 08:02 20481539                   /usr/lib/x86_64-linux-gnu/libicuuc.so.74.2
72eb8c60a000-72eb8c60b000 rw-p 0020a000 08:02 20481539                   /usr/lib/x86_64-linux-gnu/libicuuc.so.74.2
72eb8c60b000-72eb8c60d000 rw-p 00000000 00:00 0 
72eb8c60d000-72eb8c60e000 r--p 00000000 08:02 20482377                   /usr/lib/x86_64-linux-gnu/libwayland-egl.so.1.22.0
72eb8c60e000-72eb8c60f000 r-xp 00001000 08:02 20482377                   /usr/lib/x86_64-linux-gnu/libwayland-egl.so.1.22.0
72eb8c60f000-72eb8c610000 r--p 00002000 08:02 20482377                   /usr/lib/x86_64-linux-gnu/libwayland-egl.so.1.22.0
72eb8c610000-72eb8c611000 r--p 00002000 08:02 20482377                   /usr/lib/x86_64-linux-gnu/libwayland-egl.so.1.22.0
72eb8c611000-72eb8c612000 rw-p 00003000 08:02 20482377                   /usr/lib/x86_64-linux-gnu/libwayland-egl.so.1.22.0
72eb8c612000-72eb8c616000 r--p 00000000 08:02 20480914                   /usr/lib/x86_64-linux-gnu/libcairo-gobject.so.2.11800.0
72eb8c616000-72eb8c618000 r-xp 00004000 08:02 20480914                   /usr/lib/x86_64-linux-gnu/libcairo-gobject.so.2.11800.0
72eb8c618000-72eb8c61b000 r--p 00006000 08:02 20480914                   /usr/lib/x86_64-linux-gnu/libcairo-gobject.so.2.11800.0
72eb8c61b000-72eb8c61d000 r--p 00008000 08:02 20480914                   /usr/lib/x86_64-linux-gnu/libcairo-gobject.so.2.11800.0
72eb8c61d000-72eb8c61e000 rw-p 0000a000 08:02 20480914                   /usr/lib/x86_64-linux-gnu/libcairo-gobject.so.2.11800.0
72eb8c61e000-72eb8c64d000 r--p 00000000 08:02 20448087                   /usr/lib/x86_64-linux-gnu/libxml2.so.2.9.14
72eb8c64d000-72eb8c7b3000 r-xp 0002f000 08:02 20448087                   /usr/lib/x86_64-linux-gnu/libxml2.so.2.9.14
72eb8c7b3000-72eb8c7f5000 r--p 00195000 08:02 20448087                   /usr/lib/x86_64-linux-gnu/libxml2.so.2.9.14
72eb8c7f5000-72eb8c7fe000 r--p 001d6000 08:02 20448087                   /usr/lib/x86_64-linux-gnu/libxml2.so.2.9.14
72eb8c7fe000-72eb8c7ff000 rw-p 001df000 08:02 20448087                   /usr/lib/x86_64-linux-gnu/libxml2.so.2.9.14
72eb8c7ff000-72eb8c800000 rw-p 00000000 00:00 0 
72eb8c800000-72eb8c89d000 r--p 00000000 08:02 20449639                   /usr/lib/x86_64-linux-gnu/libstdc++.so.6.0.33
72eb8c89d000-72eb8c9e5000 r-xp 0009d000 08:02 20449639                   /usr/lib/x86_64-linux-gnu/libstdc++.so.6.0.33
72eb8c9e5000-72eb8ca6c000 r--p 001e5000 08:02 20449639                   /usr/lib/x86_64-linux-gnu/libstdc++.so.6.0.33
72eb8ca6c000-72eb8ca77000 r--p 0026b000 08:02 20449639                   /usr/lib/x86_64-linux-gnu/libstdc++.so.6.0.33
72eb8ca77000-72eb8ca7a000 rw-p 00276000 08:02 20449639                   /usr/lib/x86_64-linux-gnu/libstdc++.so.6.0.33
72eb8ca7a000-72eb8ca7e000 rw-p 00000000 00:00 0 
72eb8ca82000-72eb8ca8a000 r--p 00000000 08:02 20481887                   /usr/lib/x86_64-linux-gnu/libpangoft2-1.0.so.0.5200.1
72eb8ca8a000-72eb8ca97000 r-xp 00008000 08:02 20481887                   /usr/lib/x86_64-linux-gnu/libpangoft2-1.0.so.0.5200.1
72eb8ca97000-72eb8ca9b000 r--p 00015000 08:02 20481887                   /usr/lib/x86_64-linux-gnu/libpangoft2-1.0.so.0.5200.1
72eb8ca9b000-72eb8ca9c000 r--p 00019000 08:02 20481887                   /usr/lib/x86_64-linux-gnu/libpangoft2-1.0.so.0.5200.1
72eb8ca9c000-72eb8ca9d000 rw-p 0001a000 08:02 20481887                   /usr/lib/x86_64-linux-gnu/libpangoft2-1.0.so.0.5200.1
72eb8ca9d000-72eb8caa2000 r--p 00000000 08:02 20481885                   /usr/lib/x86_64-linux-gnu/libpangocairo-1.0.so.0.5200.1
72eb8caa2000-72eb8caaa000 r-xp 00005000 08:02 20481885                   /usr/lib/x86_64-linux-gnu/libpangocairo-1.0.so.0.5200.1
72eb8caaa000-72eb8caac000 r--p 0000d000 08:02 20481885                   /usr/lib/x86_64-linux-gnu/libpangocairo-1.0.so.0.5200.1
72eb8caac000-72eb8caad000 r--p 0000f000 08:02 20481885                   /usr/lib/x86_64-linux-gnu/libpangocairo-1.0.so.0.5200.1
72eb8caad000-72eb8caae000 rw-p 00010000 08:02 20481885                   /usr/lib/x86_64-linux-gnu/libpangocairo-1.0.so.0.5200.1
72eb8cab2000-72eb8cab5000 r--p 00000000 08:02 20481355                   /usr/lib/x86_64-linux-gnu/libgnomekbd.so.8.0.0
72eb8cab5000-72eb8cab8000 r-xp 00003000 08:02 20481355                   /usr/lib/x86_64-linux-gnu/libgnomekbd.so.8.0.0
72eb8cab8000-72eb8cab9000 r--p 00006000 08:02 20481355                   /usr/lib/x86_64-linux-gnu/libgnomekbd.so.8.0.0
72eb8cab9000-72eb8caba000 r--p 00007000 08:02 20481355                   /usr/lib/x86_64-linux-gnu/libgnomekbd.so.8.0.0
72eb8caba000-72eb8cabb000 rw-p 00008000 08:02 20481355                   /usr/lib/x86_64-linux-gnu/libgnomekbd.so.8.0.0
72eb8cabb000-72eb8cabc000 r--p 00000000 08:02 20578861                   /usr/lib/x86_64-linux-gnu/gtk-3.0/modules/libxapp-gtk3-module.so
72eb8cabc000-72eb8cabd000 r-xp 00001000 08:02 20578861                   /usr/lib/x86_64-linux-gnu/gtk-3.0/modules/libxapp-gtk3-module.so
72eb8cabd000-72eb8cabe000 r--p 00002000 08:02 20578861                   /usr/lib/x86_64-linux-gnu/gtk-3.0/modules/libxapp-gtk3-module.so
72eb8cabe000-72eb8cabf000 r--p 00002000 08:02 20578861                   /usr/lib/x86_64-linux-gnu/gtk-3.0/modules/libxapp-gtk3-module.so
72eb8cabf000-72eb8cac0000 rw-p 00003000 08:02 20578861                   /usr/lib/x86_64-linux-gnu/gtk-3.0/modules/libxapp-gtk3-module.so
72eb8cac0000-72eb8cae0000 rw-s 10c471000 00:10 3106                      anon_inode:i915.gem
72eb8cae0000-72eb8cb00000 rw-s 10300f000 00:10 3106                      anon_inode:i915.gem
72eb8cb00000-72eb8cb20000 rw-s 102fef000 00:10 3106                      anon_inode:i915.gem
72eb8cb20000-72eb8cb60000 rw-s 102d5f000 00:10 3106                      anon_inode:i915.gem
72eb8cb60000-72eb8cb63000 r--p 00000000 08:02 20481664                   /usr/lib/x86_64-linux-gnu/liblzma.so.5.4.5
72eb8cb63000-72eb8cb85000 r-xp 00003000 08:02 20481664                   /usr/lib/x86_64-linux-gnu/liblzma.so.5.4.5
72eb8cb85000-72eb8cb90000 r--p 00025000 08:02 20481664                   /usr/lib/x86_64-linux-gnu/liblzma.so.5.4.5
72eb8cb90000-72eb8cb91000 r--p 00030000 08:02 20481664                   /usr/lib/x86_64-linux-gnu/liblzma.so.5.4.5
72eb8cb91000-72eb8cb92000 rw-p 00031000 08:02 20481664                   /usr/lib/x86_64-linux-gnu/liblzma.so.5.4.5
72eb8cb92000-72eb8cba0000 r--p 00000000 08:02 20482229                   /usr/lib/x86_64-linux-gnu/libtinfo.so.6.4
72eb8cba0000-72eb8cbb3000 r-xp 0000e000 08:02 20482229                   /usr/lib/x86_64-linux-gnu/libtinfo.so.6.4
72eb8cbb3000-72eb8cbc1000 r--p 00021000 08:02 20482229                   /usr/lib/x86_64-linux-gnu/libtinfo.so.6.4
72eb8cbc1000-72eb8cbc5000 r--p 0002e000 08:02 20482229                   /usr/lib/x86_64-linux-gnu/libtinfo.so.6.4
72eb8cbc5000-72eb8cbc6000 rw-p 00032000 08:02 20482229                   /usr/lib/x86_64-linux-gnu/libtinfo.so.6.4
72eb8cbc6000-72eb8cbce000 r--p 00000000 08:02 20481136                   /usr/lib/x86_64-linux-gnu/libedit.so.2.0.72
72eb8cbce000-72eb8cbed000 r-xp 00008000 08:02 20481136                   /usr/lib/x86_64-linux-gnu/libedit.so.2.0.72
72eb8cbed000-72eb8cbf9000 r--p 00027000 08:02 20481136                   /usr/lib/x86_64-linux-gnu/libedit.so.2.0.72
72eb8cbf9000-72eb8cbfb000 r--p 00033000 08:02 20481136                   /usr/lib/x86_64-linux-gnu/libedit.so.2.0.72
72eb8cbfb000-72eb8cbfc000 rw-p 00035000 08:02 20481136                   /usr/lib/x86_64-linux-gnu/libedit.so.2.0.72
72eb8cbfc000-72eb8cc00000 rw-p 00000000 00:00 0 
72eb8cc00000-72eb8cccf000 r--p 00000000 08:02 20453254                   /usr/lib/x86_64-linux-gnu/libgallium-25.2.8-0ubuntu0.24.04.1.so
72eb8cccf000-72eb8e4e2000 r-xp 000cf000 08:02 20453254                   /usr/lib/x86_64-linux-gnu/libgallium-25.2.8-0ubuntu0.24.04.1.so
72eb8e4e2000-72eb8f421000 r--p 018e2000 08:02 20453254                   /usr/lib/x86_64-linux-gnu/libgallium-25.2.8-0ubuntu0.24.04.1.so
72eb8f421000-72eb8f547000 r--p 02821000 08:02 20453254                   /usr/lib/x86_64-linux-gnu/libgallium-25.2.8-0ubuntu0.24.04.1.so
72eb8f547000-72eb8f569000 rw-p 02947000 08:02 20453254                   /usr/lib/x86_64-linux-gnu/libgallium-25.2.8-0ubuntu0.24.04.1.so
72eb8f569000-72eb8f733000 rw-p 00000000 00:00 0 
72eb8f733000-72eb8f743000 rw-s 10e921000 00:10 3106                      anon_inode:i915.gem
72eb8f743000-72eb8f753000 rw-s 10e911000 00:10 3106                      anon_inode:i915.gem
72eb8f753000-72eb8f755000 r--p 00000000 08:02 20481907                   /usr/lib/x86_64-linux-gnu/libpciaccess.so.0.11.1
72eb8f755000-72eb8f75a000 r-xp 00002000 08:02 20481907                   /usr/lib/x86_64-linux-gnu/libpciaccess.so.0.11.1
72eb8f75a000-72eb8f75c000 r--p 00007000 08:02 20481907                   /usr/lib/x86_64-linux-gnu/libpciaccess.so.0.11.1
72eb8f75c000-72eb8f75d000 r--p 00008000 08:02 20481907                   /usr/lib/x86_64-linux-gnu/libpciaccess.so.0.11.1
72eb8f75d000-72eb8f75e000 rw-p 00009000 08:02 20481907                   /usr/lib/x86_64-linux-gnu/libpciaccess.so.0.11.1
72eb8f75e000-72eb8f760000 r--p 00000000 08:02 20481186                   /usr/lib/x86_64-linux-gnu/libffi.so.8.1.4
72eb8f760000-72eb8f767000 r-xp 00002000 08:02 20481186                   /usr/lib/x86_64-linux-gnu/libffi.so.8.1.4
72eb8f767000-72eb8f768000 r--p 00009000 08:02 20481186                   /usr/lib/x86_64-linux-gnu/libffi.so.8.1.4
72eb8f768000-72eb8f769000 r--p 0000a000 08:02 20481186                   /usr/lib/x86_64-linux-gnu/libffi.so.8.1.4
72eb8f769000-72eb8f76a000 rw-p 0000b000 08:02 20481186                   /usr/lib/x86_64-linux-gnu/libffi.so.8.1.4
72eb8f76a000-72eb8f76e000 r--p 00000000 08:02 20449634                   /usr/lib/x86_64-linux-gnu/libgcc_s.so.1
72eb8f76e000-72eb8f792000 r-xp 00004000 08:02 20449634                   /usr/lib/x86_64-linux-gnu/libgcc_s.so.1
72eb8f792000-72eb8f796000 r--p 00028000 08:02 20449634                   /usr/lib/x86_64-linux-gnu/libgcc_s.so.1
72eb8f796000-72eb8f797000 r--p 0002b000 08:02 20449634                   /usr/lib/x86_64-linux-gnu/libgcc_s.so.1
72eb8f797000-72eb8f798000 rw-p 0002c000 08:02 20449634                   /usr/lib/x86_64-linux-gnu/libgcc_s.so.1
72eb8f798000-72eb8f79b000 r--p 00000000 08:02 20453243                   /usr/lib/x86_64-linux-gnu/libdrm_intel.so.1.125.0
72eb8f79b000-72eb8f7b1000 r-xp 00003000 08:02 20453243                   /usr/lib/x86_64-linux-gnu/libdrm_intel.so.1.125.0
72eb8f7b1000-72eb8f7ba000 r--p 00019000 08:02 20453243                   /usr/lib/x86_64-linux-gnu/libdrm_intel.so.1.125.0
72eb8f7ba000-72eb8f7bb000 r--p 00021000 08:02 20453243                   /usr/lib/x86_64-linux-gnu/libdrm_intel.so.1.125.0
72eb8f7bb000-72eb8f7bc000 rw-p 00022000 08:02 20453243                   /usr/lib/x86_64-linux-gnu/libdrm_intel.so.1.125.0
72eb8f7bc000-72eb8f7bf000 r--p 00000000 08:02 20481141                   /usr/lib/x86_64-linux-gnu/libelf-0.190.so
72eb8f7bf000-72eb8f7d5000 r-xp 00003000 08:02 20481141                   /usr/lib/x86_64-linux-gnu/libelf-0.190.so
72eb8f7d5000-72eb8f7d9000 r--p 00019000 08:02 20481141                   /usr/lib/x86_64-linux-gnu/libelf-0.190.so
72eb8f7d9000-72eb8f7da000 r--p 0001c000 08:02 20481141                   /usr/lib/x86_64-linux-gnu/libelf-0.190.so
72eb8f7da000-72eb8f7db000 rw-p 0001d000 08:02 20481141                   /usr/lib/x86_64-linux-gnu/libelf-0.190.so
72eb8f7db000-72eb8f7de000 r--p 00000000 08:02 20453220                   /usr/lib/x86_64-linux-gnu/libdrm_amdgpu.so.1.125.0
72eb8f7de000-72eb8f7e4000 r-xp 00003000 08:02 20453220                   /usr/lib/x86_64-linux-gnu/libdrm_amdgpu.so.1.125.0
72eb8f7e4000-72eb8f7e6000 r--p 00009000 08:02 20453220                   /usr/lib/x86_64-linux-gnu/libdrm_amdgpu.so.1.125.0
72eb8f7e6000-72eb8f7e7000 r--p 0000a000 08:02 20453220                   /usr/lib/x86_64-linux-gnu/libdrm_amdgpu.so.1.125.0
72eb8f7e7000-72eb8f7e8000 rw-p 0000b000 08:02 20453220                   /usr/lib/x86_64-linux-gnu/libdrm_amdgpu.so.1.125.0
72eb8f7e8000-72eb8f7e9000 r--p 00000000 08:02 20482491                   /usr/lib/x86_64-linux-gnu/libxshmfence.so.1.0.0
72eb8f7e9000-72eb8f7ea000 r-xp 00001000 08:02 20482491                   /usr/lib/x86_64-linux-gnu/libxshmfence.so.1.0.0
72eb8f7ea000-72eb8f7eb000 r--p 00002000 08:02 20482491                   /usr/lib/x86_64-linux-gnu/libxshmfence.so.1.0.0
72eb8f7eb000-72eb8f7ec000 r--p 00002000 08:02 20482491                   /usr/lib/x86_64-linux-gnu/libxshmfence.so.1.0.0
72eb8f7ec000-72eb8f7ed000 rw-p 00003000 08:02 20482491                   /usr/lib/x86_64-linux-gnu/libxshmfence.so.1.0.0
72eb8f7ed000-72eb8f7f0000 r--p 00000000 08:02 20482450                   /usr/lib/x86_64-linux-gnu/libxcb-sync.so.1.0.0
72eb8f7f0000-72eb8f7f3000 r-xp 00003000 08:02 20482450                   /usr/lib/x86_64-linux-gnu/libxcb-sync.so.1.0.0
72eb8f7f3000-72eb8f7f4000 r--p 00006000 08:02 20482450                   /usr/lib/x86_64-linux-gnu/libxcb-sync.so.1.0.0
72eb8f7f4000-72eb8f7f5000 r--p 00007000 08:02 20482450                   /usr/lib/x86_64-linux-gnu/libxcb-sync.so.1.0.0
72eb8f7f5000-72eb8f7f6000 rw-p 00008000 08:02 20482450                   /usr/lib/x86_64-linux-gnu/libxcb-sync.so.1.0.0
72eb8f7f6000-72eb8f7fd000 r--p 00000000 08:02 20482438                   /usr/lib/x86_64-linux-gnu/libxcb-randr.so.0.1.0
72eb8f7fd000-72eb8f802000 r-xp 00007000 08:02 20482438                   /usr/lib/x86_64-linux-gnu/libxcb-randr.so.0.1.0
72eb8f802000-72eb8f805000 r--p 0000c000 08:02 20482438                   /usr/lib/x86_64-linux-gnu/libxcb-randr.so.0.1.0
72eb8f805000-72eb8f806000 r--p 0000f000 08:02 20482438                   /usr/lib/x86_64-linux-gnu/libxcb-randr.so.0.1.0
72eb8f806000-72eb8f807000 rw-p 00010000 08:02 20482438                   /usr/lib/x86_64-linux-gnu/libxcb-randr.so.0.1.0
72eb8f807000-72eb8f809000 r--p 00000000 08:02 20482092                   /usr/lib/x86_64-linux-gnu/libsensors.so.5.0.0
72eb8f809000-72eb8f810000 r-xp 00002000 08:02 20482092                   /usr/lib/x86_64-linux-gnu/libsensors.so.5.0.0
72eb8f810000-72eb8f814000 r--p 00009000 08:02 20482092                   /usr/lib/x86_64-linux-gnu/libsensors.so.5.0.0
72eb8f814000-72eb8f815000 r--p 0000d000 08:02 20482092                   /usr/lib/x86_64-linux-gnu/libsensors.so.5.0.0
72eb8f815000-72eb8f816000 rw-p 0000e000 08:02 20482092                   /usr/lib/x86_64-linux-gnu/libsensors.so.5.0.0
72eb8f816000-72eb8f81a000 r--p 00000000 08:02 20482517                   /usr/lib/x86_64-linux-gnu/libzstd.so.1.5.5
72eb8f81a000-72eb8f8c1000 r-xp 00004000 08:02 20482517                   /usr/lib/x86_64-linux-gnu/libzstd.so.1.5.5
72eb8f8c1000-72eb8f8ce000 r--p 000ab000 08:02 20482517                   /usr/lib/x86_64-linux-gnu/libzstd.so.1.5.5
72eb8f8ce000-72eb8f8cf000 r--p 000b7000 08:02 20482517                   /usr/lib/x86_64-linux-gnu/libzstd.so.1.5.5
72eb8f8cf000-72eb8f8d0000 rw-p 000b8000 08:02 20482517                   /usr/lib/x86_64-linux-gnu/libzstd.so.1.5.5
72eb8f8d0000-72eb8f8d4000 r--p 00000000 08:02 20448097                   /usr/lib/x86_64-linux-gnu/libexpat.so.1.9.1
72eb8f8d4000-72eb8f8f1000 r-xp 00004000 08:02 20448097                   /usr/lib/x86_64-linux-gnu/libexpat.so.1.9.1
72eb8f8f1000-72eb8f8f9000 r--p 00021000 08:02 20448097                   /usr/lib/x86_64-linux-gnu/libexpat.so.1.9.1
72eb8f8f9000-72eb8f8fb000 r--p 00028000 08:02 20448097                   /usr/lib/x86_64-linux-gnu/libexpat.so.1.9.1
72eb8f8fb000-72eb8f8fc000 rw-p 0002a000 08:02 20448097                   /usr/lib/x86_64-linux-gnu/libexpat.so.1.9.1
72eb8f8fc000-72eb8f907000 r--p 00000000 08:02 20453192                   /usr/lib/x86_64-linux-gnu/libGLX_mesa.so.0.0.0
72eb8f907000-72eb8f934000 r-xp 0000b000 08:02 20453192                   /usr/lib/x86_64-linux-gnu/libGLX_mesa.so.0.0.0
72eb8f934000-72eb8f943000 r--p 00038000 08:02 20453192                   /usr/lib/x86_64-linux-gnu/libGLX_mesa.so.0.0.0
72eb8f943000-72eb8f946000 r--p 00047000 08:02 20453192                   /usr/lib/x86_64-linux-gnu/libGLX_mesa.so.0.0.0
72eb8f946000-72eb8f947000 rw-p 0004a000 08:02 20453192                   /usr/lib/x86_64-linux-gnu/libGLX_mesa.so.0.0.0
72eb8f947000-72eb8f948000 rw-p 00000000 00:00 0 
72eb8f948000-72eb8f989000 r--p 00000000 08:02 20480497                   /usr/lib/x86_64-linux-gnu/libGLdispatch.so.0.0.0
72eb8f989000-72eb8f9c8000 r-xp 00041000 08:02 20480497                   /usr/lib/x86_64-linux-gnu/libGLdispatch.so.0.0.0
72eb8f9c8000-72eb8f9db000 r--p 00080000 08:02 20480497                   /usr/lib/x86_64-linux-gnu/libGLdispatch.so.0.0.0
72eb8f9db000-72eb8f9f7000 r--p 00093000 08:02 20480497                   /usr/lib/x86_64-linux-gnu/libGLdispatch.so.0.0.0
72eb8f9f7000-72eb8f9f8000 rw-p 000af000 08:02 20480497                   /usr/lib/x86_64-linux-gnu/libGLdispatch.so.0.0.0
72eb8f9f8000-72eb8fa00000 rw-p 00000000 00:00 0 
72eb8fa00000-72eb8fa0c000 r-xp 00000000 08:02 7097397                    /home/lucas/.openjfx/cache/13/libprism_es2.so
72eb8fa0c000-72eb8fc0b000 ---p 0000c000 08:02 7097397                    /home/lucas/.openjfx/cache/13/libprism_es2.so
72eb8fc0b000-72eb8fc0c000 r--p 0000b000 08:02 7097397                    /home/lucas/.openjfx/cache/13/libprism_es2.so
72eb8fc0c000-72eb8fc0d000 rw-p 0000c000 08:02 7097397                    /home/lucas/.openjfx/cache/13/libprism_es2.so
72eb8fc11000-72eb8fc14000 r--p 00000000 08:02 20482454                   /usr/lib/x86_64-linux-gnu/libxcb-xfixes.so.0.0.0
72eb8fc14000-72eb8fc17000 r-xp 00003000 08:02 20482454                   /usr/lib/x86_64-linux-gnu/libxcb-xfixes.so.0.0.0
72eb8fc17000-72eb8fc19000 r--p 00006000 08:02 20482454                   /usr/lib/x86_64-linux-gnu/libxcb-xfixes.so.0.0.0
72eb8fc19000-72eb8fc1a000 r--p 00007000 08:02 20482454                   /usr/lib/x86_64-linux-gnu/libxcb-xfixes.so.0.0.0
72eb8fc1a000-72eb8fc1b000 rw-p 00008000 08:02 20482454                   /usr/lib/x86_64-linux-gnu/libxcb-xfixes.so.0.0.0
72eb8fc1b000-72eb8fc1c000 r--p 00000000 08:02 20482436                   /usr/lib/x86_64-linux-gnu/libxcb-present.so.0.0.0
72eb8fc1c000-72eb8fc1d000 r-xp 00001000 08:02 20482436                   /usr/lib/x86_64-linux-gnu/libxcb-present.so.0.0.0
72eb8fc1d000-72eb8fc1e000 r--p 00002000 08:02 20482436                   /usr/lib/x86_64-linux-gnu/libxcb-present.so.0.0.0
72eb8fc1e000-72eb8fc1f000 r--p 00002000 08:02 20482436                   /usr/lib/x86_64-linux-gnu/libxcb-present.so.0.0.0
72eb8fc1f000-72eb8fc20000 rw-p 00003000 08:02 20482436                   /usr/lib/x86_64-linux-gnu/libxcb-present.so.0.0.0
72eb8fc20000-72eb8fc2b000 r--p 00000000 08:02 20482428                   /usr/lib/x86_64-linux-gnu/libxcb-glx.so.0.0.0
72eb8fc2b000-72eb8fc34000 r-xp 0000b000 08:02 20482428                   /usr/lib/x86_64-linux-gnu/libxcb-glx.so.0.0.0
72eb8fc34000-72eb8fc39000 r--p 00014000 08:02 20482428                   /usr/lib/x86_64-linux-gnu/libxcb-glx.so.0.0.0
72eb8fc39000-72eb8fc3b000 r--p 00019000 08:02 20482428                   /usr/lib/x86_64-linux-gnu/libxcb-glx.so.0.0.0
72eb8fc3b000-72eb8fc3c000 rw-p 0001b000 08:02 20482428                   /usr/lib/x86_64-linux-gnu/libxcb-glx.so.0.0.0
72eb8fc3c000-72eb8fc7f000 r--p 00000000 08:02 20480486                   /usr/lib/x86_64-linux-gnu/libGL.so.1.7.0
72eb8fc7f000-72eb8fc9f000 r-xp 00043000 08:02 20480486                   /usr/lib/x86_64-linux-gnu/libGL.so.1.7.0
72eb8fc9f000-72eb8fcb3000 r--p 00063000 08:02 20480486                   /usr/lib/x86_64-linux-gnu/libGL.so.1.7.0
72eb8fcb3000-72eb8fcc1000 r--p 00077000 08:02 20480486                   /usr/lib/x86_64-linux-gnu/libGL.so.1.7.0
72eb8fcc1000-72eb8fcc2000 rw-p 00085000 08:02 20480486                   /usr/lib/x86_64-linux-gnu/libGL.so.1.7.0
72eb8fcc2000-72eb8fcc3000 rw-p 00000000 00:00 0 
72eb8fcc3000-72eb8fcdc000 r--p 00000000 08:02 20480562                   /usr/lib/x86_64-linux-gnu/libX11.so.6.4.0
72eb8fcdc000-72eb8fd6c000 r-xp 00019000 08:02 20480562                   /usr/lib/x86_64-linux-gnu/libX11.so.6.4.0
72eb8fd6c000-72eb8fdfb000 r--p 000a9000 08:02 20480562                   /usr/lib/x86_64-linux-gnu/libX11.so.6.4.0
72eb8fdfb000-72eb8fdfc000 r--p 00138000 08:02 20480562                   /usr/lib/x86_64-linux-gnu/libX11.so.6.4.0
72eb8fdfc000-72eb8fe00000 rw-p 00139000 08:02 20480562                   /usr/lib/x86_64-linux-gnu/libX11.so.6.4.0
72eb8fe00000-72eb8fe04000 ---p 00000000 00:00 0 
72eb8fe04000-72eb8ff00000 rw-p 00000000 00:00 0 
72eb8ff00000-72eb8ff04000 ---p 00000000 00:00 0 
72eb8ff04000-72eb90000000 rw-p 00000000 00:00 0 
72eb90000000-72eb904c2000 rw-p 00000000 00:00 0 
72eb904c2000-72eb94000000 ---p 00000000 00:00 0 
72eb94000000-72eb94021000 rw-p 00000000 00:00 0 
72eb94021000-72eb98000000 ---p 00000000 00:00 0 
72eb98000000-72eb98dda000 rw-p 00000000 00:00 0 
72eb98dda000-72eb9c000000 ---p 00000000 00:00 0 
72eb9c000000-72eb9c021000 rw-p 00000000 00:00 0 
72eb9c021000-72eba0000000 ---p 00000000 00:00 0 
72eba0000000-72eba0021000 rw-p 00000000 00:00 0 
72eba0021000-72eba4000000 ---p 00000000 00:00 0 
72eba4000000-72eba56bd000 rw-p 00000000 00:00 0 
72eba56bd000-72eba8000000 ---p 00000000 00:00 0 
72eba8000000-72eba8021000 rw-p 00000000 00:00 0 
72eba8021000-72ebac000000 ---p 00000000 00:00 0 
72ebac000000-72ebac021000 rw-p 00000000 00:00 0 
72ebac021000-72ebb0000000 ---p 00000000 00:00 0 
72ebb0000000-72ebb0021000 rw-p 00000000 00:00 0 
72ebb0021000-72ebb4000000 ---p 00000000 00:00 0 
72ebb4000000-72ebb4021000 rw-p 00000000 00:00 0 
72ebb4021000-72ebb8000000 ---p 00000000 00:00 0 
72ebb8000000-72ebb8400000 rw-p 00000000 00:00 0 
72ebb8400000-72ebb8b80000 rw-p 00000000 00:00 0 
72ebb8b80000-72ebb8c00000 rw-p 00000000 00:00 0 
72ebb8c00000-72ebb8d80000 rw-p 00000000 00:00 0 
72ebb8d80000-72ebb8e00000 rw-p 00000000 00:00 0 
72ebb8e00000-72ebb8e40000 rw-p 00000000 00:00 0 
72ebb8e40000-72ebb8e80000 rw-p 00000000 00:00 0 
72ebb8e80000-72ebb8f00000 rw-p 00000000 00:00 0 
72ebb8f00000-72ebb9200000 rw-p 00000000 00:00 0 
72ebb9200000-72ebb9300000 rw-p 00000000 00:00 0 
72ebb9300000-72ebb9380000 rw-p 00000000 00:00 0 
72ebb9380000-72ebb9400000 ---p 00000000 00:00 0 
72ebb9400000-72ebb96f0000 rw-p 00000000 00:00 0 
72ebb96f0000-72ebbc000000 ---p 00000000 00:00 0 
72ebbc000000-72ebbc021000 rw-p 00000000 00:00 0 
72ebbc021000-72ebc0000000 ---p 00000000 00:00 0 
72ebc0000000-72ebc0021000 rw-p 00000000 00:00 0 
72ebc0021000-72ebc4000000 ---p 00000000 00:00 0 
72ebc4000000-72ebc4021000 rw-p 00000000 00:00 0 
72ebc4021000-72ebc8000000 ---p 00000000 00:00 0 
72ebc8000000-72ebc8021000 rw-p 00000000 00:00 0 
72ebc8021000-72ebcc000000 ---p 00000000 00:00 0 
72ebcc000000-72ebcc021000 rw-p 00000000 00:00 0 
72ebcc021000-72ebd0000000 ---p 00000000 00:00 0 
72ebd0000000-72ebd0021000 rw-p 00000000 00:00 0 
72ebd0021000-72ebd4000000 ---p 00000000 00:00 0 
72ebd4000000-72ebd4021000 rw-p 00000000 00:00 0 
72ebd4021000-72ebd8004000 ---p 00000000 00:00 0 
72ebd8004000-72ebd8100000 rw-p 00000000 00:00 0 
72ebd8100000-72ebd8104000 ---p 00000000 00:00 0 
72ebd8104000-72ebd8200000 rw-p 00000000 00:00 0 
72ebd8200000-72ebd8204000 ---p 00000000 00:00 0 
72ebd8204000-72ebd8300000 rw-p 00000000 00:00 0 
72ebd8300000-72ebd8304000 ---p 00000000 00:00 0 
72ebd8304000-72ebd8400000 rw-p 00000000 00:00 0 
72ebd8400000-72ebd8404000 ---p 00000000 00:00 0 
72ebd8404000-72ebd8500000 rw-p 00000000 00:00 0 
72ebd8500000-72ebd8504000 ---p 00000000 00:00 0 
72ebd8504000-72ebd8600000 rw-p 00000000 00:00 0 
72ebd8600000-72ebda600000 rw-p 00000000 00:00 0 
72ebda600000-72ebda604000 r--p 00000000 08:02 20480579                   /usr/lib/x86_64-linux-gnu/libXext.so.6.4.0
72ebda604000-72ebda60f000 r-xp 00004000 08:02 20480579                   /usr/lib/x86_64-linux-gnu/libXext.so.6.4.0
72ebda60f000-72ebda612000 r--p 0000f000 08:02 20480579                   /usr/lib/x86_64-linux-gnu/libXext.so.6.4.0
72ebda612000-72ebda613000 r--p 00011000 08:02 20480579                   /usr/lib/x86_64-linux-gnu/libXext.so.6.4.0
72ebda613000-72ebda614000 rw-p 00012000 08:02 20480579                   /usr/lib/x86_64-linux-gnu/libXext.so.6.4.0
72ebda614000-72ebda619000 r--p 00000000 08:02 20452921                   /usr/lib/x86_64-linux-gnu/libdrm.so.2.125.0
72ebda619000-72ebda625000 r-xp 00005000 08:02 20452921                   /usr/lib/x86_64-linux-gnu/libdrm.so.2.125.0
72ebda625000-72ebda629000 r--p 00011000 08:02 20452921                   /usr/lib/x86_64-linux-gnu/libdrm.so.2.125.0
72ebda629000-72ebda62a000 r--p 00015000 08:02 20452921                   /usr/lib/x86_64-linux-gnu/libdrm.so.2.125.0
72ebda62a000-72ebda62b000 rw-p 00016000 08:02 20452921                   /usr/lib/x86_64-linux-gnu/libdrm.so.2.125.0
72ebda62b000-72ebda62d000 r--p 00000000 08:02 20481692                   /usr/lib/x86_64-linux-gnu/libmd.so.0.1.0
72ebda62d000-72ebda636000 r-xp 00002000 08:02 20481692                   /usr/lib/x86_64-linux-gnu/libmd.so.0.1.0
72ebda636000-72ebda638000 r--p 0000b000 08:02 20481692                   /usr/lib/x86_64-linux-gnu/libmd.so.0.1.0
72ebda638000-72ebda639000 r--p 0000c000 08:02 20481692                   /usr/lib/x86_64-linux-gnu/libmd.so.0.1.0
72ebda639000-72ebda63a000 rw-p 0000d000 08:02 20481692                   /usr/lib/x86_64-linux-gnu/libmd.so.0.1.0
72ebda63a000-72ebda63e000 r--p 00000000 08:02 20480895                   /usr/lib/x86_64-linux-gnu/libbsd.so.0.12.1
72ebda63e000-72ebda64a000 r-xp 00004000 08:02 20480895                   /usr/lib/x86_64-linux-gnu/libbsd.so.0.12.1
72ebda64a000-72ebda64d000 r--p 00010000 08:02 20480895                   /usr/lib/x86_64-linux-gnu/libbsd.so.0.12.1
72ebda64d000-72ebda64e000 r--p 00012000 08:02 20480895                   /usr/lib/x86_64-linux-gnu/libbsd.so.0.12.1
72ebda64e000-72ebda64f000 rw-p 00013000 08:02 20480895                   /usr/lib/x86_64-linux-gnu/libbsd.so.0.12.1
72ebda64f000-72ebda650000 rw-p 00000000 00:00 0 
72ebda650000-72ebda654000 ---p 00000000 00:00 0 
72ebda654000-72ebda750000 rw-p 00000000 00:00 0 
72ebda750000-72ebda814000 rw-p 00000000 00:00 0 
72ebda814000-72ebda938000 ---p 00000000 00:00 0 
72ebda938000-72ebda940000 rw-p 00000000 00:00 0 
72ebda940000-72ebdc5f8000 ---p 00000000 00:00 0 
72ebdc5f8000-72ebdc600000 rw-p 00000000 00:00 0 
72ebdc600000-72ebdcd50000 rwxp 00000000 00:00 0 
72ebdcd50000-72ebe3b37000 ---p 00000000 00:00 0 
72ebe3b37000-72ebe3da7000 rwxp 00000000 00:00 0 
72ebe3da7000-72ebe40c7000 ---p 00000000 00:00 0 
72ebe40c7000-72ebe4337000 rwxp 00000000 00:00 0 
72ebe4337000-72ebeb600000 ---p 00000000 00:00 0 
72ebeb600000-72ebf3ec0000 r--s 00000000 08:02 7091166                    /opt/jdk-25.0.3/lib/modules
72ebf3ec1000-72ebf3ec3000 r--p 00000000 08:02 20482426                   /usr/lib/x86_64-linux-gnu/libxcb-dri3.so.0.1.0
72ebf3ec3000-72ebf3ec5000 r-xp 00002000 08:02 20482426                   /usr/lib/x86_64-linux-gnu/libxcb-dri3.so.0.1.0
72ebf3ec5000-72ebf3ec6000 r--p 00004000 08:02 20482426                   /usr/lib/x86_64-linux-gnu/libxcb-dri3.so.0.1.0
72ebf3ec6000-72ebf3ec7000 r--p 00004000 08:02 20482426                   /usr/lib/x86_64-linux-gnu/libxcb-dri3.so.0.1.0
72ebf3ec7000-72ebf3ec8000 rw-p 00005000 08:02 20482426                   /usr/lib/x86_64-linux-gnu/libxcb-dri3.so.0.1.0
72ebf3ec8000-72ebf3ec9000 r--p 00000000 08:02 20482448                   /usr/lib/x86_64-linux-gnu/libxcb-shm.so.0.0.0
72ebf3ec9000-72ebf3eca000 r-xp 00001000 08:02 20482448                   /usr/lib/x86_64-linux-gnu/libxcb-shm.so.0.0.0
72ebf3eca000-72ebf3ecb000 r--p 00002000 08:02 20482448                   /usr/lib/x86_64-linux-gnu/libxcb-shm.so.0.0.0
72ebf3ecb000-72ebf3ecc000 r--p 00002000 08:02 20482448                   /usr/lib/x86_64-linux-gnu/libxcb-shm.so.0.0.0
72ebf3ecc000-72ebf3ecd000 rw-p 00003000 08:02 20482448                   /usr/lib/x86_64-linux-gnu/libxcb-shm.so.0.0.0
72ebf3ecd000-72ebf3ed0000 r--p 00000000 08:02 20480492                   /usr/lib/x86_64-linux-gnu/libGLX.so.0.0.0
72ebf3ed0000-72ebf3eeb000 r-xp 00003000 08:02 20480492                   /usr/lib/x86_64-linux-gnu/libGLX.so.0.0.0
72ebf3eeb000-72ebf3eee000 r--p 0001e000 08:02 20480492                   /usr/lib/x86_64-linux-gnu/libGLX.so.0.0.0
72ebf3eee000-72ebf3eef000 r--p 00020000 08:02 20480492                   /usr/lib/x86_64-linux-gnu/libGLX.so.0.0.0
72ebf3eef000-72ebf3ef0000 rw-p 00021000 08:02 20480492                   /usr/lib/x86_64-linux-gnu/libGLX.so.0.0.0
72ebf3ef0000-72ebf3f00000 rw-p 00000000 00:00 0 
72ebf3f00000-72ebf3f04000 ---p 00000000 00:00 0 
72ebf3f04000-72ebf4000000 rw-p 00000000 00:00 0 
72ebf4000000-72ebf46f3000 rw-p 00000000 00:00 0 
72ebf46f3000-72ebf8004000 ---p 00000000 00:00 0 
72ebf8004000-72ebf8100000 rw-p 00000000 00:00 0 
72ebf8100000-72ebf8104000 ---p 00000000 00:00 0 
72ebf8104000-72ebf8200000 rw-p 00000000 00:00 0 
72ebf8200000-72ebf8777000 r--p 00000000 08:02 20454329                   /usr/lib/locale/locale-archive
72ebf8779000-72ebf877a000 r--p 00000000 08:02 20480617                   /usr/lib/x86_64-linux-gnu/libXxf86vm.so.1.0.0
72ebf877a000-72ebf877d000 r-xp 00001000 08:02 20480617                   /usr/lib/x86_64-linux-gnu/libXxf86vm.so.1.0.0
72ebf877d000-72ebf877e000 r--p 00004000 08:02 20480617                   /usr/lib/x86_64-linux-gnu/libXxf86vm.so.1.0.0
72ebf877e000-72ebf877f000 r--p 00004000 08:02 20480617                   /usr/lib/x86_64-linux-gnu/libXxf86vm.so.1.0.0
72ebf877f000-72ebf8780000 rw-p 00005000 08:02 20480617                   /usr/lib/x86_64-linux-gnu/libXxf86vm.so.1.0.0
72ebf8780000-72ebf8781000 r--p 00000000 08:02 20480560                   /usr/lib/x86_64-linux-gnu/libX11-xcb.so.1.0.0
72ebf8781000-72ebf8782000 r-xp 00001000 08:02 20480560                   /usr/lib/x86_64-linux-gnu/libX11-xcb.so.1.0.0
72ebf8782000-72ebf8783000 r--p 00002000 08:02 20480560                   /usr/lib/x86_64-linux-gnu/libX11-xcb.so.1.0.0
72ebf8783000-72ebf8784000 r--p 00002000 08:02 20480560                   /usr/lib/x86_64-linux-gnu/libX11-xcb.so.1.0.0
72ebf8784000-72ebf8785000 rw-p 00003000 08:02 20480560                   /usr/lib/x86_64-linux-gnu/libX11-xcb.so.1.0.0
72ebf8785000-72ebf8787000 r--p 00000000 08:02 20480577                   /usr/lib/x86_64-linux-gnu/libXdmcp.so.6.0.0
72ebf8787000-72ebf8789000 r-xp 00002000 08:02 20480577                   /usr/lib/x86_64-linux-gnu/libXdmcp.so.6.0.0
72ebf8789000-72ebf878b000 r--p 00004000 08:02 20480577                   /usr/lib/x86_64-linux-gnu/libXdmcp.so.6.0.0
72ebf878b000-72ebf878c000 r--p 00005000 08:02 20480577                   /usr/lib/x86_64-linux-gnu/libXdmcp.so.6.0.0
72ebf878c000-72ebf878d000 rw-p 00006000 08:02 20480577                   /usr/lib/x86_64-linux-gnu/libXdmcp.so.6.0.0
72ebf878d000-72ebf8798000 r--p 00000000 08:02 20482464                   /usr/lib/x86_64-linux-gnu/libxcb.so.1.1.0
72ebf8798000-72ebf87ab000 r-xp 0000b000 08:02 20482464                   /usr/lib/x86_64-linux-gnu/libxcb.so.1.1.0
72ebf87ab000-72ebf87b4000 r--p 0001e000 08:02 20482464                   /usr/lib/x86_64-linux-gnu/libxcb.so.1.1.0
72ebf87b4000-72ebf87b5000 r--p 00026000 08:02 20482464                   /usr/lib/x86_64-linux-gnu/libxcb.so.1.1.0
72ebf87b5000-72ebf87b6000 rw-p 00027000 08:02 20482464                   /usr/lib/x86_64-linux-gnu/libxcb.so.1.1.0
72ebf87b6000-72ebf87b7000 r--s 00000000 08:02 20186920                   /var/cache/fontconfig/da43223dd54fb3bb4243ae19d4b583b2-le64.cache-9
72ebf87b7000-72ebf87b8000 r--s 00000000 08:02 20186917                   /var/cache/fontconfig/3f7329c5293ffd510edef78f73874cfd-le64.cache-9
72ebf87b8000-72ebf87b9000 r--s 00000000 00:3c 166                        /run/user/1000/dconf/user
72ebf87b9000-72ebf87ba000 r--p 00000000 08:02 21766275                   /usr/share/locale-langpack/pt/LC_MESSAGES/at-spi2-core.mo
72ebf87ba000-72ebf87bc000 r--p 00000000 08:02 20471890                   /usr/lib/x86_64-linux-gnu/libgmodule-2.0.so.0.8000.0
72ebf87bc000-72ebf87be000 r-xp 00002000 08:02 20471890                   /usr/lib/x86_64-linux-gnu/libgmodule-2.0.so.0.8000.0
72ebf87be000-72ebf87bf000 r--p 00004000 08:02 20471890                   /usr/lib/x86_64-linux-gnu/libgmodule-2.0.so.0.8000.0
72ebf87bf000-72ebf87c0000 r--p 00004000 08:02 20471890                   /usr/lib/x86_64-linux-gnu/libgmodule-2.0.so.0.8000.0
72ebf87c0000-72ebf87c1000 rw-p 00005000 08:02 20471890                   /usr/lib/x86_64-linux-gnu/libgmodule-2.0.so.0.8000.0
72ebf87c1000-72ebf87c8000 r--s 00000000 08:02 20450037                   /usr/lib/x86_64-linux-gnu/gconv/gconv-modules.cache
72ebf87c8000-72ebf87dc000 r-xp 00000000 08:02 7091156                    /opt/jdk-25.0.3/lib/libnio.so
72ebf87dc000-72ebf87dd000 r--p 00013000 08:02 7091156                    /opt/jdk-25.0.3/lib/libnio.so
72ebf87dd000-72ebf87de000 rw-p 00014000 08:02 7091156                    /opt/jdk-25.0.3/lib/libnio.so
72ebf87de000-72ebf881c000 r-xp 00000000 08:02 7091161                    /opt/jdk-25.0.3/lib/libsimdsort.so
72ebf881c000-72ebf881d000 ---p 0003e000 08:02 7091161                    /opt/jdk-25.0.3/lib/libsimdsort.so
72ebf881d000-72ebf881e000 r--p 0003e000 08:02 7091161                    /opt/jdk-25.0.3/lib/libsimdsort.so
72ebf881e000-72ebf881f000 rw-p 0003f000 08:02 7091161                    /opt/jdk-25.0.3/lib/libsimdsort.so
72ebf881f000-72ebf893c000 rw-p 00000000 00:00 0 
72ebf893c000-72ebf893d000 ---p 00000000 00:00 0 
72ebf893d000-72ebf8a3d000 rw-p 00000000 00:00 0 
72ebf8a3d000-72ebf8a3e000 ---p 00000000 00:00 0 
72ebf8a3e000-72ebf8b3e000 rw-p 00000000 00:00 0 
72ebf8b3e000-72ebf8b3f000 r--p 00000000 08:02 21766598                   /usr/share/locale-langpack/pt_BR/LC_MESSAGES/at-spi2-core.mo
72ebf8b3f000-72ebf8b4b000 r-xp 00000000 08:02 7091155                    /opt/jdk-25.0.3/lib/libnet.so
72ebf8b4b000-72ebf8b4c000 r--p 0000b000 08:02 7091155                    /opt/jdk-25.0.3/lib/libnet.so
72ebf8b4c000-72ebf8b4d000 rw-p 0000c000 08:02 7091155                    /opt/jdk-25.0.3/lib/libnet.so
72ebf8b4d000-72ebf8b71000 r--p 00000000 08:02 21766451                   /usr/share/locale-langpack/pt/LC_MESSAGES/libc.mo
72ebf8b71000-72ebf8b72000 ---p 00000000 00:00 0 
72ebf8b72000-72ebf8c72000 rw-p 00000000 00:00 0 
72ebf8c72000-72ebf8c73000 ---p 00000000 00:00 0 
72ebf8c73000-72ebf8d73000 rw-p 00000000 00:00 0 
72ebf8d73000-72ebf9177000 rw-p 00000000 00:00 0 
72ebf9177000-72ebf9178000 ---p 00000000 00:00 0 
72ebf9178000-72ebf9278000 rw-p 00000000 00:00 0 
72ebf9278000-72ebf9279000 ---p 00000000 00:00 0 
72ebf9279000-72ebf9379000 rw-p 00000000 00:00 0 
72ebf9379000-72ebf937a000 ---p 00000000 00:00 0 
72ebf937a000-72ebf947a000 rw-p 00000000 00:00 0 
72ebf947a000-72ebf9493000 rw-p 00000000 00:00 0 
72ebf9493000-72ebf94b7000 ---p 00000000 00:00 0 
72ebf94b7000-72ebf94b8000 rw-p 00000000 00:00 0 
72ebf94b8000-72ebf984f000 ---p 00000000 00:00 0 
72ebf984f000-72ebf9869000 rw-p 00000000 00:00 0 
72ebf9869000-72ebf988d000 ---p 00000000 00:00 0 
72ebf988d000-72ebf988e000 rw-p 00000000 00:00 0 
72ebf988e000-72ebf9c25000 ---p 00000000 00:00 0 
72ebf9c25000-72ebfa02f000 rw-p 00000000 00:00 0 
72ebfa02f000-72ebfa115000 ---p 00000000 00:00 0 
72ebfa115000-72ebfa124000 rw-p 00000000 00:00 0 
72ebfa124000-72ebfa200000 ---p 00000000 00:00 0 
72ebfa200000-72ebfb6e0000 r-xp 00000000 08:02 7091179                    /opt/jdk-25.0.3/lib/server/libjvm.so
72ebfb6e0000-72ebfb6e1000 ---p 014e0000 08:02 7091179                    /opt/jdk-25.0.3/lib/server/libjvm.so
72ebfb6e1000-72ebfb7c7000 r--p 014e0000 08:02 7091179                    /opt/jdk-25.0.3/lib/server/libjvm.so
72ebfb7c7000-72ebfb7f1000 rw-p 015c6000 08:02 7091179                    /opt/jdk-25.0.3/lib/server/libjvm.so
72ebfb7f1000-72ebfb86c000 rw-p 00000000 00:00 0 
72ebfb86c000-72ebfb86d000 rw-s 10e393000 00:10 3106                      anon_inode:i915.gem
72ebfb86d000-72ebfb874000 r-xp 00000000 08:02 7091165                    /opt/jdk-25.0.3/lib/libzip.so
72ebfb874000-72ebfb875000 ---p 00007000 08:02 7091165                    /opt/jdk-25.0.3/lib/libzip.so
72ebfb875000-72ebfb876000 r--p 00007000 08:02 7091165                    /opt/jdk-25.0.3/lib/libzip.so
72ebfb876000-72ebfb877000 rw-p 00008000 08:02 7091165                    /opt/jdk-25.0.3/lib/libzip.so
72ebfb877000-72ebfb89b000 r--p 00000000 08:02 21766792                   /usr/share/locale-langpack/pt_BR/LC_MESSAGES/libc.mo
72ebfb89b000-72ebfb8dd000 rw-p 00000000 00:00 0 
72ebfb8dd000-72ebfb8fd000 r-xp 00000000 08:02 7091141                    /opt/jdk-25.0.3/lib/libjava.so
72ebfb8fd000-72ebfb8fe000 r--p 0001f000 08:02 7091141                    /opt/jdk-25.0.3/lib/libjava.so
72ebfb8fe000-72ebfb8ff000 rw-p 00020000 08:02 7091141                    /opt/jdk-25.0.3/lib/libjava.so
72ebfb8ff000-72ebfb900000 rw-p 00000000 00:00 0 
72ebfb900000-72ebfb904000 ---p 00000000 00:00 0 
72ebfb904000-72ebfba00000 rw-p 00000000 00:00 0 
72ebfba00000-72ebfba28000 r--p 00000000 08:02 20450047                   /usr/lib/x86_64-linux-gnu/libc.so.6
72ebfba28000-72ebfbbb0000 r-xp 00028000 08:02 20450047                   /usr/lib/x86_64-linux-gnu/libc.so.6
72ebfbbb0000-72ebfbbff000 r--p 001b0000 08:02 20450047                   /usr/lib/x86_64-linux-gnu/libc.so.6
72ebfbbff000-72ebfbc03000 r--p 001fe000 08:02 20450047                   /usr/lib/x86_64-linux-gnu/libc.so.6
72ebfbc03000-72ebfbc05000 rw-p 00202000 08:02 20450047                   /usr/lib/x86_64-linux-gnu/libc.so.6
72ebfbc05000-72ebfbc12000 rw-p 00000000 00:00 0 
72ebfbc12000-72ebfbc13000 r--p 00000000 08:02 20480566                   /usr/lib/x86_64-linux-gnu/libXau.so.6.0.0
72ebfbc13000-72ebfbc15000 r-xp 00001000 08:02 20480566                   /usr/lib/x86_64-linux-gnu/libXau.so.6.0.0
72ebfbc15000-72ebfbc16000 r--p 00003000 08:02 20480566                   /usr/lib/x86_64-linux-gnu/libXau.so.6.0.0
72ebfbc16000-72ebfbc17000 r--p 00003000 08:02 20480566                   /usr/lib/x86_64-linux-gnu/libXau.so.6.0.0
72ebfbc17000-72ebfbc18000 rw-p 00004000 08:02 20480566                   /usr/lib/x86_64-linux-gnu/libXau.so.6.0.0
72ebfbc18000-72ebfbc1d000 rw-p 00000000 00:00 0 
72ebfbc1d000-72ebfbc24000 ---p 00000000 00:00 0 
72ebfbc24000-72ebfbc2c000 rw-s 00000000 08:02 4587532                    /tmp/hsperfdata_lucas/5269
72ebfbc2c000-72ebfbc4c000 r-xp 00000000 08:02 7091145                    /opt/jdk-25.0.3/lib/libjimage.so
72ebfbc4c000-72ebfbc4d000 ---p 00020000 08:02 7091145                    /opt/jdk-25.0.3/lib/libjimage.so
72ebfbc4d000-72ebfbc4f000 r--p 00020000 08:02 7091145                    /opt/jdk-25.0.3/lib/libjimage.so
72ebfbc4f000-72ebfbc50000 rw-p 00022000 08:02 7091145                    /opt/jdk-25.0.3/lib/libjimage.so
72ebfbc50000-72ebfbc60000 r--p 00000000 08:02 20450050                   /usr/lib/x86_64-linux-gnu/libm.so.6
72ebfbc60000-72ebfbcdf000 r-xp 00010000 08:02 20450050                   /usr/lib/x86_64-linux-gnu/libm.so.6
72ebfbcdf000-72ebfbd37000 r--p 0008f000 08:02 20450050                   /usr/lib/x86_64-linux-gnu/libm.so.6
72ebfbd37000-72ebfbd38000 r--p 000e7000 08:02 20450050                   /usr/lib/x86_64-linux-gnu/libm.so.6
72ebfbd38000-72ebfbd39000 rw-p 000e8000 08:02 20450050                   /usr/lib/x86_64-linux-gnu/libm.so.6
72ebfbd39000-72ebfbd3a000 r--p 00000000 08:02 20450061                   /usr/lib/x86_64-linux-gnu/librt.so.1
72ebfbd3a000-72ebfbd3b000 r-xp 00001000 08:02 20450061                   /usr/lib/x86_64-linux-gnu/librt.so.1
72ebfbd3b000-72ebfbd3c000 r--p 00002000 08:02 20450061                   /usr/lib/x86_64-linux-gnu/librt.so.1
72ebfbd3c000-72ebfbd3d000 r--p 00002000 08:02 20450061                   /usr/lib/x86_64-linux-gnu/librt.so.1
72ebfbd3d000-72ebfbd3e000 rw-p 00003000 08:02 20450061                   /usr/lib/x86_64-linux-gnu/librt.so.1
72ebfbd3e000-72ebfbd42000 rw-p 00000000 00:00 0 
72ebfbd42000-72ebfbd43000 r--p 00000000 08:02 20450059                   /usr/lib/x86_64-linux-gnu/libpthread.so.0
72ebfbd43000-72ebfbd44000 r-xp 00001000 08:02 20450059                   /usr/lib/x86_64-linux-gnu/libpthread.so.0
72ebfbd44000-72ebfbd45000 r--p 00002000 08:02 20450059                   /usr/lib/x86_64-linux-gnu/libpthread.so.0
72ebfbd45000-72ebfbd46000 r--p 00002000 08:02 20450059                   /usr/lib/x86_64-linux-gnu/libpthread.so.0
72ebfbd46000-72ebfbd47000 rw-p 00003000 08:02 20450059                   /usr/lib/x86_64-linux-gnu/libpthread.so.0
72ebfbd47000-72ebfbd48000 r--p 00000000 08:02 20450049                   /usr/lib/x86_64-linux-gnu/libdl.so.2
72ebfbd48000-72ebfbd49000 r-xp 00001000 08:02 20450049                   /usr/lib/x86_64-linux-gnu/libdl.so.2
72ebfbd49000-72ebfbd4a000 r--p 00002000 08:02 20450049                   /usr/lib/x86_64-linux-gnu/libdl.so.2
72ebfbd4a000-72ebfbd4b000 r--p 00002000 08:02 20450049                   /usr/lib/x86_64-linux-gnu/libdl.so.2
72ebfbd4b000-72ebfbd4c000 rw-p 00003000 08:02 20450049                   /usr/lib/x86_64-linux-gnu/libdl.so.2
72ebfbd4c000-72ebfbd4e000 r--p 00000000 08:02 20482507                   /usr/lib/x86_64-linux-gnu/libz.so.1.3
72ebfbd4e000-72ebfbd60000 r-xp 00002000 08:02 20482507                   /usr/lib/x86_64-linux-gnu/libz.so.1.3
72ebfbd60000-72ebfbd66000 r--p 00014000 08:02 20482507                   /usr/lib/x86_64-linux-gnu/libz.so.1.3
72ebfbd66000-72ebfbd67000 r--p 0001a000 08:02 20482507                   /usr/lib/x86_64-linux-gnu/libz.so.1.3
72ebfbd67000-72ebfbd68000 rw-p 0001b000 08:02 20482507                   /usr/lib/x86_64-linux-gnu/libz.so.1.3
72ebfbd68000-72ebfbd69000 rw-s 10e392000 00:10 3106                      anon_inode:i915.gem
72ebfbd69000-72ebfbd6a000 rw-s 10e391000 00:10 3106                      anon_inode:i915.gem
72ebfbd6a000-72ebfbd74000 r-xp 00000000 08:02 7091136                    /opt/jdk-25.0.3/lib/libinstrument.so
72ebfbd74000-72ebfbd75000 ---p 0000a000 08:02 7091136                    /opt/jdk-25.0.3/lib/libinstrument.so
72ebfbd75000-72ebfbd76000 r--p 0000a000 08:02 7091136                    /opt/jdk-25.0.3/lib/libinstrument.so
72ebfbd76000-72ebfbd77000 rw-p 0000b000 08:02 7091136                    /opt/jdk-25.0.3/lib/libinstrument.so
72ebfbd77000-72ebfbd78000 ---p 00000000 00:00 0 
72ebfbd78000-72ebfbd79000 r--p 00000000 00:00 0 
72ebfbd79000-72ebfbd7a000 ---p 00000000 00:00 0 
72ebfbd7a000-72ebfbd89000 r-xp 00000000 08:02 7091146                    /opt/jdk-25.0.3/lib/libjli.so
72ebfbd89000-72ebfbd8a000 r--p 0000e000 08:02 7091146                    /opt/jdk-25.0.3/lib/libjli.so
72ebfbd8a000-72ebfbd8b000 rw-p 0000f000 08:02 7091146                    /opt/jdk-25.0.3/lib/libjli.so
72ebfbd8b000-72ebfbd8d000 rw-p 00000000 00:00 0 
72ebfbd8d000-72ebfbd91000 r--p 00000000 00:00 0                          [vvar]
72ebfbd91000-72ebfbd93000 r--p 00000000 00:00 0                          [vvar_vclock]
72ebfbd93000-72ebfbd95000 r-xp 00000000 00:00 0                          [vdso]
72ebfbd95000-72ebfbd96000 r--p 00000000 08:02 20450044                   /usr/lib/x86_64-linux-gnu/ld-linux-x86-64.so.2
72ebfbd96000-72ebfbdc1000 r-xp 00001000 08:02 20450044                   /usr/lib/x86_64-linux-gnu/ld-linux-x86-64.so.2
72ebfbdc1000-72ebfbdcb000 r--p 0002c000 08:02 20450044                   /usr/lib/x86_64-linux-gnu/ld-linux-x86-64.so.2
72ebfbdcb000-72ebfbdcd000 r--p 00036000 08:02 20450044                   /usr/lib/x86_64-linux-gnu/ld-linux-x86-64.so.2
72ebfbdcd000-72ebfbdcf000 rw-p 00038000 08:02 20450044                   /usr/lib/x86_64-linux-gnu/ld-linux-x86-64.so.2
7ffe64af5000-7ffe64b16000 rw-p 00000000 00:00 0                          [stack]
ffffffffff600000-ffffffffff601000 --xp 00000000 00:00 0                  [vsyscall]
Total number of mappings: 893

JVMTI agents:
/home/lucas/Apps/intellij/lib/idea_rt.jar path:none, loaded, initialized, instrumentlib options:39733


VM Arguments:
jvm_args: -javaagent:/home/lucas/Apps/intellij/lib/idea_rt.jar=39733 -Dfile.encoding=UTF-8 -Dsun.stdout.encoding=UTF-8 -Dsun.stderr.encoding=UTF-8 --module-path=/home/lucas/.m2/repository/org/openjfx/javafx-base/13/javafx-base-13-linux.jar:/home/lucas/.m2/repository/org/openjfx/javafx-graphics/13/javafx-graphics-13-linux.jar:/home/lucas/Projetos/API_BD_2SEMESTE_2026.1/projeto/target/classes:/home/lucas/.m2/repository/org/openjfx/javafx-controls/13/javafx-controls-13-linux.jar:/home/lucas/.m2/repository/org/openjfx/javafx-fxml/13/javafx-fxml-13-linux.jar -Djdk.module.main=org.example 
java_command: org.example/org.example.App
java_class_path (initial): /home/lucas/.m2/repository/org/openjfx/javafx-controls/13/javafx-controls-13.jar:/home/lucas/.m2/repository/org/openjfx/javafx-graphics/13/javafx-graphics-13.jar:/home/lucas/.m2/repository/org/openjfx/javafx-base/13/javafx-base-13.jar:/home/lucas/.m2/repository/org/postgresql/postgresql/42.7.3/postgresql-42.7.3.jar:/home/lucas/.m2/repository/org/checkerframework/checker-qual/3.42.0/checker-qual-3.42.0.jar:/home/lucas/.m2/repository/org/openjfx/javafx-fxml/13/javafx-fxml-13.jar
Launcher Type: SUN_STANDARD

[Global flags]
     intx CICompilerCount                          = 3                                         {product} {ergonomic}
     uint ConcGCThreads                            = 1                                         {product} {ergonomic}
     uint G1ConcRefinementThreads                  = 4                                         {product} {ergonomic}
   size_t G1HeapRegionSize                         = 1048576                                   {product} {ergonomic}
   size_t InitialHeapSize                          = 130023424                                 {product} {ergonomic}
   size_t MarkStackSize                            = 4194304                                   {product} {ergonomic}
   size_t MarkStackSizeMax                         = 536870912                                 {product} {ergonomic}
   size_t MaxHeapSize                              = 2059403264                                {product} {ergonomic}
   size_t MaxNewSize                               = 1235222528                                {product} {ergonomic}
   size_t MinHeapDeltaBytes                        = 1048576                                   {product} {ergonomic}
   size_t MinHeapSize                              = 8388608                                   {product} {ergonomic}
    uintx NonNMethodCodeHeapSize                   = 5832704                                {pd product} {ergonomic}
    uintx NonProfiledCodeHeapSize                  = 122916864                              {pd product} {ergonomic}
    uintx ProfiledCodeHeapSize                     = 122908672                              {pd product} {ergonomic}
    uintx ReservedCodeCacheSize                    = 251658240                              {pd product} {ergonomic}
     bool SegmentedCodeCache                       = true                                      {product} {ergonomic}
   size_t SoftMaxHeapSize                          = 2059403264                             {manageable} {ergonomic}
     bool UseCompressedOops                        = true                           {product lp64_product} {ergonomic}
     bool UseG1GC                                  = true                                      {product} {ergonomic}

Logging:
Log output configuration:
 #0: stdout all=warning uptime,level,tags foldmultilines=false
 #1: stderr all=off uptime,level,tags foldmultilines=false

Release file:
IMPLEMENTOR="Oracle Corporation"
JAVA_RUNTIME_VERSION="25.0.3+9-LTS-195"
JAVA_VERSION="25.0.3"
JAVA_VERSION_DATE="2026-04-21"
LIBC="gnu"
MODULES="java.base java.compiler java.datatransfer java.xml java.prefs java.desktop java.instrument java.logging java.management java.security.sasl java.naming java.rmi java.management.rmi java.net.http java.scripting java.security.jgss java.transaction.xa java.sql java.sql.rowset java.xml.crypto java.se java.smartcardio jdk.accessibility jdk.internal.jvmstat jdk.attach jdk.charsets jdk.internal.opt jdk.zipfs jdk.compiler jdk.crypto.cryptoki jdk.crypto.ec jdk.dynalink jdk.internal.ed jdk.editpad jdk.internal.vm.ci jdk.graal.compiler jdk.graal.compiler.management jdk.hotspot.agent jdk.httpserver jdk.incubator.vector jdk.internal.le jdk.internal.md jdk.jartool jdk.javadoc jdk.jcmd jdk.management jdk.management.agent jdk.jconsole jdk.jdeps jdk.jdwp.agent jdk.jdi jdk.jfr jdk.jlink jdk.jpackage jdk.jshell jdk.jsobject jdk.jstatd jdk.localedata jdk.management.jfr jdk.naming.dns jdk.naming.rmi jdk.net jdk.nio.mapmode jdk.sctp jdk.security.auth jdk.security.jgss jdk.unsupported jdk.unsupported.desktop jdk.xml.dom"
OS_ARCH="x86_64"
OS_NAME="Linux"
SOURCE=".:git:bf167394bb46 open:git:e57ac4c1e765"

Environment Variables:
PATH=/usr/local/sbin:/usr/local/bin:/usr/sbin:/usr/bin:/sbin:/bin:/usr/games:/usr/local/games:/snap/bin
SHELL=/bin/bash
DISPLAY=:0
LANG=pt_BR.UTF-8

Active Locale:
LC_ALL=pt_BR.UTF-8
LC_COLLATE=pt_BR.UTF-8
LC_CTYPE=pt_BR.UTF-8
LC_MESSAGES=pt_BR.UTF-8
LC_MONETARY=pt_BR.UTF-8
LC_NUMERIC=pt_BR.UTF-8
LC_TIME=pt_BR.UTF-8

Signal Handlers:
   SIGSEGV: crash_handler in libjvm.so, mask=11100100010111111101111111111110, flags=SA_RESTART|SA_SIGINFO, unblocked
    SIGBUS: crash_handler in libjvm.so, mask=11100100010111111101111111111110, flags=SA_RESTART|SA_SIGINFO, unblocked
    SIGFPE: crash_handler in libjvm.so, mask=11100100010111111101111111111110, flags=SA_RESTART|SA_SIGINFO, unblocked
   SIGPIPE: SIG_IGN, mask=00000000000010000000000000000000, flags=SA_RESTART, blocked
  *** Handler was modified!
  *** Expected: javaSignalHandler in libjvm.so, mask=11100100110111111111111111111110, flags=SA_RESTART|SA_SIGINFO
   SIGXFSZ: javaSignalHandler in libjvm.so, mask=11100100010111111101111111111110, flags=SA_RESTART|SA_SIGINFO, blocked
    SIGILL: crash_handler in libjvm.so, mask=11100100010111111101111111111110, flags=SA_RESTART|SA_SIGINFO, unblocked
   SIGUSR2: SR_handler in libjvm.so, mask=00000000000000000000000000000000, flags=SA_RESTART|SA_SIGINFO, blocked
    SIGHUP: UserHandler in libjvm.so, mask=11100100010111111101111111111110, flags=SA_RESTART|SA_SIGINFO, blocked
    SIGINT: UserHandler in libjvm.so, mask=11100100010111111101111111111110, flags=SA_RESTART|SA_SIGINFO, blocked
   SIGTERM: UserHandler in libjvm.so, mask=11100100010111111101111111111110, flags=SA_RESTART|SA_SIGINFO, blocked
   SIGQUIT: UserHandler in libjvm.so, mask=11100100010111111101111111111110, flags=SA_RESTART|SA_SIGINFO, blocked
   SIGTRAP: crash_handler in libjvm.so, mask=11100100010111111101111111111110, flags=SA_RESTART|SA_SIGINFO, unblocked


Compilation memory statistics disabled.

Periodic native trim disabled

---------------  S Y S T E M  ---------------

OS:
DISTRIB_ID=LinuxMint
DISTRIB_RELEASE=22.3
DISTRIB_CODENAME=zena
DISTRIB_DESCRIPTION="Linux Mint 22.3 Zena"
uname: Linux 6.17.0-23-generic #23~24.04.1-Ubuntu SMP PREEMPT_DYNAMIC Tue Apr 14 16:11:48 UTC 2 x86_64
OS uptime: 0 days 1:00 hours
libc: glibc 2.39 NPTL 2.39 
rlimit (soft/hard): STACK 8192k/infinity , CORE 0k/infinity , NPROC 30820/30820 , NOFILE 1048576/1048576 , AS infinity/infinity , CPU infinity/infinity , DATA infinity/infinity , FSIZE infinity/infinity , MEMLOCK 1005000k/1005000k
load average: 1,98 1,62 0,98

/proc/meminfo:
MemTotal:        8040024 kB
MemFree:         1155380 kB
MemAvailable:    4095216 kB
Buffers:           93108 kB
Cached:          3448944 kB
SwapCached:            0 kB
Active:          4428056 kB
Inactive:        1643600 kB
Active(anon):    2957192 kB
Inactive(anon):        0 kB
Active(file):    1470864 kB
Inactive(file):  1643600 kB
Unevictable:      406228 kB
Mlocked:              64 kB
SwapTotal:       4087804 kB
SwapFree:        4087804 kB
Zswap:                 0 kB
Zswapped:              0 kB
Dirty:              5020 kB
Writeback:             0 kB
AnonPages:       2935948 kB
Mapped:          1064516 kB
Shmem:            427544 kB
KReclaimable:      89228 kB
Slab:             206788 kB
SReclaimable:      89228 kB
SUnreclaim:       117560 kB
KernelStack:       15728 kB
PageTables:        39480 kB
SecPageTables:      2564 kB
NFS_Unstable:          0 kB
Bounce:                0 kB
WritebackTmp:          0 kB
CommitLimit:     8107816 kB
Committed_AS:    8866412 kB
VmallocTotal:   34359738367 kB
VmallocUsed:       50632 kB
VmallocChunk:          0 kB
Percpu:             3152 kB
HardwareCorrupted:     0 kB
AnonHugePages:         0 kB
ShmemHugePages:        0 kB
ShmemPmdMapped:        0 kB
FileHugePages:     73728 kB
FilePmdMapped:         0 kB
CmaTotal:              0 kB
CmaFree:               0 kB
Unaccepted:            0 kB
Balloon:               0 kB
HugePages_Total:       0
HugePages_Free:        0
HugePages_Rsvd:        0
HugePages_Surp:        0
Hugepagesize:       2048 kB
Hugetlb:               0 kB
DirectMap4k:      175756 kB
DirectMap2M:     3928064 kB
DirectMap1G:     4194304 kB

/sys/kernel/mm/transparent_hugepage/enabled: always [madvise] never
/sys/kernel/mm/transparent_hugepage/hpage_pmd_size: 2097152
/sys/kernel/mm/transparent_hugepage/shmem_enabled: always within_size advise [never] deny force
/sys/kernel/mm/transparent_hugepage/defrag (defrag/compaction efforts parameter): always defer defer+madvise [madvise] never

Process Memory:
Virtual Size: 6063124K (peak: 6077508K)
Resident Set Size: 294640K (peak: 294640K) (anon: 196128K, file: 92424K, shmem: 6088K)
Swapped out: 0K
C-Heap outstanding allocations: 40781K, retained: 64902K
glibc malloc tunables: (default)

/proc/sys/kernel/threads-max (system-wide limit on the number of threads): 61640
/proc/sys/vm/max_map_count (maximum number of memory map areas a process may have): 1048576
/proc/sys/vm/swappiness (control to define how aggressively the kernel swaps out anonymous memory): 60
/proc/sys/kernel/pid_max (system-wide limit on number of process identifiers): 4194304

container information not found.
Steal ticks since vm start: 0
Steal ticks percentage since vm start:  0,000

CPU: total 4 (initial active 4) (2 cores per cpu, 2 threads per core) family 6 model 142 stepping 9 microcode 0xf6, cx8, cmov, fxsr, ht, mmx, 3dnowpref, sse, sse2, sse3, ssse3, sse4.1, sse4.2, popcnt, lzcnt, tsc, tscinvbit, avx, avx2, aes, erms, clmul, bmi1, bmi2, adx, fma, vzeroupper, clflush, clflushopt, rdtscp, f16c
CPU Model and flags from /proc/cpuinfo:
model name	: Intel(R) Core(TM) i3-7020U CPU @ 2.30GHz
flags		: fpu vme de pse tsc msr pae mce cx8 apic sep mtrr pge mca cmov pat pse36 clflush dts acpi mmx fxsr sse sse2 ss ht tm pbe syscall nx pdpe1gb rdtscp lm constant_tsc art arch_perfmon pebs bts rep_good nopl xtopology nonstop_tsc cpuid aperfmperf pni pclmulqdq dtes64 monitor ds_cpl vmx est tm2 ssse3 sdbg fma cx16 xtpr pdcm pcid sse4_1 sse4_2 x2apic movbe popcnt tsc_deadline_timer aes xsave avx f16c rdrand lahf_lm abm 3dnowprefetch cpuid_fault epb pti ssbd ibrs ibpb stibp tpr_shadow flexpriority ept vpid ept_ad fsgsbase tsc_adjust bmi1 avx2 smep bmi2 erms invpcid mpx rdseed adx smap clflushopt intel_pt xsaveopt xsavec xgetbv1 xsaves dtherm arat pln pts hwp hwp_notify hwp_act_window hwp_epp vnmi md_clear flush_l1d arch_capabilities

Online cpus: 0-3
Offline cpus: 
BIOS frequency limitation: <Not Available>
Frequency switch latency (ns): 0
Available cpu frequencies: <Not Available>
Current governor: powersave
Core performance/turbo boost: <Not Available>

Memory: 4k page, physical 8040024k(4095216k free), swap 4087804k(4087804k free)
Page Sizes: 4k

vm_info: Java HotSpot(TM) 64-Bit Server VM (25.0.3+9-LTS-195) for linux-amd64 JRE (25.0.3+9-LTS-195), built on 2026-03-11T00:20:00Z with gcc 14.2.0

END.
