version 2
JvmtiExport can_access_local_variables 0
JvmtiExport can_hotswap_or_post_breakpoint 1
JvmtiExport can_post_on_exceptions 0
# 461 ciObject found
instanceKlass javafx/scene/CssStyleHelper
ciInstanceKlass java/lang/Cloneable 1 0 7 100 1 100 1 1 1
instanceKlass jdk/internal/icu/util/CodePointMap
instanceKlass jdk/internal/icu/impl/UCharacterProperty$IsAcceptable
instanceKlass jdk/internal/icu/impl/UCharacterProperty$IntProperty
instanceKlass jdk/internal/icu/impl/UCharacterProperty
instanceKlass jdk/internal/icu/lang/UCharacter
instanceKlass jdk/internal/icu/util/VersionInfo
instanceKlass jdk/internal/icu/impl/Trie
instanceKlass jdk/internal/icu/text/StringPrep$StringPrepTrieImpl
instanceKlass jdk/internal/icu/impl/Trie$DataManipulate
instanceKlass jdk/internal/icu/impl/StringPrepDataReader
instanceKlass jdk/internal/icu/text/StringPrep
instanceKlass java/net/IDN
instanceKlass javax/net/ssl/SNIServerName
instanceKlass sun/security/ssl/DTLSRecord
instanceKlass sun/security/ssl/SessionId
instanceKlass sun/security/x509/AlgorithmId
instanceKlass java/security/spec/MGF1ParameterSpec
instanceKlass java/security/spec/PSSParameterSpec
instanceKlass sun/security/ec/ParametersMap$1
# instanceKlass sun/security/ec/ed/EdDSAParameters$$Lambda+0x000000002636f8f8
instanceKlass sun/security/ec/ed/EdDSAParameters$SHAKE256DigesterFactory
instanceKlass sun/security/ec/point/ProjectivePoint
# instanceKlass sun/security/ec/ed/EdDSAParameters$$Lambda+0x000000002636e5b8
instanceKlass sun/security/ec/ed/EdDSAParameters$SHA512DigesterFactory
instanceKlass sun/security/ec/ed/EdDSAParameters$DigesterFactory
instanceKlass sun/security/util/math/IntegerMontgomeryFieldModuloP
instanceKlass sun/security/ec/point/ExtendedHomogeneousPoint
instanceKlass sun/security/ec/point/ImmutablePoint
instanceKlass sun/security/ec/point/Point
instanceKlass sun/security/ec/point/AffinePoint
instanceKlass sun/security/util/math/intpoly/IntegerPolynomial$Limb
instanceKlass sun/security/util/math/SmallValue
instanceKlass sun/security/ec/ed/EdECOperations
instanceKlass sun/security/util/math/intpoly/IntegerPolynomial$Element
instanceKlass sun/security/util/math/ImmutableIntegerModuloP
instanceKlass sun/security/util/math/IntegerModuloP
instanceKlass sun/security/util/math/intpoly/IntegerPolynomial
instanceKlass sun/security/util/math/IntegerFieldModuloP
instanceKlass sun/security/ec/ParametersMap
instanceKlass sun/security/ec/ed/EdDSAParameters
# instanceKlass sun/security/ec/ed/EdDSASignature$$Lambda+0x000000002636ac18
instanceKlass java/security/spec/EdDSAParameterSpec
instanceKlass javax/net/ssl/ExtendedSSLSession
instanceKlass javax/net/ssl/SSLSession
instanceKlass javax/crypto/spec/DHParameterSpec
instanceKlass  @bci java/util/regex/Pattern Range (II)Ljava/util/regex/Pattern$CharPredicate; 23 <appendix> member <vmtarget> ; # java/util/regex/Pattern$$Lambda+0x800000028
instanceKlass sun/security/ssl/PredefinedDHParameterSpecs
instanceKlass org/jcp/xml/dsig/internal/dom/XMLDSigRI$2
instanceKlass org/jcp/xml/dsig/internal/dom/XMLDSigRI$1
instanceKlass sun/security/smartcardio/SunPCSC$1
instanceKlass  @bci sun/security/pkcs11/SunPKCS11 register (Lsun/security/pkcs11/SunPKCS11$Descriptor;)V 27 <appendix> argL0 ; # sun/security/pkcs11/SunPKCS11$$Lambda+0x000000002631e450
instanceKlass sun/security/pkcs11/SunPKCS11$Descriptor
instanceKlass javax/security/auth/Subject
instanceKlass sun/security/jca/ProviderConfig$ProviderLoader
instanceKlass sun/security/ssl/NamedGroup$SupportedGroups
instanceKlass sun/security/ssl/SSLConfiguration$CustomizedClientSignatureSchemes
instanceKlass javax/crypto/KeyGeneratorSpi
instanceKlass javax/crypto/KeyGenerator
instanceKlass sun/security/ssl/SSLConfiguration
instanceKlass sun/security/ssl/SSLCipher$SSLWriteCipher
instanceKlass sun/security/ssl/KeyUpdate$KeyUpdateProducer
instanceKlass sun/security/ssl/KeyUpdate$KeyUpdateConsumer
instanceKlass sun/security/ssl/KeyUpdate$KeyUpdateKickstartProducer
instanceKlass sun/security/ssl/KeyUpdate
instanceKlass sun/security/ssl/CertificateStatus$CertificateStatusAbsence
instanceKlass sun/security/ssl/HandshakeAbsence
instanceKlass sun/security/ssl/CertificateStatus$CertificateStatusProducer
instanceKlass sun/security/ssl/CertificateStatus$CertificateStatusConsumer
instanceKlass sun/security/ssl/CertificateStatus
instanceKlass sun/security/ssl/Finished$T13FinishedProducer
instanceKlass sun/security/ssl/Finished$T13FinishedConsumer
instanceKlass sun/security/ssl/Finished$T12FinishedProducer
instanceKlass sun/security/ssl/Finished$T12FinishedConsumer
instanceKlass sun/security/ssl/Finished
instanceKlass sun/security/ssl/ClientKeyExchange$ClientKeyExchangeProducer
instanceKlass sun/security/ssl/ClientKeyExchange$ClientKeyExchangeConsumer
instanceKlass sun/security/ssl/ClientKeyExchange
instanceKlass sun/security/ssl/CertificateVerify$T13CertificateVerifyProducer
instanceKlass sun/security/ssl/CertificateVerify$T13CertificateVerifyConsumer
instanceKlass sun/security/ssl/CertificateVerify$T12CertificateVerifyProducer
instanceKlass sun/security/ssl/CertificateVerify$T12CertificateVerifyConsumer
instanceKlass sun/security/ssl/CertificateVerify$T10CertificateVerifyProducer
instanceKlass sun/security/ssl/CertificateVerify$T10CertificateVerifyConsumer
instanceKlass sun/security/ssl/CertificateVerify$S30CertificateVerifyProducer
instanceKlass sun/security/ssl/CertificateVerify$S30CertificateVerifyConsumer
instanceKlass sun/security/ssl/CertificateVerify
instanceKlass sun/security/ssl/ServerHelloDone$ServerHelloDoneProducer
instanceKlass sun/security/ssl/ServerHelloDone$ServerHelloDoneConsumer
instanceKlass sun/security/ssl/ServerHelloDone
instanceKlass sun/security/ssl/CertificateRequest$T13CertificateRequestProducer
instanceKlass sun/security/ssl/CertificateRequest$T13CertificateRequestConsumer
instanceKlass sun/security/ssl/CertificateRequest$T12CertificateRequestProducer
instanceKlass sun/security/ssl/CertificateRequest$T12CertificateRequestConsumer
instanceKlass sun/security/ssl/CertificateRequest$T10CertificateRequestProducer
instanceKlass sun/security/ssl/CertificateRequest$T10CertificateRequestConsumer
instanceKlass sun/security/ssl/CertificateRequest
instanceKlass sun/security/ssl/ServerKeyExchange$ServerKeyExchangeProducer
instanceKlass sun/security/ssl/ServerKeyExchange$ServerKeyExchangeConsumer
instanceKlass sun/security/ssl/ServerKeyExchange
instanceKlass sun/security/ssl/CertificateMessage$T13CertificateProducer
instanceKlass sun/security/ssl/CertificateMessage$T13CertificateConsumer
instanceKlass sun/security/ssl/CertificateMessage$T12CertificateProducer
instanceKlass sun/security/ssl/CertificateMessage$T12CertificateConsumer
instanceKlass sun/security/ssl/CertificateMessage
instanceKlass sun/security/ssl/EncryptedExtensions$EncryptedExtensionsConsumer
instanceKlass sun/security/ssl/EncryptedExtensions$EncryptedExtensionsProducer
instanceKlass sun/security/ssl/EncryptedExtensions
instanceKlass sun/security/ssl/NewSessionTicket$T12NewSessionTicketProducer
instanceKlass sun/security/ssl/NewSessionTicket$T13NewSessionTicketProducer
instanceKlass sun/security/ssl/NewSessionTicket$T12NewSessionTicketConsumer
instanceKlass sun/security/ssl/NewSessionTicket$T13NewSessionTicketConsumer
instanceKlass sun/security/ssl/NewSessionTicket
instanceKlass sun/security/ssl/HelloVerifyRequest$HelloVerifyRequestProducer
instanceKlass sun/security/ssl/HelloVerifyRequest$HelloVerifyRequestConsumer
instanceKlass sun/security/ssl/HelloVerifyRequest
instanceKlass sun/security/ssl/ServerHello$T13HelloRetryRequestConsumer
instanceKlass sun/security/ssl/ServerHello$T13ServerHelloConsumer
instanceKlass sun/security/ssl/ServerHello$T12ServerHelloConsumer
instanceKlass sun/security/ssl/ServerHello$T13HelloRetryRequestReproducer
instanceKlass sun/security/ssl/ServerHello$T13HelloRetryRequestProducer
instanceKlass sun/security/ssl/ServerHello$T13ServerHelloProducer
instanceKlass sun/security/ssl/ServerHello$T12ServerHelloProducer
instanceKlass sun/security/ssl/ServerHello$ServerHelloConsumer
instanceKlass sun/security/ssl/ServerHello
instanceKlass sun/security/ssl/ClientHello$D13ClientHelloConsumer
instanceKlass sun/security/ssl/ClientHello$D12ClientHelloConsumer
instanceKlass sun/security/ssl/ClientHello$T13ClientHelloConsumer
instanceKlass sun/security/ssl/ClientHello$T12ClientHelloConsumer
instanceKlass sun/security/ssl/HandshakeConsumer
instanceKlass sun/security/ssl/ClientHello$ClientHelloProducer
instanceKlass sun/security/ssl/ClientHello$ClientHelloConsumer
instanceKlass sun/security/ssl/ClientHello$ClientHelloKickstartProducer
instanceKlass sun/security/ssl/ClientHello
instanceKlass sun/security/ssl/HelloRequest$HelloRequestProducer
instanceKlass sun/security/ssl/HelloRequest$HelloRequestConsumer
instanceKlass sun/security/ssl/HelloRequest$HelloRequestKickstartProducer
instanceKlass sun/security/ssl/SSLProducer
instanceKlass sun/security/ssl/HelloRequest
instanceKlass sun/security/ssl/HandshakeProducer
instanceKlass sun/security/ssl/SSLConsumer
instanceKlass sun/security/ssl/Authenticator$MacImpl
instanceKlass sun/security/ssl/Authenticator$MAC
instanceKlass sun/security/ssl/Authenticator
instanceKlass sun/security/ssl/SSLCipher$SSLReadCipher
instanceKlass sun/security/ssl/InputRecord
instanceKlass sun/security/ssl/SSLRecord
instanceKlass sun/security/ssl/Record
instanceKlass sun/security/ssl/TransportContext
instanceKlass sun/security/ssl/ConnectionContext
instanceKlass sun/security/ssl/HandshakeHash$CacheOnlyHash
instanceKlass sun/security/ssl/HandshakeHash$TranscriptHash
instanceKlass sun/security/ssl/HandshakeHash
instanceKlass sun/security/ssl/SSLTransport
instanceKlass sun/security/provider/AbstractDrbg$NonceProvider
instanceKlass  @bci sun/security/provider/AbstractDrbg$SeederHolder <clinit> ()V 42 <appendix> member <vmtarget> ; # sun/security/provider/AbstractDrbg$SeederHolder$$Lambda+0x0000000026354068
instanceKlass  @cpi sun/security/provider/AbstractDrbg$SeederHolder 91 form vmentry <vmtarget> ; # java/lang/invoke/LambdaForm$DMH+0x000000002631cc00
# instanceKlass java/lang/invoke/LambdaForm$DMH+0x000000002631c800
instanceKlass java/net/NetworkInterface$1
instanceKlass java/net/DefaultInterface
instanceKlass java/net/InterfaceAddress
instanceKlass sun/security/provider/ByteArrayAccess$BE
instanceKlass sun/security/provider/SeedGenerator
instanceKlass sun/security/provider/AbstractDrbg$SeederHolder
instanceKlass java/security/DrbgParameters$NextBytes
instanceKlass  @bci sun/security/provider/AbstractDrbg <clinit> ()V 12 <appendix> argL0 ; # sun/security/provider/AbstractDrbg$$Lambda+0x0000000026352d78
instanceKlass  @cpi sun/security/provider/AbstractDrbg 383 form vmentry <vmtarget> ; # java/lang/invoke/LambdaForm$DMH+0x000000002631c400
# instanceKlass java/lang/invoke/LambdaForm$DMH+0x000000002631c000
instanceKlass sun/security/provider/EntropySource
instanceKlass sun/security/provider/AbstractDrbg
instanceKlass java/security/DrbgParameters$Instantiation
instanceKlass java/security/DrbgParameters
instanceKlass sun/security/provider/MoreDrbgParameters
instanceKlass java/security/SecureRandomSpi
instanceKlass  @bci sun/security/ssl/SSLContextImpl engineInit ([Ljavax/net/ssl/KeyManager;[Ljavax/net/ssl/TrustManager;Ljava/security/SecureRandom;)V 57 <appendix> argL0 ; # sun/security/ssl/SSLContextImpl$$Lambda+0x0000000026351be0
instanceKlass javax/net/ssl/X509ExtendedTrustManager
instanceKlass javax/net/ssl/X509ExtendedKeyManager
instanceKlass org/postgresql/ssl/NonValidatingFactory$NonValidatingTM
instanceKlass javax/net/ssl/X509TrustManager
instanceKlass javax/net/ssl/TrustManager
instanceKlass org/postgresql/ssl/LibPQFactory$ConsoleCallbackHandler
instanceKlass java/security/Key
instanceKlass java/security/spec/KeySpec
instanceKlass org/postgresql/ssl/LazyKeyManager
instanceKlass javax/net/ssl/X509KeyManager
instanceKlass sun/security/util/Cache
instanceKlass sun/security/ssl/SSLSessionContextImpl
instanceKlass javax/net/ssl/SSLSessionContext
instanceKlass sun/security/ssl/EphemeralKeyManager$EphemeralKeyPair
instanceKlass sun/security/ssl/EphemeralKeyManager
instanceKlass sun/security/ssl/SSLContextImpl$CustomizedSSLProtocols
instanceKlass java/security/spec/NamedParameterSpec
instanceKlass sun/security/util/ECKeySizeParameterSpec
instanceKlass java/security/AlgorithmParametersSpi
instanceKlass java/security/AlgorithmParameters
instanceKlass sun/security/util/ECUtil
instanceKlass java/security/KeyPairGeneratorSpi
instanceKlass java/security/KeyFactorySpi
instanceKlass java/security/KeyFactory
instanceKlass javax/crypto/KeyAgreement
instanceKlass java/security/Signature$1
instanceKlass jdk/internal/access/JavaSecuritySignatureAccess
instanceKlass java/security/SignatureSpi
instanceKlass sun/security/ssl/JsseJce$EcAvailability
instanceKlass sun/security/ssl/SSLAlgorithmDecomposer$1
instanceKlass sun/security/ssl/Utilities
instanceKlass sun/security/ssl/JsseJce
instanceKlass sun/security/ssl/NamedGroup$XDHScheme
instanceKlass sun/security/ssl/NamedGroup$FFDHEScheme
instanceKlass sun/security/ssl/NamedGroup$ECDHEScheme
instanceKlass sun/security/ssl/NamedGroup$NamedGroupScheme
instanceKlass sun/security/ssl/SSLCipher$T13CC20P1305WriteCipherGenerator
instanceKlass sun/security/ssl/SSLCipher$T12CC20P1305WriteCipherGenerator
instanceKlass sun/security/ssl/SSLCipher$T13CC20P1305ReadCipherGenerator
instanceKlass sun/security/ssl/SSLCipher$T12CC20P1305ReadCipherGenerator
instanceKlass sun/security/ssl/SSLCipher$T13GcmWriteCipherGenerator
instanceKlass sun/security/ssl/SSLCipher$T13GcmReadCipherGenerator
instanceKlass sun/security/ssl/SSLCipher$T12GcmWriteCipherGenerator
instanceKlass sun/security/ssl/SSLCipher$T12GcmReadCipherGenerator
instanceKlass com/sun/crypto/provider/AESConstants
instanceKlass java/util/Vector$1
instanceKlass javax/crypto/JceSecurityManager
instanceKlass sun/security/ssl/SSLCipher$T11BlockWriteCipherGenerator
instanceKlass sun/security/ssl/SSLCipher$T11BlockReadCipherGenerator
instanceKlass com/sun/crypto/provider/PKCS5Padding
instanceKlass com/sun/crypto/provider/Padding
instanceKlass com/sun/crypto/provider/FeedbackCipher
instanceKlass com/sun/crypto/provider/SymmetricCipher
instanceKlass com/sun/crypto/provider/DESConstants
instanceKlass com/sun/crypto/provider/CipherCore
instanceKlass sun/security/ssl/SSLCipher$T10BlockWriteCipherGenerator
instanceKlass sun/security/ssl/SSLCipher$T10BlockReadCipherGenerator
instanceKlass javax/crypto/CipherSpi
instanceKlass javax/crypto/ProviderVerifier
instanceKlass java/lang/Class$Holder
instanceKlass javax/crypto/JceSecurity$1
instanceKlass java/net/spi/URLStreamHandlerProvider
instanceKlass jdk/internal/misc/ThreadTracker
instanceKlass java/net/URL$ThreadTrackHolder
instanceKlass java/util/Vector$Itr
instanceKlass javax/crypto/CryptoPolicyParser$CryptoPermissionEntry
instanceKlass javax/crypto/CryptoPolicyParser$GrantEntry
instanceKlass java/io/StreamTokenizer
instanceKlass javax/crypto/CryptoPolicyParser
instanceKlass java/nio/file/Files$1
instanceKlass sun/nio/fs/WindowsFileSystem$1
instanceKlass java/nio/file/PathMatcher
instanceKlass  @bci java/util/regex/Pattern negate (Ljava/util/regex/Pattern$CharPredicate;)Ljava/util/regex/Pattern$CharPredicate; 1 <appendix> member <vmtarget> ; # java/util/regex/Pattern$$Lambda+0x80000002f
instanceKlass sun/nio/fs/Globs
instanceKlass sun/nio/fs/WindowsFileSystemProvider$1
instanceKlass javax/crypto/JceSecurity
instanceKlass sun/security/jca/ProviderList$ServiceIterator
instanceKlass sun/security/jca/ServiceId
instanceKlass javax/crypto/Cipher$Transform
instanceKlass javax/crypto/Cipher
instanceKlass sun/security/ssl/SSLCipher$StreamWriteCipherGenerator
instanceKlass sun/security/ssl/SSLCipher$StreamReadCipherGenerator
instanceKlass sun/security/ssl/SSLCipher$NullWriteCipherGenerator
instanceKlass sun/security/ssl/SSLCipher$WriteCipherGenerator
instanceKlass sun/security/ssl/SSLCipher$NullReadCipherGenerator
instanceKlass sun/security/ssl/SSLCipher$ReadCipherGenerator
instanceKlass  @bci sun/security/util/DisabledAlgorithmConstraints checkDisabledPatterns (Ljava/lang/String;)Z 17 <appendix> member <vmtarget> ; # sun/security/util/DisabledAlgorithmConstraints$$Lambda+0x000000002617ca08
instanceKlass sun/security/util/DisabledAlgorithmConstraints$Constraints$Holder
instanceKlass sun/security/util/DisabledAlgorithmConstraints$Constraint
instanceKlass sun/security/util/DisabledAlgorithmConstraints$Constraints
instanceKlass sun/security/util/AlgorithmDecomposer
instanceKlass sun/security/util/AbstractAlgorithmConstraints
instanceKlass sun/security/ssl/SSLAlgorithmConstraints
instanceKlass java/security/AlgorithmConstraints
instanceKlass sun/security/ssl/SSLLogger
instanceKlass java/security/spec/ECFieldF2m
instanceKlass sun/security/util/ObjectIdentifier
instanceKlass sun/util/calendar/CalendarSystem$GregorianHolder
instanceKlass sun/util/calendar/CalendarSystem
instanceKlass sun/security/util/ByteArrayTagOrder
instanceKlass sun/security/util/ByteArrayLexOrder
instanceKlass sun/security/util/DerEncoder
instanceKlass java/security/spec/ECParameterSpec
instanceKlass java/security/spec/AlgorithmParameterSpec
instanceKlass java/security/spec/ECPoint
instanceKlass java/security/spec/EllipticCurve
instanceKlass java/security/spec/ECFieldFp
instanceKlass java/security/spec/ECField
instanceKlass sun/security/util/CurveDB
instanceKlass sun/security/rsa/SunRsaSignEntries
instanceKlass javax/net/ssl/SSLContextSpi
instanceKlass javax/net/ssl/SSLContext
instanceKlass javax/net/ssl/KeyManager
instanceKlass javax/security/auth/callback/CallbackHandler
instanceKlass javax/net/ssl/HostnameVerifier
instanceKlass org/postgresql/util/ObjectFactory
instanceKlass java/lang/management/MemoryUsage
instanceKlass  @bci sun/management/spi/PlatformMBeanProvider$PlatformComponent getMBeans (Ljava/lang/Class;)Ljava/util/List; 63 <appendix> member <vmtarget> ; # sun/management/spi/PlatformMBeanProvider$PlatformComponent$$Lambda+0x00000000261723c8
instanceKlass  @bci sun/management/spi/PlatformMBeanProvider$PlatformComponent getMBeans (Ljava/lang/Class;)Ljava/util/List; 47 <appendix> member <vmtarget> ; # sun/management/spi/PlatformMBeanProvider$PlatformComponent$$Lambda+0x0000000026172168
instanceKlass java/util/Collections$2
instanceKlass java/util/stream/ReduceOps$2ReducingSink
instanceKlass  @bci java/lang/management/ManagementFactory$PlatformMBeanFinder findSingleton (Ljava/lang/Class;)Lsun/management/spi/PlatformMBeanProvider$PlatformComponent; 30 <appendix> member <vmtarget> ; # java/lang/management/ManagementFactory$PlatformMBeanFinder$$Lambda+0x0000000026171640
instanceKlass  @bci java/lang/management/ManagementFactory$PlatformMBeanFinder findSingleton (Ljava/lang/Class;)Lsun/management/spi/PlatformMBeanProvider$PlatformComponent; 19 <appendix> member <vmtarget> ; # java/lang/management/ManagementFactory$PlatformMBeanFinder$$Lambda+0x00000000261713e0
instanceKlass jdk/management/jfr/internal/FlightRecorderMXBeanProvider$SingleMBeanComponent
instanceKlass jdk/management/jfr/FlightRecorderMXBean
instanceKlass java/lang/management/DefaultPlatformMBeanProvider$11
instanceKlass java/lang/management/DefaultPlatformMBeanProvider$10
instanceKlass java/lang/management/DefaultPlatformMBeanProvider$9
instanceKlass sun/management/ManagementFactoryHelper$LoggingMXBeanAccess
instanceKlass java/lang/management/DefaultPlatformMBeanProvider$8
instanceKlass java/lang/management/DefaultPlatformMBeanProvider$7
instanceKlass java/lang/management/DefaultPlatformMBeanProvider$6
instanceKlass java/lang/management/DefaultPlatformMBeanProvider$5
instanceKlass java/lang/management/DefaultPlatformMBeanProvider$4
instanceKlass java/lang/management/DefaultPlatformMBeanProvider$3
instanceKlass java/lang/management/DefaultPlatformMBeanProvider$2
instanceKlass java/lang/management/DefaultPlatformMBeanProvider$1
instanceKlass com/sun/management/internal/PlatformMBeanProviderImpl$6
instanceKlass sun/management/VMManagementImpl
instanceKlass sun/management/VMManagement
instanceKlass sun/management/ManagementFactoryHelper
instanceKlass sun/management/NotificationEmitterSupport
instanceKlass javax/management/NotificationEmitter
instanceKlass javax/management/NotificationBroadcaster
instanceKlass com/sun/management/DiagnosticCommandMBean
instanceKlass javax/management/DynamicMBean
instanceKlass com/sun/management/internal/PlatformMBeanProviderImpl$5
instanceKlass com/sun/management/internal/PlatformMBeanProviderImpl$4
instanceKlass jdk/management/VirtualThreadSchedulerMXBean
instanceKlass com/sun/management/internal/PlatformMBeanProviderImpl$3
instanceKlass com/sun/management/internal/PlatformMBeanProviderImpl$2
instanceKlass com/sun/management/internal/PlatformMBeanProviderImpl$1
instanceKlass sun/management/spi/PlatformMBeanProvider$PlatformComponent
instanceKlass sun/management/spi/PlatformMBeanProvider
instanceKlass java/lang/management/ManagementFactory$PlatformMBeanFinder
instanceKlass java/lang/management/MemoryMXBean
instanceKlass java/lang/management/PlatformManagedObject
instanceKlass java/lang/management/ManagementFactory
instanceKlass org/postgresql/util/PGPropertyMaxResultBufferParser
instanceKlass org/postgresql/core/AsciiStringInterner$BaseKey
instanceKlass org/postgresql/core/AsciiStringInterner
instanceKlass org/postgresql/core/Encoding
instanceKlass sun/nio/ch/ExtendedSocketOption$1
instanceKlass sun/nio/ch/ExtendedSocketOption
instanceKlass sun/nio/ch/OptionKey
instanceKlass sun/nio/ch/SocketOptionRegistry$LazyInitialization
instanceKlass sun/nio/ch/SocketOptionRegistry$RegistryKey
instanceKlass sun/nio/ch/SocketOptionRegistry
instanceKlass java/net/NetworkInterface
instanceKlass java/net/StandardSocketOptions$StdSocketOption
instanceKlass java/net/SocketOption
instanceKlass java/net/StandardSocketOptions
instanceKlass java/util/concurrent/ThreadLocalRandom$Access$1
instanceKlass jdk/internal/access/JavaUtilConcurrentTLRAccess
instanceKlass java/util/concurrent/ThreadLocalRandom$Access
instanceKlass jdk/internal/util/random/RandomSupport
instanceKlass java/util/Random
instanceKlass java/util/random/RandomGenerator
instanceKlass java/net/InetAddress$CachedLookup
instanceKlass sun/net/InetAddressCachePolicy
instanceKlass java/util/stream/Nodes$ArrayNode
instanceKlass  @bci java/net/InetAddress getAddressesFromNameService (Ljava/lang/String;)[Ljava/net/InetAddress; 94 <appendix> argL0 ; # java/net/InetAddress$$Lambda+0x00000000261689e0
instanceKlass  @bci java/net/InetAddress loadResolver ()Ljava/net/spi/InetAddressResolver; 8 <appendix> argL0 ; # java/net/InetAddress$$Lambda+0x0000000026168798
instanceKlass java/net/spi/InetAddressResolverProvider
instanceKlass java/net/InetAddress$NameServiceAddresses
instanceKlass java/net/InetAddress$Addresses
instanceKlass java/util/concurrent/ConcurrentSkipListMap$Iter
instanceKlass org/postgresql/util/ByteStreamWriter$ByteStreamTarget
instanceKlass org/postgresql/core/PGStream
instanceKlass org/postgresql/hostchooser/CandidateHost
instanceKlass org/postgresql/hostchooser/SingleHostChooser
instanceKlass org/postgresql/hostchooser/HostChooser
instanceKlass org/postgresql/hostchooser/HostChooserFactory
instanceKlass javax/net/SocketFactory
instanceKlass org/postgresql/core/SocketFactoryFactory
instanceKlass org/postgresql/core/QueryExecutor
instanceKlass org/postgresql/core/v3/TypeTransferModeRegistry
instanceKlass org/postgresql/core/ConnectionFactory
instanceKlass org/postgresql/util/HostSpec
instanceKlass java/lang/SecurityManager
instanceKlass java/sql/Savepoint
instanceKlass java/sql/DatabaseMetaData
instanceKlass java/sql/CallableStatement
instanceKlass java/sql/Blob
instanceKlass java/sql/Clob
instanceKlass java/sql/SQLXML
instanceKlass java/sql/PreparedStatement
instanceKlass java/sql/Statement
instanceKlass org/postgresql/xml/PGXmlFactoryFactory
instanceKlass org/postgresql/replication/PGReplicationConnection
instanceKlass org/postgresql/core/ResultHandler
instanceKlass org/postgresql/core/TypeInfo
instanceKlass java/sql/Array
instanceKlass org/postgresql/core/Provider
instanceKlass org/postgresql/core/Version
instanceKlass org/postgresql/jdbc/PgConnection
instanceKlass org/postgresql/core/BaseConnection
instanceKlass org/postgresql/PGConnection
instanceKlass org/postgresql/util/internal/Nullness
instanceKlass  @bci org/postgresql/Driver parseURL (Ljava/lang/String;Ljava/util/Properties;)Ljava/util/Properties; 812 <appendix> member <vmtarget> ; # org/postgresql/Driver$$Lambda+0x000000002630e3f8
instanceKlass  @bci org/postgresql/Driver parseURL (Ljava/lang/String;Ljava/util/Properties;)Ljava/util/Properties; 793 <appendix> member <vmtarget> ; # org/postgresql/Driver$$Lambda+0x000000002630e1b8
instanceKlass  @bci org/postgresql/Driver parseURL (Ljava/lang/String;Ljava/util/Properties;)Ljava/util/Properties; 777 <appendix> member <vmtarget> ; # org/postgresql/Driver$$Lambda+0x000000002630df78
instanceKlass  @cpi org/postgresql/Driver 595 form vmentry <vmtarget> ; # java/lang/invoke/LambdaForm$DMH+0x0000000026311000
instanceKlass org/postgresql/util/PGPropertyUtil
instanceKlass java/net/URLDecoder
instanceKlass org/postgresql/util/URLCoder
instanceKlass  @bci org/postgresql/Driver parseURL (Ljava/lang/String;Ljava/util/Properties;)Ljava/util/Properties; 150 <appendix> argL0 ; # org/postgresql/Driver$$Lambda+0x000000002630d900
instanceKlass java/util/function/IntPredicate
instanceKlass java/lang/StringLatin1$CharsSpliterator
instanceKlass org/postgresql/Driver$1
instanceKlass java/sql/DriverInfo
instanceKlass org/postgresql/util/LazyCleaner$CleaningAction
instanceKlass org/postgresql/util/SharedTimer
instanceKlass java/util/logging/Logger$SystemLoggerHelper
instanceKlass java/sql/Connection
instanceKlass java/sql/Wrapper
instanceKlass org/postgresql/Driver
instanceKlass java/sql/Driver
instanceKlass java/sql/DriverManager
instanceKlass org/example/infrastructure/ConfigBD
instanceKlass org/example/infrastructure/ConexaoBD
instanceKlass  @bci org/example/controller/PlanejamentoController setDisciplinaId (Ljava/lang/Long;)V 63 <appendix> argL0 ; # org/example/controller/PlanejamentoController$$Lambda+0x000000002630bf90
instanceKlass  @bci org/example/controller/PlanejamentoController setDisciplinaId (Ljava/lang/Long;)V 51 <appendix> argL0 ; # org/example/controller/PlanejamentoController$$Lambda+0x000000002630bd68
instanceKlass  @bci org/example/controller/PlanejamentoController setDisciplinaId (Ljava/lang/Long;)V 39 <appendix> argL0 ; # org/example/controller/PlanejamentoController$$Lambda+0x000000002630bb40
instanceKlass  @bci org/example/controller/PlanejamentoController setDisciplinaId (Ljava/lang/Long;)V 27 <appendix> argL0 ; # org/example/controller/PlanejamentoController$$Lambda+0x000000002630b918
instanceKlass  @bci org/example/controller/PlanejamentoController setDisciplinaId (Ljava/lang/Long;)V 10 <appendix> member <vmtarget> ; # org/example/controller/PlanejamentoController$$Lambda+0x000000002630b6e8
instanceKlass  @bci org/example/controller/PlanejamentoController setDisciplinaId (Ljava/lang/Long;)V 1 <appendix> member <vmtarget> ; # org/example/controller/PlanejamentoController$$Lambda+0x000000002630b4b8
instanceKlass  @bci javafx/scene/control/SpinnerValueFactory$IntegerSpinnerValueFactory <init> (IIII)V 80 <appendix> member <vmtarget> ; # javafx/scene/control/SpinnerValueFactory$IntegerSpinnerValueFactory$$Lambda+0x000000002630b288
instanceKlass com/sun/javafx/reflect/FieldUtil
instanceKlass javafx/scene/layout/GridPane$CompositeSize
instanceKlass  @bci javafx/scene/layout/GridPane <init> ()V 53 <appendix> member <vmtarget> ; # javafx/scene/layout/GridPane$$Lambda+0x0000000026303538
instanceKlass  @bci javafx/scene/layout/GridPane <clinit> ()V 16 <appendix> argL0 ; # javafx/scene/layout/GridPane$$Lambda+0x00000000263021c0
instanceKlass javafx/scene/control/ButtonType
instanceKlass org/example/model/Aula
instanceKlass org/example/model/Topico
instanceKlass  @bci javafx/scene/control/Spinner <init> ()V 166 <appendix> member <vmtarget> ; # javafx/scene/control/Spinner$$Lambda+0x00000000262ff3b0
instanceKlass  @bci javafx/scene/control/Spinner <init> ()V 151 <appendix> member <vmtarget> ; # javafx/scene/control/Spinner$$Lambda+0x00000000262ff180
instanceKlass  @bci javafx/scene/control/Spinner <init> ()V 138 <appendix> member <vmtarget> ; # javafx/scene/control/Spinner$$Lambda+0x00000000262fef50
instanceKlass  @bci javafx/scene/control/Spinner <init> ()V 111 <appendix> member <vmtarget> ; # javafx/scene/control/Spinner$$Lambda+0x00000000262fed20
instanceKlass javafx/css/converter/DurationConverter$Holder
instanceKlass com/sun/javafx/fxml/builder/ProxyBuilder$Property
instanceKlass org/example/service/DistribuicaoService
instanceKlass org/example/DAO/CalendarioDAO
instanceKlass org/example/DAO/HorarioDAO
instanceKlass org/example/service/AulaService
instanceKlass org/example/DAO/AulaDAO
instanceKlass org/example/DAO/TopicoDAO
instanceKlass javafx/scene/control/SpinnerValueFactory
instanceKlass org/example/controller/PlanejamentoController
instanceKlass javafx/scene/layout/ConstraintsBase
instanceKlass  @bci javafx/scene/Scene$ClickCounter start (DD)V 67 <appendix> member <vmtarget> ; # javafx/scene/Scene$ClickCounter$$Lambda+0x00000000262f99e8
instanceKlass com/sun/javafx/tk/TKDragSourceListener
instanceKlass javafx/scene/Scene$DnDGesture
instanceKlass com/sun/glass/ui/win/WinClipboardDelegate
instanceKlass com/sun/glass/ui/Clipboard
instanceKlass  @bci com/sun/javafx/tk/quantum/PaintCollector lambda$liveRepaintRenderJob$2 (Lcom/sun/javafx/tk/quantum/QuantumToolkit;Lcom/sun/javafx/tk/quantum/ViewPainter;Ljava/util/concurrent/CountDownLatch;)Ljava/lang/Object; 7 <appendix> member <vmtarget> ; # com/sun/javafx/tk/quantum/PaintCollector$$Lambda+0x00000000262f8230
instanceKlass  @bci com/sun/javafx/tk/quantum/PaintCollector liveRepaintRenderJob (Lcom/sun/javafx/tk/quantum/ViewScene;)V 31 <appendix> member <vmtarget> ; # com/sun/javafx/tk/quantum/PaintCollector$$Lambda+0x00000000262f8000
instanceKlass  @bci com/sun/javafx/scene/control/inputmap/InputMap lookup (Ljavafx/event/Event;Z)Ljava/util/List; 82 <appendix> argL0 ; # com/sun/javafx/scene/control/inputmap/InputMap$$Lambda+0x00000000262f0a30
instanceKlass  @bci javafx/scene/Node buildEventDispatchChain (Ljavafx/event/EventDispatchChain;)Ljavafx/event/EventDispatchChain; 9 <appendix> member <vmtarget> ; # javafx/scene/Node$$Lambda+0x00000000262f0800
instanceKlass java/util/EnumMap$EnumMapIterator
instanceKlass com/sun/javafx/scene/input/InputEventUtils
instanceKlass javafx/scene/input/PickResult
instanceKlass javafx/scene/input/MouseEvent$Flags
instanceKlass  @bci com/sun/javafx/tk/quantum/GlassViewEventHandler handleMouseEvent (Lcom/sun/glass/ui/View;JIIIIIIIZZ)V 98 <appendix> member <vmtarget> ; # com/sun/javafx/tk/quantum/GlassViewEventHandler$$Lambda+0x00000000262f1668
instanceKlass jdk/internal/foreign/MemorySessionImpl
instanceKlass java/lang/foreign/MemorySegment$Scope
instanceKlass com/sun/prism/impl/ps/CachingShapeRepState$CSRDisposerRecord
instanceKlass com/sun/prism/impl/ps/CachingShapeRepState$MaskTexData
instanceKlass  @bci com/sun/prism/impl/ps/CachingShapeRepState$MaskCache <clinit> ()V 0 <appendix> argL0 ; # com/sun/prism/impl/ps/CachingShapeRepState$MaskCache$$Lambda+0x00000000262f3c88
instanceKlass com/sun/prism/impl/ps/CachingShapeRepState$CacheEntry
instanceKlass com/sun/prism/impl/ps/CachingShapeRepState$MaskCache
instanceKlass com/sun/prism/impl/ps/CachingShapeRepState
instanceKlass com/sun/prism/impl/ps/CachingShapeRep
instanceKlass com/sun/scenario/effect/Blend$1
instanceKlass com/sun/javafx/geom/DirtyRegionPool$PoolItem
instanceKlass com/sun/javafx/geom/transform/TransformHelper
instanceKlass com/sun/prism/shader/Texture_LinearGradient_PAD_Loader
instanceKlass com/sun/scenario/effect/impl/state/BoxRenderState$1
instanceKlass java/lang/FdLibm$Atan2
instanceKlass com/sun/prism/shader/FillPgram_LinearGradient_PAD_Loader
instanceKlass com/sun/prism/impl/ps/PaintHelper
instanceKlass com/sun/prism/paint/Stop
instanceKlass javafx/util/Pair
instanceKlass com/sun/prism/shader/DrawPgram_Color_Loader
instanceKlass com/sun/prism/shader/DrawRoundRect_Color_Loader
instanceKlass  @bci com/sun/scenario/effect/impl/BufferUtil nativeOrder (Ljava/nio/ByteBuffer;)V 12 <appendix> argL0 ; # com/sun/scenario/effect/impl/BufferUtil$$Lambda+0x00000000262f5728
instanceKlass com/sun/scenario/effect/impl/BufferUtil
instanceKlass  @bci com/sun/scenario/effect/impl/state/LinearConvolveRenderState <clinit> ()V 25 <appendix> member <vmtarget> ; # com/sun/scenario/effect/impl/state/LinearConvolveRenderState$$Lambda+0x00000000262f4210
instanceKlass  @cpi com/sun/scenario/effect/impl/state/LinearConvolveRenderState 118 form vmentry <vmtarget> ; # java/lang/invoke/LambdaForm$DMH+0x00000000262f0400
instanceKlass com/sun/javafx/sg/prism/NodeEffectInput$1
# instanceKlass java/lang/invoke/LambdaForm$MH+0x00000000262f0000
# instanceKlass java/lang/invoke/LambdaForm$MH+0x00000000262e8c00
# instanceKlass java/lang/invoke/LambdaForm$MH+0x00000000262e8800
instanceKlass com/sun/scenario/effect/impl/state/RenderState$3
instanceKlass com/sun/scenario/effect/impl/state/RenderState$2
instanceKlass com/sun/scenario/effect/impl/state/RenderState$1
instanceKlass com/sun/scenario/effect/impl/prism/PrRenderInfo
instanceKlass com/sun/scenario/effect/ImageDataRenderer
instanceKlass com/sun/prism/impl/GlyphCache$GlyphData
instanceKlass com/sun/prism/shader/Solid_TextureSecondPassLCD_Loader
instanceKlass com/sun/prism/shader/Solid_TextureFirstPassLCD_Loader
instanceKlass com/sun/prism/impl/GlyphCache
instanceKlass com/sun/prism/d3d/D3DTexture$1
instanceKlass com/sun/javafx/image/impl/ByteGray$Accessor
instanceKlass com/sun/javafx/image/impl/ByteGray
instanceKlass com/sun/prism/shader/Texture_Color_Loader
instanceKlass com/sun/marlin/MaskMarlinAlphaConsumer
instanceKlass com/sun/marlin/ArrayCacheConst
instanceKlass com/sun/marlin/DHelpers
instanceKlass com/sun/prism/impl/shape/DMarlinPrismUtils
instanceKlass com/sun/marlin/DDasher$LengthIterator
instanceKlass com/sun/marlin/DDasher
instanceKlass com/sun/marlin/DStroker
instanceKlass  @bci com/sun/marlin/OffHeapArray <init> (Ljava/lang/Object;J)V 52 <appendix> member <vmtarget> ; # com/sun/marlin/OffHeapArray$$Lambda+0x00000000262ee518
instanceKlass java/util/stream/WhileOps$DropWhileSink
instanceKlass java/util/stream/Node$Builder
instanceKlass java/util/stream/AbstractSpinedBuffer
instanceKlass java/util/stream/Node$OfDouble
instanceKlass java/util/stream/Node$OfLong
instanceKlass java/util/stream/Node$OfInt
instanceKlass java/util/stream/Node$OfPrimitive
instanceKlass java/util/stream/Nodes$EmptyNode
instanceKlass java/util/stream/Node
instanceKlass java/util/stream/Nodes
instanceKlass  @bci java/util/stream/ReferencePipeline toArray ()[Ljava/lang/Object; 1 <appendix> argL0 ; # java/util/stream/ReferencePipeline$$Lambda+0x0000000026162758
instanceKlass java/util/stream/SliceOps
instanceKlass java/util/stream/WhileOps$DropWhileOp
instanceKlass java/util/stream/WhileOps
instanceKlass  @bci sun/misc/Unsafe lambda$beforeMemoryAccessSlow$0 (Ljava/util/stream/Stream;)Ljava/util/List; 1 <appendix> argL0 ; # sun/misc/Unsafe$$Lambda+0x0000000026161428
instanceKlass  @bci sun/misc/Unsafe beforeMemoryAccessSlow ()V 26 <appendix> argL0 ; # sun/misc/Unsafe$$Lambda+0x00000000261611e0
instanceKlass sun/misc/Unsafe$StackWalkerHolder
instanceKlass com/sun/marlin/DRendererContext$DRendererSharedMemory
instanceKlass com/sun/marlin/IntArrayCache$Reference
instanceKlass com/sun/marlin/DHelpers$IndexStack
instanceKlass com/sun/marlin/DTransformingPathConsumer2D$PathClipFilter
instanceKlass com/sun/marlin/ByteArrayCache$Reference
instanceKlass com/sun/marlin/DoubleArrayCache$Reference
instanceKlass com/sun/marlin/DHelpers$PolyStack
instanceKlass com/sun/marlin/DTransformingPathConsumer2D$ClosedPathDetector
instanceKlass com/sun/marlin/DTransformingPathConsumer2D$PathTracer
instanceKlass com/sun/marlin/DTransformingPathConsumer2D$DeltaTransformFilter
instanceKlass com/sun/marlin/DTransformingPathConsumer2D$DeltaScaleFilter
instanceKlass com/sun/marlin/DTransformingPathConsumer2D$Path2DWrapper
instanceKlass com/sun/marlin/DTransformingPathConsumer2D
instanceKlass com/sun/marlin/DTransformingPathConsumer2D$CurveClipSplitter
instanceKlass com/sun/marlin/DTransformingPathConsumer2D$CurveBasicMonotonizer
instanceKlass com/sun/marlin/ByteArrayCache
instanceKlass com/sun/marlin/DoubleArrayCache
instanceKlass com/sun/marlin/IntArrayCache
instanceKlass com/sun/marlin/DPathSimplifier
instanceKlass com/sun/marlin/DCollinearSimplifier
instanceKlass com/sun/marlin/DCurve
instanceKlass  @bci com/sun/marlin/DMarlinRenderingEngine logSettings (Ljava/lang/String;)V 447 <appendix> form vmentry <vmtarget> ; # java/lang/invoke/LambdaForm$MH+0x00000000262e8400
instanceKlass sun/misc/Unsafe
instanceKlass com/sun/marlin/OffHeapArray$1
instanceKlass com/sun/marlin/OffHeapArray
instanceKlass jdk/internal/math/ToDecimal
instanceKlass  @bci com/sun/marlin/DMarlinRenderingEngine logSettings (Ljava/lang/String;)V 272 <appendix> form vmentry <vmtarget> ; # java/lang/invoke/LambdaForm$MH+0x00000000262e8000
instanceKlass  @bci com/sun/marlin/MarlinProperties getDouble (Ljava/lang/String;DDD)D 4 <appendix> member <vmtarget> ; # com/sun/marlin/MarlinProperties$$Lambda+0x00000000262e6fc0
instanceKlass com/sun/marlin/Version
instanceKlass jdk/internal/ref/CleanerImpl$InnocuousThreadFactory
instanceKlass  @bci com/sun/marlin/MarlinProperties getString (Ljava/lang/String;Ljava/lang/String;)Ljava/lang/String; 2 <appendix> member <vmtarget> ; # com/sun/marlin/MarlinProperties$$Lambda+0x00000000262e6b80
instanceKlass com/sun/marlin/FloatMath
instanceKlass  @bci com/sun/marlin/MarlinProperties getInteger (Ljava/lang/String;III)I 1 <appendix> member <vmtarget> ; # com/sun/marlin/MarlinProperties$$Lambda+0x00000000262e6740
instanceKlass com/sun/marlin/MarlinUtils
instanceKlass com/sun/marlin/DRenderer
instanceKlass com/sun/marlin/DMarlinRenderer
instanceKlass com/sun/marlin/DPathConsumer2D
instanceKlass  @bci com/sun/marlin/DMarlinRenderingEngine <clinit> ()V 6 <appendix> argL0 ; # com/sun/marlin/DMarlinRenderingEngine$$Lambda+0x00000000262e57b8
instanceKlass  @bci com/sun/marlin/MarlinProperties getBoolean (Ljava/lang/String;Ljava/lang/String;)Z 2 <appendix> member <vmtarget> ; # com/sun/marlin/MarlinProperties$$Lambda+0x00000000262e5588
instanceKlass com/sun/marlin/MarlinProperties
instanceKlass com/sun/util/reentrant/ReentrantContext
instanceKlass com/sun/util/reentrant/ReentrantContextProvider
instanceKlass com/sun/marlin/DMarlinRenderingEngine
instanceKlass com/sun/marlin/MarlinConst
instanceKlass com/sun/prism/impl/shape/MaskData
instanceKlass com/sun/marlin/MarlinAlphaConsumer
instanceKlass com/sun/openpisces/AlphaConsumer
instanceKlass com/sun/prism/impl/shape/DMarlinRasterizer
instanceKlass com/sun/prism/impl/shape/ShapeUtil$1
instanceKlass com/sun/prism/impl/shape/ShapeRasterizer
instanceKlass com/sun/prism/impl/shape/ShapeUtil
instanceKlass  @bci com/sun/prism/impl/BufferUtil nativeOrder (Ljava/nio/ByteBuffer;)V 12 <appendix> argL0 ; # com/sun/prism/impl/BufferUtil$$Lambda+0x00000000262e2b10
instanceKlass com/sun/prism/impl/BufferUtil
instanceKlass com/sun/prism/shader/FillRoundRect_Color_Loader
instanceKlass com/sun/scenario/effect/impl/prism/PrEffectHelper
instanceKlass com/sun/javafx/geom/transform/AffineBase$1
instanceKlass  @bci com/sun/scenario/effect/ImageData <clinit> ()V 0 <appendix> argL0 ; # com/sun/scenario/effect/ImageData$$Lambda+0x00000000262e20a8
instanceKlass com/sun/scenario/effect/impl/prism/ps/PPSRenderer$1
instanceKlass  @bci com/sun/scenario/effect/impl/ImagePool <clinit> ()V 0 <appendix> argL0 ; # com/sun/scenario/effect/impl/ImagePool$$Lambda+0x00000000262e16e0
instanceKlass com/sun/scenario/effect/impl/ImagePool
instanceKlass com/sun/scenario/effect/impl/hw/d3d/D3DShaderSource
instanceKlass com/sun/scenario/effect/impl/hw/ShaderSource
instanceKlass com/sun/scenario/effect/FloatMap
instanceKlass com/sun/scenario/effect/ImageData
instanceKlass com/sun/scenario/effect/impl/EffectPeer
instanceKlass com/sun/prism/ResourceFactoryListener
instanceKlass com/sun/prism/d3d/D3DPipeline$1
instanceKlass com/sun/scenario/effect/impl/prism/PrTexture
instanceKlass com/sun/scenario/effect/impl/PoolFilterable
instanceKlass  @bci com/sun/scenario/effect/impl/RendererFactory createRenderer (Lcom/sun/scenario/effect/FilterContext;)Lcom/sun/scenario/effect/impl/Renderer; 1 <appendix> member <vmtarget> ; # com/sun/scenario/effect/impl/RendererFactory$$Lambda+0x00000000262de2e8
instanceKlass com/sun/scenario/effect/impl/RendererFactory
instanceKlass  @bci com/sun/scenario/effect/impl/Renderer <clinit> ()V 11 <appendix> argL0 ; # com/sun/scenario/effect/impl/Renderer$$Lambda+0x00000000262ddeb0
instanceKlass com/sun/scenario/effect/impl/Renderer
instanceKlass com/sun/javafx/geom/transform/Affine2D$1
instanceKlass java/lang/FdLibm$Acos
instanceKlass com/sun/prism/PrinterGraphics
instanceKlass com/sun/prism/shader/Solid_TextureRGB_Loader
instanceKlass com/sun/prism/impl/ps/BaseShaderContext$1
instanceKlass com/sun/prism/MultiTexture
instanceKlass com/sun/prism/d3d/D3DContext$1
instanceKlass com/sun/prism/shader/FillPgram_Color_Loader
instanceKlass  @bci com/sun/prism/d3d/D3DResourceFactory createStockShader (Ljava/lang/String;)Lcom/sun/prism/ps/Shader; 15 <appendix> member <vmtarget> ; # com/sun/prism/d3d/D3DResourceFactory$$Lambda+0x00000000262dc778
instanceKlass com/sun/javafx/sg/prism/RegionImageCache$CachedImage
instanceKlass com/sun/prism/impl/packrect/Level
instanceKlass com/sun/prism/impl/packrect/RectanglePacker
instanceKlass com/sun/prism/impl/BaseResourceFactory$1
instanceKlass com/sun/javafx/sg/prism/RegionImageCache
instanceKlass com/sun/javafx/geom/transform/Affine3D$1
instanceKlass com/sun/prism/impl/BaseGraphicsResource
instanceKlass  @bci com/sun/prism/impl/ps/BaseShaderGraphics <clinit> ()V 30 <appendix> argL0 ; # com/sun/prism/impl/ps/BaseShaderGraphics$$Lambda+0x00000000262da7e0
instanceKlass com/sun/prism/impl/Disposer$Target
instanceKlass com/sun/prism/impl/Disposer
instanceKlass com/sun/prism/impl/PrismTrace
instanceKlass com/sun/prism/d3d/D3DResource$D3DRecord
instanceKlass com/sun/prism/impl/Disposer$Record
instanceKlass com/sun/prism/impl/BaseTexture
instanceKlass com/sun/prism/d3d/D3DContextSource
instanceKlass com/sun/prism/ReadbackRenderTarget
instanceKlass com/sun/prism/d3d/D3DRenderTarget
instanceKlass com/sun/prism/impl/BaseResourcePool$WeakLinkedList
instanceKlass  @bci com/sun/prism/impl/BaseResourcePool <clinit> ()V 105 <appendix> argL0 ; # com/sun/prism/impl/BaseResourcePool$$Lambda+0x00000000262d7150
instanceKlass  @bci com/sun/prism/impl/BaseResourcePool <clinit> ()V 88 <appendix> argL0 ; # com/sun/prism/impl/BaseResourcePool$$Lambda+0x00000000262d6f28
instanceKlass  @bci com/sun/prism/impl/BaseResourcePool <clinit> ()V 71 <appendix> argL0 ; # com/sun/prism/impl/BaseResourcePool$$Lambda+0x00000000262d6d00
instanceKlass  @bci javafx/animation/Animation$1 timePulse (J)V 39 <adapter> ; # java/lang/invoke/LambdaForm$MH+0x00000000262d5000
instanceKlass  @bci com/sun/prism/impl/BaseResourcePool <clinit> ()V 54 <appendix> argL0 ; # com/sun/prism/impl/BaseResourcePool$$Lambda+0x00000000262d6ad8
instanceKlass  @bci com/sun/prism/impl/BaseResourcePool <clinit> ()V 37 <appendix> argL0 ; # com/sun/prism/impl/BaseResourcePool$$Lambda+0x00000000262d68b0
instanceKlass  @bci com/sun/prism/impl/BaseResourcePool <clinit> ()V 20 <appendix> argL0 ; # com/sun/prism/impl/BaseResourcePool$$Lambda+0x00000000262d6688
instanceKlass  @bci javafx/animation/Animation$1 timePulse (J)V 39 <appendix> form vmentry <vmtarget> ; # java/lang/invoke/LambdaForm$DMH+0x00000000262d4c00
instanceKlass  @cpi com/sun/prism/impl/BaseResourcePool 350 form vmentry <vmtarget> ; # java/lang/invoke/LambdaForm$DMH+0x00000000262d4800
instanceKlass  @bci javafx/animation/Animation$1 timePulse (J)V 39 <appendix> member <vmtarget> ; # javafx/animation/Animation$1$$Lambda+0x00000000262d6458
instanceKlass com/sun/prism/impl/ManagedResource
instanceKlass com/sun/prism/impl/BaseResourcePool$Predicate
instanceKlass  @bci com/sun/scenario/animation/AnimationPulse$PulseData <clinit> ()V 56 <appendix> argL0 ; # com/sun/scenario/animation/AnimationPulse$PulseData$$Lambda+0x00000000262d3a50
instanceKlass  @bci com/sun/scenario/animation/AnimationPulse$PulseData <clinit> ()V 48 <appendix> argL0 ; # com/sun/scenario/animation/AnimationPulse$PulseData$$Lambda+0x00000000262d3828
instanceKlass  @bci com/sun/scenario/animation/AnimationPulse$PulseData <clinit> ()V 40 <appendix> argL0 ; # com/sun/scenario/animation/AnimationPulse$PulseData$$Lambda+0x00000000262d3600
instanceKlass com/sun/prism/impl/BaseResourcePool
instanceKlass  @bci com/sun/scenario/animation/AnimationPulse$PulseData <clinit> ()V 32 <appendix> argL0 ; # com/sun/scenario/animation/AnimationPulse$PulseData$$Lambda+0x00000000262d2df0
instanceKlass  @bci com/sun/scenario/animation/AnimationPulse$PulseData <clinit> ()V 24 <appendix> argL0 ; # com/sun/scenario/animation/AnimationPulse$PulseData$$Lambda+0x00000000262d2bc8
instanceKlass  @bci com/sun/scenario/animation/AnimationPulse$PulseData <clinit> ()V 16 <appendix> argL0 ; # com/sun/scenario/animation/AnimationPulse$PulseData$$Lambda+0x00000000262d29a0
instanceKlass  @bci com/sun/scenario/animation/AnimationPulse$PulseData <clinit> ()V 8 <appendix> argL0 ; # com/sun/scenario/animation/AnimationPulse$PulseData$$Lambda+0x00000000262d2778
instanceKlass  @bci com/sun/scenario/animation/AnimationPulse$PulseData <clinit> ()V 0 <appendix> argL0 ; # com/sun/scenario/animation/AnimationPulse$PulseData$$Lambda+0x00000000262d2100
instanceKlass  @cpi com/sun/scenario/animation/AnimationPulse$PulseData 132 form vmentry <vmtarget> ; # java/lang/invoke/LambdaForm$DMH+0x00000000262d4400
# instanceKlass java/lang/invoke/LambdaForm$DMH+0x00000000262d4000
instanceKlass com/sun/scenario/animation/AnimationPulse$PulseData
instanceKlass com/sun/scenario/animation/AnimationPulse$PulseData$Accessor
instanceKlass java/util/concurrent/ConcurrentLinkedQueue$Node
instanceKlass com/sun/scenario/animation/AnimationPulse$AnimationPulseHolder
instanceKlass com/sun/scenario/animation/AnimationPulse
instanceKlass com/sun/scenario/animation/AnimationPulseMBean
instanceKlass com/sun/glass/ui/Size
instanceKlass com/sun/javafx/tk/quantum/CursorUtils$1
instanceKlass com/sun/javafx/tk/quantum/CursorUtils
instanceKlass com/sun/prism/image/CompoundImage
instanceKlass com/sun/scenario/effect/GaussianShadow$1
instanceKlass com/sun/javafx/tk/Toolkit$1
instanceKlass com/sun/scenario/effect/Color4f
instanceKlass com/sun/javafx/geom/Path2D$SVGParser
instanceKlass com/sun/javafx/sg/prism/EffectFilter
instanceKlass com/sun/scenario/effect/impl/state/LinearConvolveRenderState
instanceKlass com/sun/scenario/effect/impl/state/LinearConvolveKernel
instanceKlass com/sun/scenario/effect/impl/state/RenderState
instanceKlass com/sun/javafx/sg/prism/CacheFilter
instanceKlass  @bci com/sun/javafx/tk/quantum/ViewScene setCursor (Ljava/lang/Object;)V 7 <appendix> member <vmtarget> ; # com/sun/javafx/tk/quantum/ViewScene$$Lambda+0x00000000262c9e40
instanceKlass javafx/scene/effect/Effect$2
instanceKlass com/sun/javafx/geometry/BoundsUtils
instanceKlass javafx/scene/control/TextInputControl$TextInputControlFromatterAccessor
instanceKlass javafx/animation/Animation$5
instanceKlass com/sun/javafx/scene/traversal/TabOrderHelper
instanceKlass  @bci com/sun/javafx/tk/Toolkit runPulse (Lcom/sun/javafx/tk/TKPulseListener;Ljava/security/AccessControlContext;)V 15 <appendix> member <vmtarget> ; # com/sun/javafx/tk/Toolkit$$Lambda+0x00000000262c8b68
instanceKlass com/sun/javafx/collections/VetoableListDecorator$ModCountAccessorImpl
instanceKlass com/sun/javafx/collections/VetoableListDecorator$VetoableIteratorDecorator
instanceKlass  @bci com/sun/javafx/tk/Toolkit notifyWindowListeners (Ljava/util/List;)V 74 <appendix> member <vmtarget> ; # com/sun/javafx/tk/Toolkit$$Lambda+0x00000000262c8460
instanceKlass  @bci com/sun/javafx/tk/quantum/WindowStage setVisible (Z)V 102 <appendix> form vmentry <vmtarget> ; # java/lang/invoke/LambdaForm$DMH+0x00000000262cc000
instanceKlass  @bci com/sun/javafx/tk/quantum/WindowStage setVisible (Z)V 102 <appendix> member <vmtarget> ; # com/sun/javafx/tk/quantum/WindowStage$$Lambda+0x00000000262c8230
instanceKlass  @bci com/sun/javafx/tk/quantum/GlassViewEventHandler$ViewEventNotification run ()Ljava/lang/Void; 305 <appendix> member <vmtarget> ; # com/sun/javafx/tk/quantum/GlassViewEventHandler$ViewEventNotification$$Lambda+0x00000000262c8000
instanceKlass java/text/BreakIterator$BreakIteratorCache
instanceKlass sun/util/locale/provider/BreakIteratorProviderImpl$CharacterIteratorCharSequence
instanceKlass java/text/StringCharacterIterator
instanceKlass sun/util/resources/provider/NonBaseLocaleDataMetaInfo
instanceKlass sun/util/locale/provider/BaseLocaleDataMetaInfo
instanceKlass java/text/BreakIterator
instanceKlass javafx/scene/text/HitInfo
instanceKlass com/sun/javafx/scene/text/TextLayout$Hit
instanceKlass  @bci javafx/scene/control/skin/TableColumnHeader <init> (Ljavafx/scene/control/TableColumnBase;)V 303 <appendix> member <vmtarget> ; # javafx/scene/control/skin/TableColumnHeader$$Lambda+0x00000000262c5900
instanceKlass  @bci javafx/scene/control/skin/TableColumnHeader <init> (Ljavafx/scene/control/TableColumnBase;)V 285 <appendix> member <vmtarget> ; # javafx/scene/control/skin/TableColumnHeader$$Lambda+0x00000000262c56c0
instanceKlass  @bci javafx/scene/control/skin/TableColumnHeader <init> (Ljavafx/scene/control/TableColumnBase;)V 267 <appendix> member <vmtarget> ; # javafx/scene/control/skin/TableColumnHeader$$Lambda+0x00000000262c5480
instanceKlass  @bci javafx/scene/control/skin/TableColumnHeader <init> (Ljavafx/scene/control/TableColumnBase;)V 250 <appendix> member <vmtarget> ; # javafx/scene/control/skin/TableColumnHeader$$Lambda+0x00000000262c5240
instanceKlass  @bci javafx/scene/control/skin/TableColumnHeader <init> (Ljavafx/scene/control/TableColumnBase;)V 233 <appendix> member <vmtarget> ; # javafx/scene/control/skin/TableColumnHeader$$Lambda+0x00000000262c5000
instanceKlass  @bci javafx/scene/control/skin/TableColumnHeader <init> (Ljavafx/scene/control/TableColumnBase;)V 216 <appendix> member <vmtarget> ; # javafx/scene/control/skin/TableColumnHeader$$Lambda+0x00000000262c7bb0
instanceKlass  @bci javafx/scene/control/skin/TableColumnHeader <init> (Ljavafx/scene/control/TableColumnBase;)V 199 <appendix> member <vmtarget> ; # javafx/scene/control/skin/TableColumnHeader$$Lambda+0x00000000262c7970
instanceKlass  @bci javafx/scene/control/skin/TableColumnHeader <init> (Ljavafx/scene/control/TableColumnBase;)V 181 <appendix> member <vmtarget> ; # javafx/scene/control/skin/TableColumnHeader$$Lambda+0x00000000262c7730
instanceKlass  @bci javafx/scene/control/skin/TableColumnHeader initUI ()V 23 <appendix> argL0 ; # javafx/scene/control/skin/TableColumnHeader$$Lambda+0x00000000262c7508
instanceKlass jdk/internal/util/DateTimeHelper
instanceKlass  @bci javafx/scene/control/skin/VirtualFlow getCell (I)Ljavafx/scene/control/IndexedCell; 174 <appendix> member <vmtarget> ; # javafx/scene/control/skin/VirtualFlow$$Lambda+0x00000000262c6af8
instanceKlass javafx/scene/control/skin/CellSkinBase$StyleableProperties
instanceKlass  @bci javafx/scene/control/skin/ListCellSkin setupListeners ()V 71 <appendix> member <vmtarget> ; # javafx/scene/control/skin/ListCellSkin$$Lambda+0x00000000262c6460
instanceKlass  @bci com/sun/javafx/scene/control/behavior/CellBehaviorBase <init> (Ljavafx/scene/control/Cell;)V 75 <appendix> member <vmtarget> ; # com/sun/javafx/scene/control/behavior/CellBehaviorBase$$Lambda+0x00000000262c6230
instanceKlass  @bci com/sun/javafx/scene/control/behavior/CellBehaviorBase <init> (Ljavafx/scene/control/Cell;)V 54 <appendix> member <vmtarget> ; # com/sun/javafx/scene/control/behavior/CellBehaviorBase$$Lambda+0x00000000262c6000
instanceKlass  @bci com/sun/javafx/scene/control/behavior/CellBehaviorBase <init> (Ljavafx/scene/control/Cell;)V 33 <appendix> member <vmtarget> ; # com/sun/javafx/scene/control/behavior/CellBehaviorBase$$Lambda+0x00000000262c3cf0
instanceKlass com/sun/javafx/tk/FontMetrics
instanceKlass com/sun/javafx/font/PrismFontUtils
instanceKlass com/sun/javafx/scene/control/behavior/TextBinding
instanceKlass javafx/scene/layout/Region$12
# instanceKlass java/lang/invoke/LambdaForm$MH+0x00000000262c4c00
instanceKlass com/sun/javafx/text/ScriptMapper
# instanceKlass java/lang/invoke/LambdaForm$MH+0x00000000262c4800
# instanceKlass java/lang/invoke/LambdaForm$MH+0x00000000262c4400
# instanceKlass java/lang/invoke/LambdaForm$MH+0x00000000262c4000
instanceKlass jdk/internal/icu/text/BidiLine
instanceKlass jdk/internal/icu/text/UTF16
instanceKlass jdk/internal/icu/impl/Trie2$UTrie2Header
instanceKlass jdk/internal/icu/impl/Trie2$1
instanceKlass jdk/internal/icu/impl/Trie2$ValueMapper
instanceKlass jdk/internal/icu/impl/Trie2
instanceKlass jdk/internal/icu/impl/UBiDiProps$IsAcceptable
instanceKlass jdk/internal/icu/impl/ICUBinary$Authenticate
instanceKlass jdk/internal/icu/impl/ICUBinary
instanceKlass jdk/internal/icu/impl/UBiDiProps
instanceKlass jdk/internal/icu/text/BidiBase$Point
instanceKlass jdk/internal/icu/text/BidiBase$InsertPoints
instanceKlass jdk/internal/icu/text/BidiRun
instanceKlass jdk/internal/icu/text/BidiBase$ImpTabPair
instanceKlass jdk/internal/icu/text/BidiBase
instanceKlass java/text/Bidi
instanceKlass javafx/scene/Parent$5
instanceKlass javafx/scene/image/ImageView$StyleableProperties
instanceKlass  @bci javafx/scene/control/skin/TableViewSkin <init> (Ljavafx/scene/control/TableView;)V 238 <appendix> member <vmtarget> ; # javafx/scene/control/skin/TableViewSkin$$Lambda+0x00000000262c1180
instanceKlass  @bci javafx/scene/control/skin/TableViewSkin <init> (Ljavafx/scene/control/TableView;)V 224 <appendix> member <vmtarget> ; # javafx/scene/control/skin/TableViewSkin$$Lambda+0x00000000262c0f50
instanceKlass  @bci javafx/scene/control/skin/TableViewSkin <init> (Ljavafx/scene/control/TableView;)V 211 <appendix> member <vmtarget> ; # javafx/scene/control/skin/TableViewSkin$$Lambda+0x00000000262c0d20
instanceKlass  @bci javafx/scene/control/skin/TableViewSkin <init> (Ljavafx/scene/control/TableView;)V 198 <appendix> member <vmtarget> ; # javafx/scene/control/skin/TableViewSkin$$Lambda+0x00000000262c0af0
instanceKlass  @bci javafx/scene/control/skin/TableViewSkin <init> (Ljavafx/scene/control/TableView;)V 185 <appendix> member <vmtarget> ; # javafx/scene/control/skin/TableViewSkin$$Lambda+0x00000000262c08c0
instanceKlass  @bci javafx/scene/control/skin/TableViewSkin <init> (Ljavafx/scene/control/TableView;)V 172 <appendix> member <vmtarget> ; # javafx/scene/control/skin/TableViewSkin$$Lambda+0x00000000262c0690
instanceKlass  @bci javafx/scene/control/skin/TableViewSkin <init> (Ljavafx/scene/control/TableView;)V 159 <appendix> member <vmtarget> ; # javafx/scene/control/skin/TableViewSkin$$Lambda+0x00000000262c0460
instanceKlass  @bci javafx/scene/control/skin/TableViewSkin <init> (Ljavafx/scene/control/TableView;)V 146 <appendix> member <vmtarget> ; # javafx/scene/control/skin/TableViewSkin$$Lambda+0x00000000262c0230
instanceKlass  @bci javafx/scene/control/skin/TableViewSkin <init> (Ljavafx/scene/control/TableView;)V 133 <appendix> member <vmtarget> ; # javafx/scene/control/skin/TableViewSkin$$Lambda+0x00000000262c0000
instanceKlass  @bci javafx/scene/control/skin/TableViewSkin <init> (Ljavafx/scene/control/TableView;)V 120 <appendix> member <vmtarget> ; # javafx/scene/control/skin/TableViewSkin$$Lambda+0x00000000262bfd58
instanceKlass  @bci javafx/scene/control/skin/TableViewSkin <init> (Ljavafx/scene/control/TableView;)V 107 <appendix> member <vmtarget> ; # javafx/scene/control/skin/TableViewSkin$$Lambda+0x00000000262bfb28
instanceKlass  @bci javafx/scene/control/skin/TableViewSkin <init> (Ljavafx/scene/control/TableView;)V 94 <appendix> member <vmtarget> ; # javafx/scene/control/skin/TableViewSkin$$Lambda+0x00000000262bf8f8
instanceKlass  @bci javafx/scene/control/skin/TableViewSkin <init> (Ljavafx/scene/control/TableView;)V 81 <appendix> member <vmtarget> ; # javafx/scene/control/skin/TableViewSkin$$Lambda+0x00000000262bf6c8
instanceKlass  @bci javafx/scene/control/skin/TableViewSkin <init> (Ljavafx/scene/control/TableView;)V 42 <appendix> member <vmtarget> ; # javafx/scene/control/skin/TableViewSkin$$Lambda+0x00000000262bf498
instanceKlass  @bci javafx/scene/control/skin/TableViewSkin <init> (Ljavafx/scene/control/TableView;)V 33 <appendix> member <vmtarget> ; # javafx/scene/control/skin/TableViewSkin$$Lambda+0x00000000262bf268
instanceKlass  @bci com/sun/javafx/scene/control/behavior/TableViewBehavior <init> (Ljavafx/scene/control/TableView;)V 7 <appendix> member <vmtarget> ; # com/sun/javafx/scene/control/behavior/TableViewBehavior$$Lambda+0x00000000262be6f8
instanceKlass  @bci com/sun/javafx/scene/control/behavior/TableViewBehaviorBase <init> (Ljavafx/scene/control/Control;)V 1778 <appendix> member <vmtarget> ; # com/sun/javafx/scene/control/behavior/TableViewBehaviorBase$$Lambda+0x00000000262be4c8
instanceKlass  @bci com/sun/javafx/scene/control/behavior/TableViewBehaviorBase <init> (Ljavafx/scene/control/Control;)V 1743 <appendix> argL0 ; # com/sun/javafx/scene/control/behavior/TableViewBehaviorBase$$Lambda+0x00000000262be270
instanceKlass  @bci com/sun/javafx/scene/control/behavior/TableViewBehaviorBase <init> (Ljavafx/scene/control/Control;)V 1709 <appendix> member <vmtarget> ; # com/sun/javafx/scene/control/behavior/TableViewBehaviorBase$$Lambda+0x00000000262be040
instanceKlass  @bci com/sun/javafx/scene/control/behavior/TableViewBehaviorBase <init> (Ljavafx/scene/control/Control;)V 1671 <appendix> argL0 ; # com/sun/javafx/scene/control/behavior/TableViewBehaviorBase$$Lambda+0x00000000262bdde8
instanceKlass  @bci com/sun/javafx/scene/control/behavior/TableViewBehaviorBase <init> (Ljavafx/scene/control/Control;)V 1637 <appendix> member <vmtarget> ; # com/sun/javafx/scene/control/behavior/TableViewBehaviorBase$$Lambda+0x00000000262bdbb8
instanceKlass  @bci com/sun/javafx/scene/control/behavior/TableViewBehaviorBase <init> (Ljavafx/scene/control/Control;)V 1615 <appendix> member <vmtarget> ; # com/sun/javafx/scene/control/behavior/TableViewBehaviorBase$$Lambda+0x00000000262bd988
instanceKlass  @bci com/sun/javafx/scene/control/behavior/TableViewBehaviorBase <init> (Ljavafx/scene/control/Control;)V 1595 <appendix> member <vmtarget> ; # com/sun/javafx/scene/control/behavior/TableViewBehaviorBase$$Lambda+0x00000000262bd758
instanceKlass  @bci com/sun/javafx/scene/control/behavior/TableViewBehaviorBase <init> (Ljavafx/scene/control/Control;)V 1575 <appendix> member <vmtarget> ; # com/sun/javafx/scene/control/behavior/TableViewBehaviorBase$$Lambda+0x00000000262bd528
instanceKlass  @bci com/sun/javafx/scene/control/behavior/TableViewBehaviorBase <init> (Ljavafx/scene/control/Control;)V 1553 <appendix> member <vmtarget> ; # com/sun/javafx/scene/control/behavior/TableViewBehaviorBase$$Lambda+0x00000000262bd2f8
instanceKlass  @bci com/sun/javafx/scene/control/behavior/TableViewBehaviorBase <init> (Ljavafx/scene/control/Control;)V 1533 <appendix> member <vmtarget> ; # com/sun/javafx/scene/control/behavior/TableViewBehaviorBase$$Lambda+0x00000000262bd0c8
instanceKlass  @bci com/sun/javafx/scene/control/behavior/TableViewBehaviorBase <init> (Ljavafx/scene/control/Control;)V 1500 <appendix> member <vmtarget> ; # com/sun/javafx/scene/control/behavior/TableViewBehaviorBase$$Lambda+0x00000000262bce98
instanceKlass  @bci com/sun/javafx/scene/control/behavior/TableViewBehaviorBase <init> (Ljavafx/scene/control/Control;)V 1467 <appendix> member <vmtarget> ; # com/sun/javafx/scene/control/behavior/TableViewBehaviorBase$$Lambda+0x00000000262bcc68
instanceKlass  @bci com/sun/javafx/scene/control/behavior/TableViewBehaviorBase <init> (Ljavafx/scene/control/Control;)V 1434 <appendix> member <vmtarget> ; # com/sun/javafx/scene/control/behavior/TableViewBehaviorBase$$Lambda+0x00000000262bca38
instanceKlass  @bci com/sun/javafx/scene/control/behavior/TableViewBehaviorBase <init> (Ljavafx/scene/control/Control;)V 1401 <appendix> member <vmtarget> ; # com/sun/javafx/scene/control/behavior/TableViewBehaviorBase$$Lambda+0x00000000262bc808
instanceKlass  @bci com/sun/javafx/scene/control/behavior/TableViewBehaviorBase <init> (Ljavafx/scene/control/Control;)V 1368 <appendix> member <vmtarget> ; # com/sun/javafx/scene/control/behavior/TableViewBehaviorBase$$Lambda+0x00000000262bc5d8
instanceKlass  @bci com/sun/javafx/scene/control/behavior/TableViewBehaviorBase <init> (Ljavafx/scene/control/Control;)V 1335 <appendix> member <vmtarget> ; # com/sun/javafx/scene/control/behavior/TableViewBehaviorBase$$Lambda+0x00000000262bc3a8
instanceKlass  @bci com/sun/javafx/scene/control/behavior/TableViewBehaviorBase <init> (Ljavafx/scene/control/Control;)V 1302 <appendix> member <vmtarget> ; # com/sun/javafx/scene/control/behavior/TableViewBehaviorBase$$Lambda+0x00000000262bc178
instanceKlass  @bci com/sun/javafx/scene/control/behavior/TableViewBehaviorBase <init> (Ljavafx/scene/control/Control;)V 1269 <appendix> member <vmtarget> ; # com/sun/javafx/scene/control/behavior/TableViewBehaviorBase$$Lambda+0x00000000262bbf48
instanceKlass  @bci com/sun/javafx/scene/control/behavior/TableViewBehaviorBase <init> (Ljavafx/scene/control/Control;)V 1239 <appendix> member <vmtarget> ; # com/sun/javafx/scene/control/behavior/TableViewBehaviorBase$$Lambda+0x00000000262bbd18
instanceKlass  @bci com/sun/javafx/scene/control/behavior/TableViewBehaviorBase <init> (Ljavafx/scene/control/Control;)V 1209 <appendix> member <vmtarget> ; # com/sun/javafx/scene/control/behavior/TableViewBehaviorBase$$Lambda+0x00000000262bbae8
instanceKlass  @bci com/sun/javafx/scene/control/behavior/TableViewBehaviorBase <init> (Ljavafx/scene/control/Control;)V 1179 <appendix> member <vmtarget> ; # com/sun/javafx/scene/control/behavior/TableViewBehaviorBase$$Lambda+0x00000000262bb8b8
instanceKlass  @bci com/sun/javafx/scene/control/behavior/TableViewBehaviorBase <init> (Ljavafx/scene/control/Control;)V 1149 <appendix> member <vmtarget> ; # com/sun/javafx/scene/control/behavior/TableViewBehaviorBase$$Lambda+0x00000000262bb688
instanceKlass  @bci com/sun/javafx/scene/control/behavior/TableViewBehaviorBase <init> (Ljavafx/scene/control/Control;)V 1119 <appendix> member <vmtarget> ; # com/sun/javafx/scene/control/behavior/TableViewBehaviorBase$$Lambda+0x00000000262bb458
instanceKlass  @bci com/sun/javafx/scene/control/behavior/TableViewBehaviorBase <init> (Ljavafx/scene/control/Control;)V 1089 <appendix> member <vmtarget> ; # com/sun/javafx/scene/control/behavior/TableViewBehaviorBase$$Lambda+0x00000000262bb228
instanceKlass  @bci com/sun/javafx/scene/control/behavior/TableViewBehaviorBase <init> (Ljavafx/scene/control/Control;)V 1059 <appendix> member <vmtarget> ; # com/sun/javafx/scene/control/behavior/TableViewBehaviorBase$$Lambda+0x00000000262baff8
instanceKlass  @bci com/sun/javafx/scene/control/behavior/TableViewBehaviorBase <init> (Ljavafx/scene/control/Control;)V 1029 <appendix> member <vmtarget> ; # com/sun/javafx/scene/control/behavior/TableViewBehaviorBase$$Lambda+0x00000000262badc8
instanceKlass  @bci com/sun/javafx/scene/control/behavior/TableViewBehaviorBase <init> (Ljavafx/scene/control/Control;)V 999 <appendix> member <vmtarget> ; # com/sun/javafx/scene/control/behavior/TableViewBehaviorBase$$Lambda+0x00000000262bab98
instanceKlass  @bci com/sun/javafx/scene/control/behavior/TableViewBehaviorBase <init> (Ljavafx/scene/control/Control;)V 969 <appendix> member <vmtarget> ; # com/sun/javafx/scene/control/behavior/TableViewBehaviorBase$$Lambda+0x00000000262ba968
instanceKlass  @bci com/sun/javafx/scene/control/behavior/TableViewBehaviorBase <init> (Ljavafx/scene/control/Control;)V 939 <appendix> member <vmtarget> ; # com/sun/javafx/scene/control/behavior/TableViewBehaviorBase$$Lambda+0x00000000262ba738
instanceKlass  @bci com/sun/javafx/scene/control/behavior/TableViewBehaviorBase <init> (Ljavafx/scene/control/Control;)V 909 <appendix> member <vmtarget> ; # com/sun/javafx/scene/control/behavior/TableViewBehaviorBase$$Lambda+0x00000000262ba508
instanceKlass  @bci com/sun/javafx/scene/control/behavior/TableViewBehaviorBase <init> (Ljavafx/scene/control/Control;)V 879 <appendix> member <vmtarget> ; # com/sun/javafx/scene/control/behavior/TableViewBehaviorBase$$Lambda+0x00000000262ba2d8
instanceKlass  @bci com/sun/javafx/scene/control/behavior/TableViewBehaviorBase <init> (Ljavafx/scene/control/Control;)V 849 <appendix> member <vmtarget> ; # com/sun/javafx/scene/control/behavior/TableViewBehaviorBase$$Lambda+0x00000000262ba0a8
instanceKlass  @bci com/sun/javafx/scene/control/behavior/TableViewBehaviorBase <init> (Ljavafx/scene/control/Control;)V 819 <appendix> member <vmtarget> ; # com/sun/javafx/scene/control/behavior/TableViewBehaviorBase$$Lambda+0x00000000262b9e78
instanceKlass  @bci com/sun/javafx/scene/control/behavior/TableViewBehaviorBase <init> (Ljavafx/scene/control/Control;)V 786 <appendix> member <vmtarget> ; # com/sun/javafx/scene/control/behavior/TableViewBehaviorBase$$Lambda+0x00000000262b9c48
instanceKlass  @bci com/sun/javafx/scene/control/behavior/TableViewBehaviorBase <init> (Ljavafx/scene/control/Control;)V 756 <appendix> member <vmtarget> ; # com/sun/javafx/scene/control/behavior/TableViewBehaviorBase$$Lambda+0x00000000262b9a18
instanceKlass  @bci com/sun/javafx/scene/control/behavior/TableViewBehaviorBase <init> (Ljavafx/scene/control/Control;)V 726 <appendix> member <vmtarget> ; # com/sun/javafx/scene/control/behavior/TableViewBehaviorBase$$Lambda+0x00000000262b97e8
instanceKlass  @bci com/sun/javafx/scene/control/behavior/TableViewBehaviorBase <init> (Ljavafx/scene/control/Control;)V 696 <appendix> member <vmtarget> ; # com/sun/javafx/scene/control/behavior/TableViewBehaviorBase$$Lambda+0x00000000262b95b8
instanceKlass  @bci com/sun/javafx/scene/control/behavior/TableViewBehaviorBase <init> (Ljavafx/scene/control/Control;)V 666 <appendix> member <vmtarget> ; # com/sun/javafx/scene/control/behavior/TableViewBehaviorBase$$Lambda+0x00000000262b9388
instanceKlass  @bci com/sun/javafx/scene/control/behavior/TableViewBehaviorBase <init> (Ljavafx/scene/control/Control;)V 636 <appendix> member <vmtarget> ; # com/sun/javafx/scene/control/behavior/TableViewBehaviorBase$$Lambda+0x00000000262b9158
instanceKlass  @bci com/sun/javafx/scene/control/behavior/TableViewBehaviorBase <init> (Ljavafx/scene/control/Control;)V 606 <appendix> member <vmtarget> ; # com/sun/javafx/scene/control/behavior/TableViewBehaviorBase$$Lambda+0x00000000262b8f28
instanceKlass  @bci com/sun/javafx/scene/control/behavior/TableViewBehaviorBase <init> (Ljavafx/scene/control/Control;)V 576 <appendix> member <vmtarget> ; # com/sun/javafx/scene/control/behavior/TableViewBehaviorBase$$Lambda+0x00000000262b8cf8
instanceKlass  @bci com/sun/javafx/scene/control/behavior/TableViewBehaviorBase <init> (Ljavafx/scene/control/Control;)V 546 <appendix> member <vmtarget> ; # com/sun/javafx/scene/control/behavior/TableViewBehaviorBase$$Lambda+0x00000000262b8ac8
instanceKlass  @bci com/sun/javafx/scene/control/behavior/TableViewBehaviorBase <init> (Ljavafx/scene/control/Control;)V 516 <appendix> argL0 ; # com/sun/javafx/scene/control/behavior/TableViewBehaviorBase$$Lambda+0x00000000262b88a0
instanceKlass  @bci com/sun/javafx/scene/control/behavior/TableViewBehaviorBase <init> (Ljavafx/scene/control/Control;)V 497 <appendix> argL0 ; # com/sun/javafx/scene/control/behavior/TableViewBehaviorBase$$Lambda+0x00000000262b8678
instanceKlass  @bci com/sun/javafx/scene/control/behavior/TableViewBehaviorBase <init> (Ljavafx/scene/control/Control;)V 478 <appendix> argL0 ; # com/sun/javafx/scene/control/behavior/TableViewBehaviorBase$$Lambda+0x00000000262b8450
instanceKlass  @bci com/sun/javafx/scene/control/behavior/TableViewBehaviorBase <init> (Ljavafx/scene/control/Control;)V 459 <appendix> argL0 ; # com/sun/javafx/scene/control/behavior/TableViewBehaviorBase$$Lambda+0x00000000262b8228
instanceKlass  @bci com/sun/javafx/scene/control/behavior/TableViewBehaviorBase <init> (Ljavafx/scene/control/Control;)V 440 <appendix> argL0 ; # com/sun/javafx/scene/control/behavior/TableViewBehaviorBase$$Lambda+0x00000000262b8000
instanceKlass  @bci com/sun/javafx/scene/control/behavior/TableViewBehaviorBase <init> (Ljavafx/scene/control/Control;)V 421 <appendix> argL0 ; # com/sun/javafx/scene/control/behavior/TableViewBehaviorBase$$Lambda+0x00000000262b7db0
instanceKlass  @bci com/sun/javafx/scene/control/behavior/TableViewBehaviorBase <init> (Ljavafx/scene/control/Control;)V 402 <appendix> argL0 ; # com/sun/javafx/scene/control/behavior/TableViewBehaviorBase$$Lambda+0x00000000262b7b88
instanceKlass  @bci com/sun/javafx/scene/control/behavior/TableViewBehaviorBase <init> (Ljavafx/scene/control/Control;)V 383 <appendix> argL0 ; # com/sun/javafx/scene/control/behavior/TableViewBehaviorBase$$Lambda+0x00000000262b7960
instanceKlass  @bci com/sun/javafx/scene/control/behavior/TableViewBehaviorBase <init> (Ljavafx/scene/control/Control;)V 364 <appendix> member <vmtarget> ; # com/sun/javafx/scene/control/behavior/TableViewBehaviorBase$$Lambda+0x00000000262b7730
instanceKlass  @bci com/sun/javafx/scene/control/behavior/TableViewBehaviorBase <init> (Ljavafx/scene/control/Control;)V 344 <appendix> member <vmtarget> ; # com/sun/javafx/scene/control/behavior/TableViewBehaviorBase$$Lambda+0x00000000262b7500
instanceKlass  @bci com/sun/javafx/scene/control/behavior/TableViewBehaviorBase <init> (Ljavafx/scene/control/Control;)V 324 <appendix> member <vmtarget> ; # com/sun/javafx/scene/control/behavior/TableViewBehaviorBase$$Lambda+0x00000000262b72d0
instanceKlass  @bci com/sun/javafx/scene/control/behavior/TableViewBehaviorBase <init> (Ljavafx/scene/control/Control;)V 304 <appendix> member <vmtarget> ; # com/sun/javafx/scene/control/behavior/TableViewBehaviorBase$$Lambda+0x00000000262b70a0
instanceKlass  @bci com/sun/javafx/scene/control/behavior/TableViewBehaviorBase <init> (Ljavafx/scene/control/Control;)V 284 <appendix> member <vmtarget> ; # com/sun/javafx/scene/control/behavior/TableViewBehaviorBase$$Lambda+0x00000000262b6e70
instanceKlass  @bci com/sun/javafx/scene/control/behavior/TableViewBehaviorBase <init> (Ljavafx/scene/control/Control;)V 264 <appendix> member <vmtarget> ; # com/sun/javafx/scene/control/behavior/TableViewBehaviorBase$$Lambda+0x00000000262b6c40
instanceKlass  @bci com/sun/javafx/scene/control/behavior/TableViewBehaviorBase <init> (Ljavafx/scene/control/Control;)V 244 <appendix> member <vmtarget> ; # com/sun/javafx/scene/control/behavior/TableViewBehaviorBase$$Lambda+0x00000000262b6a10
instanceKlass  @bci com/sun/javafx/scene/control/behavior/TableViewBehaviorBase <init> (Ljavafx/scene/control/Control;)V 224 <appendix> member <vmtarget> ; # com/sun/javafx/scene/control/behavior/TableViewBehaviorBase$$Lambda+0x00000000262b67e0
instanceKlass  @bci com/sun/javafx/scene/control/behavior/TableViewBehaviorBase <init> (Ljavafx/scene/control/Control;)V 204 <appendix> member <vmtarget> ; # com/sun/javafx/scene/control/behavior/TableViewBehaviorBase$$Lambda+0x00000000262b65b0
instanceKlass  @bci com/sun/javafx/scene/control/behavior/TableViewBehaviorBase <init> (Ljavafx/scene/control/Control;)V 185 <appendix> member <vmtarget> ; # com/sun/javafx/scene/control/behavior/TableViewBehaviorBase$$Lambda+0x00000000262b6380
instanceKlass  @bci com/sun/javafx/scene/control/behavior/TableViewBehaviorBase <init> (Ljavafx/scene/control/Control;)V 166 <appendix> member <vmtarget> ; # com/sun/javafx/scene/control/behavior/TableViewBehaviorBase$$Lambda+0x00000000262b6150
instanceKlass  @bci com/sun/javafx/scene/control/behavior/TableViewBehaviorBase <init> (Ljavafx/scene/control/Control;)V 147 <appendix> member <vmtarget> ; # com/sun/javafx/scene/control/behavior/TableViewBehaviorBase$$Lambda+0x00000000262b5f20
instanceKlass  @bci com/sun/javafx/scene/control/behavior/TableViewBehaviorBase <init> (Ljavafx/scene/control/Control;)V 128 <appendix> argL0 ; # com/sun/javafx/scene/control/behavior/TableViewBehaviorBase$$Lambda+0x00000000262b5cf8
instanceKlass  @bci com/sun/javafx/scene/control/behavior/TableViewBehaviorBase <init> (Ljavafx/scene/control/Control;)V 100 <appendix> argL0 ; # com/sun/javafx/scene/control/behavior/TableViewBehaviorBase$$Lambda+0x00000000262b5ad0
instanceKlass  @bci com/sun/javafx/scene/control/behavior/TableViewBehaviorBase <init> (Ljavafx/scene/control/Control;)V 50 <appendix> member <vmtarget> ; # com/sun/javafx/scene/control/behavior/TableViewBehaviorBase$$Lambda+0x00000000262b58a0
instanceKlass com/sun/javafx/scene/control/SizeLimitedList
instanceKlass  @bci com/sun/javafx/scene/control/behavior/TableViewBehaviorBase <init> (Ljavafx/scene/control/Control;)V 27 <appendix> member <vmtarget> ; # com/sun/javafx/scene/control/behavior/TableViewBehaviorBase$$Lambda+0x00000000262b5438
instanceKlass  @bci javafx/scene/control/skin/TableViewSkinBase <init> (Ljavafx/scene/control/Control;)V 571 <appendix> member <vmtarget> ; # javafx/scene/control/skin/TableViewSkinBase$$Lambda+0x00000000262b4868
instanceKlass  @bci javafx/scene/control/skin/TableViewSkinBase <init> (Ljavafx/scene/control/Control;)V 551 <appendix> member <vmtarget> ; # javafx/scene/control/skin/TableViewSkinBase$$Lambda+0x00000000262b4628
instanceKlass  @bci javafx/scene/control/skin/TableViewSkinBase <init> (Ljavafx/scene/control/Control;)V 537 <appendix> member <vmtarget> ; # javafx/scene/control/skin/TableViewSkinBase$$Lambda+0x00000000262b43e8
instanceKlass  @bci javafx/scene/control/skin/TableViewSkinBase <init> (Ljavafx/scene/control/Control;)V 491 <appendix> member <vmtarget> ; # javafx/scene/control/skin/TableViewSkinBase$$Lambda+0x00000000262b41b8
instanceKlass  @bci javafx/scene/control/skin/TableViewSkinBase <init> (Ljavafx/scene/control/Control;)V 482 <appendix> member <vmtarget> ; # javafx/scene/control/skin/TableViewSkinBase$$Lambda+0x00000000262b3f88
instanceKlass javafx/scene/control/skin/TableViewSkinBase$1
instanceKlass  @bci javafx/scene/control/skin/TableViewSkinBase <init> (Ljavafx/scene/control/Control;)V 370 <appendix> member <vmtarget> ; # javafx/scene/control/skin/TableViewSkinBase$$Lambda+0x00000000262b3b20
instanceKlass javafx/scene/control/skin/TableColumnHeader$StyleableProperties
instanceKlass  @bci javafx/scene/control/skin/TableHeaderRow <init> (Ljavafx/scene/control/skin/TableViewSkinBase;)V 626 <appendix> member <vmtarget> ; # javafx/scene/control/skin/TableHeaderRow$$Lambda+0x00000000262b3498
instanceKlass  @bci javafx/scene/control/skin/TableHeaderRow <init> (Ljavafx/scene/control/skin/TableViewSkinBase;)V 502 <appendix> member <vmtarget> ; # javafx/scene/control/skin/TableHeaderRow$$Lambda+0x00000000262b3268
instanceKlass  @bci javafx/scene/control/skin/NestedTableColumnHeader setTableHeaderRow (Ljavafx/scene/control/skin/TableHeaderRow;)V 24 <appendix> member <vmtarget> ; # javafx/scene/control/skin/NestedTableColumnHeader$$Lambda+0x00000000262b3028
instanceKlass  @bci javafx/scene/control/skin/NestedTableColumnHeader <init> (Ljavafx/scene/control/TableColumnBase;)V 33 <appendix> member <vmtarget> ; # javafx/scene/control/skin/NestedTableColumnHeader$$Lambda+0x00000000262b2df8
instanceKlass  @bci javafx/scene/control/skin/TableColumnHeader <init> (Ljavafx/scene/control/TableColumnBase;)V 156 <appendix> member <vmtarget> ; # javafx/scene/control/skin/TableColumnHeader$$Lambda+0x00000000262b2bb8
instanceKlass  @bci javafx/scene/control/skin/TableColumnHeader <init> (Ljavafx/scene/control/TableColumnBase;)V 51 <appendix> member <vmtarget> ; # javafx/scene/control/skin/TableColumnHeader$$Lambda+0x00000000262b2988
instanceKlass  @bci javafx/scene/control/skin/TableColumnHeader <init> (Ljavafx/scene/control/TableColumnBase;)V 41 <appendix> member <vmtarget> ; # javafx/scene/control/skin/TableColumnHeader$$Lambda+0x00000000262b2758
instanceKlass  @bci javafx/scene/control/skin/TableColumnHeader <init> (Ljavafx/scene/control/TableColumnBase;)V 31 <appendix> member <vmtarget> ; # javafx/scene/control/skin/TableColumnHeader$$Lambda+0x00000000262b2528
instanceKlass  @bci javafx/scene/control/skin/NestedTableColumnHeader <clinit> ()V 24 <appendix> argL0 ; # javafx/scene/control/skin/NestedTableColumnHeader$$Lambda+0x00000000262b2300
instanceKlass  @bci javafx/scene/control/skin/NestedTableColumnHeader <clinit> ()V 16 <appendix> argL0 ; # javafx/scene/control/skin/NestedTableColumnHeader$$Lambda+0x00000000262b20d8
instanceKlass  @bci javafx/scene/control/skin/NestedTableColumnHeader <clinit> ()V 8 <appendix> argL0 ; # javafx/scene/control/skin/NestedTableColumnHeader$$Lambda+0x00000000262b1eb0
instanceKlass  @bci javafx/scene/control/skin/NestedTableColumnHeader <clinit> ()V 0 <appendix> argL0 ; # javafx/scene/control/skin/NestedTableColumnHeader$$Lambda+0x00000000262b1c88
instanceKlass  @bci javafx/scene/control/skin/TableColumnHeader <clinit> ()V 24 <appendix> argL0 ; # javafx/scene/control/skin/TableColumnHeader$$Lambda+0x00000000262b1a60
instanceKlass  @bci javafx/scene/control/skin/TableColumnHeader <clinit> ()V 16 <appendix> argL0 ; # javafx/scene/control/skin/TableColumnHeader$$Lambda+0x00000000262b1838
instanceKlass  @bci javafx/scene/control/skin/TableColumnHeader <clinit> ()V 8 <appendix> argL0 ; # javafx/scene/control/skin/TableColumnHeader$$Lambda+0x00000000262b1610
instanceKlass  @bci javafx/scene/control/skin/TableColumnHeader <clinit> ()V 0 <appendix> argL0 ; # javafx/scene/control/skin/TableColumnHeader$$Lambda+0x00000000262b13e8
instanceKlass  @bci javafx/scene/control/skin/TableHeaderRow createMenuItem (Ljavafx/scene/control/TableColumnBase;)V 103 <appendix> member <vmtarget> ; # javafx/scene/control/skin/TableHeaderRow$$Lambda+0x00000000262b0000
instanceKlass  @bci javafx/scene/control/skin/TableHeaderRow createMenuItem (Ljavafx/scene/control/TableColumnBase;)V 89 <appendix> member <vmtarget> ; # javafx/scene/control/skin/TableHeaderRow$$Lambda+0x00000000262afbb0
instanceKlass javafx/scene/control/skin/TableSkinUtils
instanceKlass  @bci javafx/scene/control/skin/TableHeaderRow <init> (Ljavafx/scene/control/skin/TableViewSkinBase;)V 82 <appendix> member <vmtarget> ; # javafx/scene/control/skin/TableHeaderRow$$Lambda+0x00000000262ae570
instanceKlass  @bci javafx/scene/control/skin/TableHeaderRow <init> (Ljavafx/scene/control/skin/TableViewSkinBase;)V 72 <appendix> member <vmtarget> ; # javafx/scene/control/skin/TableHeaderRow$$Lambda+0x00000000262ae340
instanceKlass  @bci javafx/scene/control/skin/TableHeaderRow <init> (Ljavafx/scene/control/skin/TableViewSkinBase;)V 62 <appendix> member <vmtarget> ; # javafx/scene/control/skin/TableHeaderRow$$Lambda+0x00000000262ae110
instanceKlass  @bci javafx/scene/control/skin/TableHeaderRow <init> (Ljavafx/scene/control/skin/TableViewSkinBase;)V 52 <appendix> member <vmtarget> ; # javafx/scene/control/skin/TableHeaderRow$$Lambda+0x00000000262adee0
instanceKlass  @bci javafx/scene/control/skin/TableHeaderRow <init> (Ljavafx/scene/control/skin/TableViewSkinBase;)V 42 <appendix> member <vmtarget> ; # javafx/scene/control/skin/TableHeaderRow$$Lambda+0x00000000262adcb0
instanceKlass  @bci javafx/scene/control/skin/TableViewSkinBase <init> (Ljavafx/scene/control/Control;)V 157 <appendix> member <vmtarget> ; # javafx/scene/control/skin/TableViewSkinBase$$Lambda+0x00000000262acde0
instanceKlass  @bci javafx/scene/control/skin/TableViewSkinBase <init> (Ljavafx/scene/control/Control;)V 75 <appendix> member <vmtarget> ; # javafx/scene/control/skin/TableViewSkinBase$$Lambda+0x00000000262acbb0
instanceKlass  @bci javafx/scene/control/skin/TableViewSkinBase <init> (Ljavafx/scene/control/Control;)V 65 <appendix> member <vmtarget> ; # javafx/scene/control/skin/TableViewSkinBase$$Lambda+0x00000000262ac980
instanceKlass  @bci javafx/scene/control/skin/TableViewSkinBase <init> (Ljavafx/scene/control/Control;)V 55 <appendix> member <vmtarget> ; # javafx/scene/control/skin/TableViewSkinBase$$Lambda+0x00000000262ac750
instanceKlass  @bci javafx/scene/control/skin/TableViewSkinBase <init> (Ljavafx/scene/control/Control;)V 45 <appendix> member <vmtarget> ; # javafx/scene/control/skin/TableViewSkinBase$$Lambda+0x00000000262ac520
instanceKlass  @bci javafx/scene/control/skin/TableViewSkinBase <clinit> ()V 0 <appendix> argL0 ; # javafx/scene/control/skin/TableViewSkinBase$$Lambda+0x00000000262ac2f8
instanceKlass  @bci javafx/scene/control/skin/ButtonSkin <init> (Ljavafx/scene/control/Button;)V 98 <appendix> member <vmtarget> ; # javafx/scene/control/skin/ButtonSkin$$Lambda+0x00000000262aafd8
instanceKlass  @bci javafx/scene/control/skin/ButtonSkin <init> (Ljavafx/scene/control/Button;)V 85 <appendix> member <vmtarget> ; # javafx/scene/control/skin/ButtonSkin$$Lambda+0x00000000262aad98
instanceKlass  @bci javafx/scene/control/skin/ButtonSkin <init> (Ljavafx/scene/control/Button;)V 71 <appendix> member <vmtarget> ; # javafx/scene/control/skin/ButtonSkin$$Lambda+0x00000000262aab58
instanceKlass  @bci javafx/scene/control/skin/ButtonSkin <init> (Ljavafx/scene/control/Button;)V 57 <appendix> member <vmtarget> ; # javafx/scene/control/skin/ButtonSkin$$Lambda+0x00000000262aa918
instanceKlass  @bci javafx/scene/control/skin/ButtonSkin <init> (Ljavafx/scene/control/Button;)V 43 <appendix> member <vmtarget> ; # javafx/scene/control/skin/ButtonSkin$$Lambda+0x00000000262aa6d8
instanceKlass  @bci com/sun/javafx/scene/control/behavior/ButtonBehavior <init> (Ljavafx/scene/control/ButtonBase;)V 232 <appendix> member <vmtarget> ; # com/sun/javafx/scene/control/behavior/ButtonBehavior$$Lambda+0x00000000262aa4a8
instanceKlass  @bci com/sun/javafx/scene/control/behavior/ButtonBehavior <init> (Ljavafx/scene/control/ButtonBase;)V 215 <appendix> argL0 ; # com/sun/javafx/scene/control/behavior/ButtonBehavior$$Lambda+0x00000000262aa250
instanceKlass  @bci com/sun/javafx/scene/control/behavior/ButtonBehavior <init> (Ljavafx/scene/control/ButtonBase;)V 210 <appendix> member <vmtarget> ; # com/sun/javafx/scene/control/behavior/ButtonBehavior$$Lambda+0x00000000262aa020
instanceKlass  @bci com/sun/javafx/scene/control/behavior/ButtonBehavior <init> (Ljavafx/scene/control/ButtonBase;)V 180 <appendix> argL0 ; # com/sun/javafx/scene/control/behavior/ButtonBehavior$$Lambda+0x00000000262a9dc8
instanceKlass  @bci com/sun/javafx/scene/control/behavior/ButtonBehavior <init> (Ljavafx/scene/control/ButtonBase;)V 175 <appendix> member <vmtarget> ; # com/sun/javafx/scene/control/behavior/ButtonBehavior$$Lambda+0x00000000262a9b98
instanceKlass  @bci com/sun/javafx/scene/control/behavior/ButtonBehavior <init> (Ljavafx/scene/control/ButtonBase;)V 145 <appendix> member <vmtarget> ; # com/sun/javafx/scene/control/behavior/ButtonBehavior$$Lambda+0x00000000262a9968
instanceKlass  @bci com/sun/javafx/scene/control/behavior/ButtonBehavior <init> (Ljavafx/scene/control/ButtonBase;)V 126 <appendix> member <vmtarget> ; # com/sun/javafx/scene/control/behavior/ButtonBehavior$$Lambda+0x00000000262a9738
instanceKlass  @bci com/sun/javafx/scene/control/behavior/ButtonBehavior <init> (Ljavafx/scene/control/ButtonBase;)V 107 <appendix> member <vmtarget> ; # com/sun/javafx/scene/control/behavior/ButtonBehavior$$Lambda+0x00000000262a9508
instanceKlass  @bci com/sun/javafx/scene/control/behavior/ButtonBehavior <init> (Ljavafx/scene/control/ButtonBase;)V 88 <appendix> member <vmtarget> ; # com/sun/javafx/scene/control/behavior/ButtonBehavior$$Lambda+0x00000000262a92d8
instanceKlass  @bci com/sun/javafx/scene/control/behavior/ButtonBehavior <init> (Ljavafx/scene/control/ButtonBase;)V 69 <appendix> member <vmtarget> ; # com/sun/javafx/scene/control/behavior/ButtonBehavior$$Lambda+0x00000000262a90a8
instanceKlass  @bci com/sun/javafx/scene/control/behavior/ButtonBehavior <init> (Ljavafx/scene/control/ButtonBase;)V 47 <appendix> member <vmtarget> ; # com/sun/javafx/scene/control/behavior/ButtonBehavior$$Lambda+0x00000000262a8e78
instanceKlass  @bci javafx/scene/control/skin/ButtonSkin <init> (Ljavafx/scene/control/Button;)V 17 <appendix> member <vmtarget> ; # javafx/scene/control/skin/ButtonSkin$$Lambda+0x00000000262a8c48
instanceKlass  @bci javafx/scene/control/skin/ButtonSkin <init> (Ljavafx/scene/control/Button;)V 7 <appendix> member <vmtarget> ; # javafx/scene/control/skin/ButtonSkin$$Lambda+0x00000000262a8a18
instanceKlass  @bci javafx/scene/control/skin/ScrollBarSkin <init> (Ljavafx/scene/control/ScrollBar;)V 85 <appendix> member <vmtarget> ; # javafx/scene/control/skin/ScrollBarSkin$$Lambda+0x00000000262a4270
instanceKlass  @bci javafx/scene/control/skin/ScrollBarSkin <init> (Ljavafx/scene/control/ScrollBar;)V 71 <appendix> member <vmtarget> ; # javafx/scene/control/skin/ScrollBarSkin$$Lambda+0x00000000262a4030
instanceKlass  @bci javafx/scene/control/skin/ScrollBarSkin <init> (Ljavafx/scene/control/ScrollBar;)V 32 <appendix> member <vmtarget> ; # javafx/scene/control/skin/ScrollBarSkin$$Lambda+0x00000000262a3df0
instanceKlass  @bci javafx/scene/control/skin/ScrollBarSkin initialize ()V 309 <appendix> member <vmtarget> ; # javafx/scene/control/skin/ScrollBarSkin$$Lambda+0x00000000262a3bc0
instanceKlass  @bci javafx/scene/control/skin/ScrollBarSkin initialize ()V 290 <appendix> member <vmtarget> ; # javafx/scene/control/skin/ScrollBarSkin$$Lambda+0x00000000262a3990
instanceKlass  @bci javafx/scene/control/skin/ScrollBarSkin initialize ()V 277 <appendix> member <vmtarget> ; # javafx/scene/control/skin/ScrollBarSkin$$Lambda+0x00000000262a3760
instanceKlass  @bci javafx/scene/control/skin/ScrollBarSkin initialize ()V 264 <appendix> member <vmtarget> ; # javafx/scene/control/skin/ScrollBarSkin$$Lambda+0x00000000262a3530
instanceKlass  @bci javafx/scene/control/skin/ScrollBarSkin initialize ()V 251 <appendix> member <vmtarget> ; # javafx/scene/control/skin/ScrollBarSkin$$Lambda+0x00000000262a3300
instanceKlass  @bci javafx/scene/control/skin/ScrollBarSkin initialize ()V 238 <appendix> member <vmtarget> ; # javafx/scene/control/skin/ScrollBarSkin$$Lambda+0x00000000262a30d0
instanceKlass  @bci javafx/scene/control/skin/ScrollBarSkin initialize ()V 225 <appendix> member <vmtarget> ; # javafx/scene/control/skin/ScrollBarSkin$$Lambda+0x00000000262a2ea0
instanceKlass  @bci javafx/scene/control/skin/ScrollBarSkin initialize ()V 212 <appendix> member <vmtarget> ; # javafx/scene/control/skin/ScrollBarSkin$$Lambda+0x00000000262a2c70
instanceKlass  @bci javafx/scene/control/skin/ScrollBarSkin initialize ()V 199 <appendix> member <vmtarget> ; # javafx/scene/control/skin/ScrollBarSkin$$Lambda+0x00000000262a2a40
instanceKlass  @bci javafx/scene/control/skin/ScrollBarSkin initialize ()V 160 <appendix> member <vmtarget> ; # javafx/scene/control/skin/ScrollBarSkin$$Lambda+0x00000000262a2810
instanceKlass  @bci javafx/scene/control/skin/ScrollBarSkin initialize ()V 147 <appendix> member <vmtarget> ; # javafx/scene/control/skin/ScrollBarSkin$$Lambda+0x00000000262a25e0
instanceKlass  @bci com/sun/javafx/scene/control/behavior/ScrollBarBehavior <init> (Ljavafx/scene/control/ScrollBar;)V 285 <appendix> member <vmtarget> ; # com/sun/javafx/scene/control/behavior/ScrollBarBehavior$$Lambda+0x00000000262a23b0
instanceKlass  @bci com/sun/javafx/scene/control/behavior/ScrollBarBehavior <init> (Ljavafx/scene/control/ScrollBar;)V 266 <appendix> member <vmtarget> ; # com/sun/javafx/scene/control/behavior/ScrollBarBehavior$$Lambda+0x00000000262a2180
instanceKlass  @bci com/sun/javafx/scene/control/behavior/ScrollBarBehavior <init> (Ljavafx/scene/control/ScrollBar;)V 247 <appendix> member <vmtarget> ; # com/sun/javafx/scene/control/behavior/ScrollBarBehavior$$Lambda+0x00000000262a1f50
instanceKlass  @bci com/sun/javafx/scene/control/behavior/ScrollBarBehavior <init> (Ljavafx/scene/control/ScrollBar;)V 228 <appendix> member <vmtarget> ; # com/sun/javafx/scene/control/behavior/ScrollBarBehavior$$Lambda+0x00000000262a1d20
instanceKlass  @bci com/sun/javafx/scene/control/behavior/ScrollBarBehavior <init> (Ljavafx/scene/control/ScrollBar;)V 202 <appendix> member <vmtarget> ; # com/sun/javafx/scene/control/behavior/ScrollBarBehavior$$Lambda+0x00000000262a1ac0
instanceKlass  @bci com/sun/javafx/scene/control/behavior/ScrollBarBehavior <init> (Ljavafx/scene/control/ScrollBar;)V 167 <appendix> member <vmtarget> ; # com/sun/javafx/scene/control/behavior/ScrollBarBehavior$$Lambda+0x00000000262a1890
instanceKlass  @bci com/sun/javafx/scene/control/behavior/ScrollBarBehavior <init> (Ljavafx/scene/control/ScrollBar;)V 147 <appendix> member <vmtarget> ; # com/sun/javafx/scene/control/behavior/ScrollBarBehavior$$Lambda+0x00000000262a1660
instanceKlass  @bci com/sun/javafx/scene/control/behavior/ScrollBarBehavior <init> (Ljavafx/scene/control/ScrollBar;)V 127 <appendix> member <vmtarget> ; # com/sun/javafx/scene/control/behavior/ScrollBarBehavior$$Lambda+0x00000000262a1430
instanceKlass  @bci com/sun/javafx/scene/control/behavior/ScrollBarBehavior <init> (Ljavafx/scene/control/ScrollBar;)V 107 <appendix> member <vmtarget> ; # com/sun/javafx/scene/control/behavior/ScrollBarBehavior$$Lambda+0x00000000262a1200
instanceKlass  @bci com/sun/javafx/scene/control/behavior/ScrollBarBehavior <init> (Ljavafx/scene/control/ScrollBar;)V 80 <appendix> member <vmtarget> ; # com/sun/javafx/scene/control/behavior/ScrollBarBehavior$$Lambda+0x00000000262a0fa0
instanceKlass  @bci com/sun/javafx/scene/control/behavior/ScrollBarBehavior <init> (Ljavafx/scene/control/ScrollBar;)V 57 <appendix> member <vmtarget> ; # com/sun/javafx/scene/control/behavior/ScrollBarBehavior$$Lambda+0x00000000262a0d70
instanceKlass  @bci com/sun/javafx/scene/control/behavior/ScrollBarBehavior <init> (Ljavafx/scene/control/ScrollBar;)V 35 <appendix> member <vmtarget> ; # com/sun/javafx/scene/control/behavior/ScrollBarBehavior$$Lambda+0x00000000262a0b40
instanceKlass  @bci javafx/scene/control/skin/ListViewSkin <init> (Ljavafx/scene/control/ListView;)V 433 <appendix> member <vmtarget> ; # javafx/scene/control/skin/ListViewSkin$$Lambda+0x000000002629de60
instanceKlass  @bci javafx/scene/control/skin/ListViewSkin <init> (Ljavafx/scene/control/ListView;)V 418 <appendix> member <vmtarget> ; # javafx/scene/control/skin/ListViewSkin$$Lambda+0x000000002629dc20
instanceKlass  @bci javafx/scene/control/skin/ListViewSkin <init> (Ljavafx/scene/control/ListView;)V 404 <appendix> member <vmtarget> ; # javafx/scene/control/skin/ListViewSkin$$Lambda+0x000000002629d9e0
instanceKlass  @bci javafx/scene/control/skin/ListViewSkin <init> (Ljavafx/scene/control/ListView;)V 390 <appendix> member <vmtarget> ; # javafx/scene/control/skin/ListViewSkin$$Lambda+0x000000002629d7a0
instanceKlass  @bci javafx/scene/control/skin/ListViewSkin <init> (Ljavafx/scene/control/ListView;)V 376 <appendix> member <vmtarget> ; # javafx/scene/control/skin/ListViewSkin$$Lambda+0x000000002629d560
instanceKlass  @bci javafx/scene/control/skin/ListViewSkin <init> (Ljavafx/scene/control/ListView;)V 361 <appendix> member <vmtarget> ; # javafx/scene/control/skin/ListViewSkin$$Lambda+0x000000002629d320
instanceKlass  @bci javafx/scene/control/skin/ListViewSkin <init> (Ljavafx/scene/control/ListView;)V 275 <appendix> member <vmtarget> ; # javafx/scene/control/skin/ListViewSkin$$Lambda+0x000000002629cef0
instanceKlass  @bci javafx/scene/control/skin/ListViewSkin <init> (Ljavafx/scene/control/ListView;)V 241 <appendix> member <vmtarget> ; # javafx/scene/control/skin/ListViewSkin$$Lambda+0x000000002629ccc0
instanceKlass  @bci javafx/scene/control/skin/ListViewSkin <init> (Ljavafx/scene/control/ListView;)V 175 <appendix> member <vmtarget> ; # javafx/scene/control/skin/ListViewSkin$$Lambda+0x000000002629ca90
instanceKlass  @bci javafx/scene/control/skin/ListViewSkin <init> (Ljavafx/scene/control/ListView;)V 162 <appendix> member <vmtarget> ; # javafx/scene/control/skin/ListViewSkin$$Lambda+0x000000002629c860
instanceKlass java/lang/invoke/TypeConvertingMethodAdapter$BoxHolder
instanceKlass java/lang/invoke/TypeConvertingMethodAdapter$1
instanceKlass  @bci javafx/scene/control/skin/ListViewSkin <init> (Ljavafx/scene/control/ListView;)V 149 <appendix> member <vmtarget> ; # javafx/scene/control/skin/ListViewSkin$$Lambda+0x000000002629c630
instanceKlass  @bci javafx/scene/control/skin/ListViewSkin <init> (Ljavafx/scene/control/ListView;)V 136 <appendix> member <vmtarget> ; # javafx/scene/control/skin/ListViewSkin$$Lambda+0x000000002629c400
instanceKlass  @bci javafx/scene/control/skin/ListViewSkin <init> (Ljavafx/scene/control/ListView;)V 123 <appendix> member <vmtarget> ; # javafx/scene/control/skin/ListViewSkin$$Lambda+0x000000002629c1d0
instanceKlass  @bci javafx/scene/control/skin/ListViewSkin <init> (Ljavafx/scene/control/ListView;)V 110 <appendix> member <vmtarget> ; # javafx/scene/control/skin/ListViewSkin$$Lambda+0x000000002629bfa0
instanceKlass  @bci javafx/scene/control/skin/ListViewSkin <init> (Ljavafx/scene/control/ListView;)V 97 <appendix> member <vmtarget> ; # javafx/scene/control/skin/ListViewSkin$$Lambda+0x000000002629bd70
instanceKlass  @bci javafx/scene/control/skin/ListViewSkin <init> (Ljavafx/scene/control/ListView;)V 84 <appendix> member <vmtarget> ; # javafx/scene/control/skin/ListViewSkin$$Lambda+0x000000002629bb40
instanceKlass  @bci com/sun/javafx/scene/control/behavior/ListViewBehavior <init> (Ljavafx/scene/control/ListView;)V 1670 <appendix> member <vmtarget> ; # com/sun/javafx/scene/control/behavior/ListViewBehavior$$Lambda+0x000000002629b910
instanceKlass  @bci com/sun/javafx/scene/control/behavior/ListViewBehavior <init> (Ljavafx/scene/control/ListView;)V 1637 <appendix> member <vmtarget> ; # com/sun/javafx/scene/control/behavior/ListViewBehavior$$Lambda+0x000000002629b6e0
instanceKlass  @bci com/sun/javafx/scene/control/behavior/ListViewBehavior <init> (Ljavafx/scene/control/ListView;)V 1604 <appendix> member <vmtarget> ; # com/sun/javafx/scene/control/behavior/ListViewBehavior$$Lambda+0x000000002629b4b0
instanceKlass  @bci com/sun/javafx/scene/control/behavior/ListViewBehavior <init> (Ljavafx/scene/control/ListView;)V 1574 <appendix> member <vmtarget> ; # com/sun/javafx/scene/control/behavior/ListViewBehavior$$Lambda+0x000000002629b280
instanceKlass  @bci com/sun/javafx/scene/control/behavior/ListViewBehavior <init> (Ljavafx/scene/control/ListView;)V 1544 <appendix> member <vmtarget> ; # com/sun/javafx/scene/control/behavior/ListViewBehavior$$Lambda+0x000000002629b050
instanceKlass  @bci com/sun/javafx/scene/control/behavior/ListViewBehavior <init> (Ljavafx/scene/control/ListView;)V 1514 <appendix> member <vmtarget> ; # com/sun/javafx/scene/control/behavior/ListViewBehavior$$Lambda+0x000000002629ae20
instanceKlass  @bci com/sun/javafx/scene/control/behavior/ListViewBehavior <init> (Ljavafx/scene/control/ListView;)V 1484 <appendix> member <vmtarget> ; # com/sun/javafx/scene/control/behavior/ListViewBehavior$$Lambda+0x000000002629abf0
instanceKlass  @bci com/sun/javafx/scene/control/behavior/ListViewBehavior <init> (Ljavafx/scene/control/ListView;)V 1455 <appendix> member <vmtarget> ; # com/sun/javafx/scene/control/behavior/ListViewBehavior$$Lambda+0x000000002629a9c0
instanceKlass  @bci com/sun/javafx/scene/control/behavior/ListViewBehavior <init> (Ljavafx/scene/control/ListView;)V 1426 <appendix> member <vmtarget> ; # com/sun/javafx/scene/control/behavior/ListViewBehavior$$Lambda+0x000000002629a790
instanceKlass  @bci com/sun/javafx/scene/control/behavior/ListViewBehavior <init> (Ljavafx/scene/control/ListView;)V 1407 <appendix> member <vmtarget> ; # com/sun/javafx/scene/control/behavior/ListViewBehavior$$Lambda+0x000000002629a560
instanceKlass  @bci com/sun/javafx/scene/control/behavior/ListViewBehavior <init> (Ljavafx/scene/control/ListView;)V 1388 <appendix> member <vmtarget> ; # com/sun/javafx/scene/control/behavior/ListViewBehavior$$Lambda+0x000000002629a330
instanceKlass  @bci com/sun/javafx/scene/control/behavior/ListViewBehavior <init> (Ljavafx/scene/control/ListView;)V 1369 <appendix> member <vmtarget> ; # com/sun/javafx/scene/control/behavior/ListViewBehavior$$Lambda+0x000000002629a100
instanceKlass  @bci com/sun/javafx/scene/control/behavior/ListViewBehavior <init> (Ljavafx/scene/control/ListView;)V 1343 <appendix> member <vmtarget> ; # com/sun/javafx/scene/control/behavior/ListViewBehavior$$Lambda+0x0000000026299ea0
instanceKlass  @bci com/sun/javafx/scene/control/behavior/ListViewBehavior <init> (Ljavafx/scene/control/ListView;)V 1308 <appendix> member <vmtarget> ; # com/sun/javafx/scene/control/behavior/ListViewBehavior$$Lambda+0x0000000026299c70
instanceKlass  @bci com/sun/javafx/scene/control/behavior/ListViewBehavior <init> (Ljavafx/scene/control/ListView;)V 1275 <appendix> member <vmtarget> ; # com/sun/javafx/scene/control/behavior/ListViewBehavior$$Lambda+0x0000000026299a40
instanceKlass  @bci com/sun/javafx/scene/control/behavior/ListViewBehavior <init> (Ljavafx/scene/control/ListView;)V 1242 <appendix> member <vmtarget> ; # com/sun/javafx/scene/control/behavior/ListViewBehavior$$Lambda+0x0000000026299810
instanceKlass  @bci com/sun/javafx/scene/control/behavior/ListViewBehavior <init> (Ljavafx/scene/control/ListView;)V 1209 <appendix> member <vmtarget> ; # com/sun/javafx/scene/control/behavior/ListViewBehavior$$Lambda+0x00000000262995e0
instanceKlass  @bci com/sun/javafx/scene/control/behavior/ListViewBehavior <init> (Ljavafx/scene/control/ListView;)V 1176 <appendix> member <vmtarget> ; # com/sun/javafx/scene/control/behavior/ListViewBehavior$$Lambda+0x00000000262993b0
instanceKlass  @bci com/sun/javafx/scene/control/behavior/ListViewBehavior <init> (Ljavafx/scene/control/ListView;)V 1143 <appendix> member <vmtarget> ; # com/sun/javafx/scene/control/behavior/ListViewBehavior$$Lambda+0x0000000026299180
instanceKlass  @bci com/sun/javafx/scene/control/behavior/ListViewBehavior <init> (Ljavafx/scene/control/ListView;)V 1110 <appendix> member <vmtarget> ; # com/sun/javafx/scene/control/behavior/ListViewBehavior$$Lambda+0x0000000026298f50
instanceKlass  @bci com/sun/javafx/scene/control/behavior/ListViewBehavior <init> (Ljavafx/scene/control/ListView;)V 1080 <appendix> member <vmtarget> ; # com/sun/javafx/scene/control/behavior/ListViewBehavior$$Lambda+0x0000000026298d20
instanceKlass  @bci com/sun/javafx/scene/control/behavior/ListViewBehavior <init> (Ljavafx/scene/control/ListView;)V 1050 <appendix> member <vmtarget> ; # com/sun/javafx/scene/control/behavior/ListViewBehavior$$Lambda+0x0000000026298af0
instanceKlass  @bci com/sun/javafx/scene/control/behavior/ListViewBehavior <init> (Ljavafx/scene/control/ListView;)V 1020 <appendix> member <vmtarget> ; # com/sun/javafx/scene/control/behavior/ListViewBehavior$$Lambda+0x00000000262988c0
instanceKlass  @bci com/sun/javafx/scene/control/behavior/ListViewBehavior <init> (Ljavafx/scene/control/ListView;)V 990 <appendix> member <vmtarget> ; # com/sun/javafx/scene/control/behavior/ListViewBehavior$$Lambda+0x0000000026298690
instanceKlass  @bci com/sun/javafx/scene/control/behavior/ListViewBehavior <init> (Ljavafx/scene/control/ListView;)V 961 <appendix> member <vmtarget> ; # com/sun/javafx/scene/control/behavior/ListViewBehavior$$Lambda+0x0000000026298460
instanceKlass  @bci com/sun/javafx/scene/control/behavior/ListViewBehavior <init> (Ljavafx/scene/control/ListView;)V 932 <appendix> member <vmtarget> ; # com/sun/javafx/scene/control/behavior/ListViewBehavior$$Lambda+0x0000000026298230
instanceKlass  @bci com/sun/javafx/scene/control/behavior/ListViewBehavior <init> (Ljavafx/scene/control/ListView;)V 913 <appendix> member <vmtarget> ; # com/sun/javafx/scene/control/behavior/ListViewBehavior$$Lambda+0x0000000026298000
instanceKlass  @bci com/sun/javafx/scene/control/behavior/ListViewBehavior <init> (Ljavafx/scene/control/ListView;)V 894 <appendix> member <vmtarget> ; # com/sun/javafx/scene/control/behavior/ListViewBehavior$$Lambda+0x0000000026297ba8
instanceKlass  @bci com/sun/javafx/scene/control/behavior/ListViewBehavior <init> (Ljavafx/scene/control/ListView;)V 875 <appendix> member <vmtarget> ; # com/sun/javafx/scene/control/behavior/ListViewBehavior$$Lambda+0x0000000026297978
instanceKlass  @bci com/sun/javafx/scene/control/behavior/ListViewBehavior <init> (Ljavafx/scene/control/ListView;)V 849 <appendix> member <vmtarget> ; # com/sun/javafx/scene/control/behavior/ListViewBehavior$$Lambda+0x0000000026297718
instanceKlass  @bci com/sun/javafx/scene/control/behavior/ListViewBehavior <init> (Ljavafx/scene/control/ListView;)V 815 <appendix> member <vmtarget> ; # com/sun/javafx/scene/control/behavior/ListViewBehavior$$Lambda+0x00000000262974e8
instanceKlass  @bci com/sun/javafx/scene/control/behavior/ListViewBehavior <init> (Ljavafx/scene/control/ListView;)V 781 <appendix> argL0 ; # com/sun/javafx/scene/control/behavior/ListViewBehavior$$Lambda+0x0000000026297290
instanceKlass  @bci com/sun/javafx/scene/control/behavior/ListViewBehavior <init> (Ljavafx/scene/control/ListView;)V 750 <appendix> member <vmtarget> ; # com/sun/javafx/scene/control/behavior/ListViewBehavior$$Lambda+0x0000000026297060
instanceKlass  @bci com/sun/javafx/scene/control/behavior/ListViewBehavior <init> (Ljavafx/scene/control/ListView;)V 713 <appendix> argL0 ; # com/sun/javafx/scene/control/behavior/ListViewBehavior$$Lambda+0x0000000026296e08
instanceKlass  @bci com/sun/javafx/scene/control/behavior/ListViewBehavior <init> (Ljavafx/scene/control/ListView;)V 691 <appendix> member <vmtarget> ; # com/sun/javafx/scene/control/behavior/ListViewBehavior$$Lambda+0x0000000026296bd8
instanceKlass  @bci com/sun/javafx/scene/control/behavior/ListViewBehavior <init> (Ljavafx/scene/control/ListView;)V 671 <appendix> member <vmtarget> ; # com/sun/javafx/scene/control/behavior/ListViewBehavior$$Lambda+0x00000000262969a8
instanceKlass  @bci com/sun/javafx/scene/control/behavior/ListViewBehavior <init> (Ljavafx/scene/control/ListView;)V 641 <appendix> member <vmtarget> ; # com/sun/javafx/scene/control/behavior/ListViewBehavior$$Lambda+0x0000000026296778
instanceKlass  @bci com/sun/javafx/scene/control/behavior/ListViewBehavior <init> (Ljavafx/scene/control/ListView;)V 611 <appendix> member <vmtarget> ; # com/sun/javafx/scene/control/behavior/ListViewBehavior$$Lambda+0x0000000026296548
instanceKlass  @bci com/sun/javafx/scene/control/behavior/ListViewBehavior <init> (Ljavafx/scene/control/ListView;)V 581 <appendix> member <vmtarget> ; # com/sun/javafx/scene/control/behavior/ListViewBehavior$$Lambda+0x0000000026296318
instanceKlass  @bci com/sun/javafx/scene/control/behavior/ListViewBehavior <init> (Ljavafx/scene/control/ListView;)V 551 <appendix> member <vmtarget> ; # com/sun/javafx/scene/control/behavior/ListViewBehavior$$Lambda+0x00000000262960e8
instanceKlass  @bci com/sun/javafx/scene/control/behavior/ListViewBehavior <init> (Ljavafx/scene/control/ListView;)V 521 <appendix> member <vmtarget> ; # com/sun/javafx/scene/control/behavior/ListViewBehavior$$Lambda+0x0000000026295eb8
instanceKlass  @bci com/sun/javafx/scene/control/behavior/ListViewBehavior <init> (Ljavafx/scene/control/ListView;)V 491 <appendix> member <vmtarget> ; # com/sun/javafx/scene/control/behavior/ListViewBehavior$$Lambda+0x0000000026295c88
instanceKlass  @bci com/sun/javafx/scene/control/behavior/ListViewBehavior <init> (Ljavafx/scene/control/ListView;)V 471 <appendix> member <vmtarget> ; # com/sun/javafx/scene/control/behavior/ListViewBehavior$$Lambda+0x0000000026295a58
instanceKlass  @bci com/sun/javafx/scene/control/behavior/ListViewBehavior <init> (Ljavafx/scene/control/ListView;)V 451 <appendix> member <vmtarget> ; # com/sun/javafx/scene/control/behavior/ListViewBehavior$$Lambda+0x0000000026295828
instanceKlass  @bci com/sun/javafx/scene/control/behavior/ListViewBehavior <init> (Ljavafx/scene/control/ListView;)V 431 <appendix> member <vmtarget> ; # com/sun/javafx/scene/control/behavior/ListViewBehavior$$Lambda+0x00000000262955f8
instanceKlass  @bci com/sun/javafx/scene/control/behavior/ListViewBehavior <init> (Ljavafx/scene/control/ListView;)V 411 <appendix> member <vmtarget> ; # com/sun/javafx/scene/control/behavior/ListViewBehavior$$Lambda+0x00000000262953c8
instanceKlass  @bci com/sun/javafx/scene/control/behavior/ListViewBehavior <init> (Ljavafx/scene/control/ListView;)V 391 <appendix> member <vmtarget> ; # com/sun/javafx/scene/control/behavior/ListViewBehavior$$Lambda+0x0000000026295198
instanceKlass  @bci com/sun/javafx/scene/control/behavior/ListViewBehavior <init> (Ljavafx/scene/control/ListView;)V 371 <appendix> member <vmtarget> ; # com/sun/javafx/scene/control/behavior/ListViewBehavior$$Lambda+0x0000000026294f68
instanceKlass  @bci com/sun/javafx/scene/control/behavior/ListViewBehavior <init> (Ljavafx/scene/control/ListView;)V 338 <appendix> member <vmtarget> ; # com/sun/javafx/scene/control/behavior/ListViewBehavior$$Lambda+0x0000000026294d38
instanceKlass  @bci com/sun/javafx/scene/control/behavior/ListViewBehavior <init> (Ljavafx/scene/control/ListView;)V 308 <appendix> member <vmtarget> ; # com/sun/javafx/scene/control/behavior/ListViewBehavior$$Lambda+0x0000000026294b08
instanceKlass  @bci com/sun/javafx/scene/control/behavior/ListViewBehavior <init> (Ljavafx/scene/control/ListView;)V 279 <appendix> member <vmtarget> ; # com/sun/javafx/scene/control/behavior/ListViewBehavior$$Lambda+0x00000000262948d8
instanceKlass  @bci com/sun/javafx/scene/control/behavior/ListViewBehavior <init> (Ljavafx/scene/control/ListView;)V 250 <appendix> member <vmtarget> ; # com/sun/javafx/scene/control/behavior/ListViewBehavior$$Lambda+0x00000000262946a8
instanceKlass  @bci com/sun/javafx/scene/control/behavior/ListViewBehavior <init> (Ljavafx/scene/control/ListView;)V 221 <appendix> member <vmtarget> ; # com/sun/javafx/scene/control/behavior/ListViewBehavior$$Lambda+0x0000000026294478
instanceKlass  @bci com/sun/javafx/scene/control/behavior/ListViewBehavior <init> (Ljavafx/scene/control/ListView;)V 192 <appendix> member <vmtarget> ; # com/sun/javafx/scene/control/behavior/ListViewBehavior$$Lambda+0x0000000026294248
instanceKlass  @bci com/sun/javafx/scene/control/behavior/ListViewBehavior <init> (Ljavafx/scene/control/ListView;)V 173 <appendix> member <vmtarget> ; # com/sun/javafx/scene/control/behavior/ListViewBehavior$$Lambda+0x0000000026294018
instanceKlass  @bci com/sun/javafx/scene/control/behavior/FocusTraversalInputMap <clinit> ()V 387 <appendix> argL0 ; # com/sun/javafx/scene/control/behavior/FocusTraversalInputMap$$Lambda+0x0000000026293df0
instanceKlass  @bci com/sun/javafx/scene/control/behavior/FocusTraversalInputMap <clinit> ()V 350 <appendix> argL0 ; # com/sun/javafx/scene/control/behavior/FocusTraversalInputMap$$Lambda+0x0000000026293bc8
instanceKlass  @bci com/sun/javafx/scene/control/behavior/FocusTraversalInputMap <clinit> ()V 310 <appendix> argL0 ; # com/sun/javafx/scene/control/behavior/FocusTraversalInputMap$$Lambda+0x00000000262939a0
instanceKlass  @bci com/sun/javafx/scene/control/behavior/FocusTraversalInputMap <clinit> ()V 270 <appendix> argL0 ; # com/sun/javafx/scene/control/behavior/FocusTraversalInputMap$$Lambda+0x0000000026293778
instanceKlass  @bci com/sun/javafx/scene/control/behavior/FocusTraversalInputMap <clinit> ()V 230 <appendix> argL0 ; # com/sun/javafx/scene/control/behavior/FocusTraversalInputMap$$Lambda+0x0000000026293550
instanceKlass  @bci com/sun/javafx/scene/control/behavior/FocusTraversalInputMap <clinit> ()V 190 <appendix> argL0 ; # com/sun/javafx/scene/control/behavior/FocusTraversalInputMap$$Lambda+0x0000000026293328
instanceKlass  @bci com/sun/javafx/scene/control/behavior/FocusTraversalInputMap <clinit> ()V 150 <appendix> argL0 ; # com/sun/javafx/scene/control/behavior/FocusTraversalInputMap$$Lambda+0x0000000026293100
instanceKlass  @bci com/sun/javafx/scene/control/behavior/FocusTraversalInputMap <clinit> ()V 116 <appendix> argL0 ; # com/sun/javafx/scene/control/behavior/FocusTraversalInputMap$$Lambda+0x0000000026292ed8
instanceKlass  @bci com/sun/javafx/scene/control/behavior/FocusTraversalInputMap <clinit> ()V 92 <appendix> argL0 ; # com/sun/javafx/scene/control/behavior/FocusTraversalInputMap$$Lambda+0x0000000026292cb0
instanceKlass  @bci com/sun/javafx/scene/control/behavior/FocusTraversalInputMap <clinit> ()V 68 <appendix> argL0 ; # com/sun/javafx/scene/control/behavior/FocusTraversalInputMap$$Lambda+0x0000000026292a88
instanceKlass  @bci com/sun/javafx/scene/control/behavior/FocusTraversalInputMap <clinit> ()V 44 <appendix> argL0 ; # com/sun/javafx/scene/control/behavior/FocusTraversalInputMap$$Lambda+0x0000000026292860
instanceKlass  @bci com/sun/javafx/scene/control/behavior/FocusTraversalInputMap <clinit> ()V 20 <appendix> argL0 ; # com/sun/javafx/scene/control/behavior/FocusTraversalInputMap$$Lambda+0x0000000026292638
instanceKlass com/sun/javafx/scene/control/behavior/ListViewBehavior$2
instanceKlass com/sun/javafx/scene/control/behavior/ListViewBehavior$1
instanceKlass  @bci com/sun/javafx/scene/control/behavior/ListViewBehavior <init> (Ljavafx/scene/control/ListView;)V 42 <appendix> member <vmtarget> ; # com/sun/javafx/scene/control/behavior/ListViewBehavior$$Lambda+0x0000000026291f88
instanceKlass  @bci com/sun/javafx/scene/control/behavior/ListViewBehavior <init> (Ljavafx/scene/control/ListView;)V 32 <appendix> member <vmtarget> ; # com/sun/javafx/scene/control/behavior/ListViewBehavior$$Lambda+0x0000000026291d58
instanceKlass  @bci com/sun/javafx/scene/control/behavior/ListViewBehavior <init> (Ljavafx/scene/control/ListView;)V 7 <appendix> member <vmtarget> ; # com/sun/javafx/scene/control/behavior/ListViewBehavior$$Lambda+0x0000000026291b28
instanceKlass javafx/scene/control/skin/ListViewSkin$1
instanceKlass  @bci javafx/scene/control/skin/ListViewSkin <init> (Ljavafx/scene/control/ListView;)V 32 <appendix> member <vmtarget> ; # javafx/scene/control/skin/ListViewSkin$$Lambda+0x0000000026291410
instanceKlass  @bci javafx/scene/control/skin/ListViewSkin <init> (Ljavafx/scene/control/ListView;)V 7 <appendix> member <vmtarget> ; # javafx/scene/control/skin/ListViewSkin$$Lambda+0x00000000262911e0
instanceKlass  @bci javafx/scene/control/skin/VirtualContainerBase <init> (Ljavafx/scene/control/Control;)V 18 <appendix> member <vmtarget> ; # javafx/scene/control/skin/VirtualContainerBase$$Lambda+0x0000000026290fb0
instanceKlass javafx/scene/control/skin/VirtualFlow$3
instanceKlass  @bci javafx/scene/control/skin/VirtualFlow <init> ()V 663 <appendix> member <vmtarget> ; # javafx/scene/control/skin/VirtualFlow$$Lambda+0x00000000262908c0
instanceKlass  @bci javafx/scene/control/skin/VirtualFlow <init> ()V 653 <appendix> member <vmtarget> ; # javafx/scene/control/skin/VirtualFlow$$Lambda+0x0000000026290690
instanceKlass  @bci javafx/scene/control/skin/VirtualFlow <init> ()V 643 <appendix> member <vmtarget> ; # javafx/scene/control/skin/VirtualFlow$$Lambda+0x0000000026290460
instanceKlass  @bci javafx/scene/control/skin/VirtualFlow <init> ()V 619 <appendix> member <vmtarget> ; # javafx/scene/control/skin/VirtualFlow$$Lambda+0x0000000026290230
instanceKlass  @bci javafx/scene/control/skin/VirtualFlow <init> ()V 578 <appendix> member <vmtarget> ; # javafx/scene/control/skin/VirtualFlow$$Lambda+0x0000000026290000
instanceKlass  @bci javafx/scene/control/skin/VirtualFlow <init> ()V 508 <appendix> argL0 ; # javafx/scene/control/skin/VirtualFlow$$Lambda+0x0000000026288400
instanceKlass  @bci javafx/scene/control/skin/VirtualFlow <init> ()V 469 <appendix> argL0 ; # javafx/scene/control/skin/VirtualFlow$$Lambda+0x0000000026288c60
instanceKlass  @bci javafx/scene/control/skin/VirtualFlow <init> ()V 444 <appendix> member <vmtarget> ; # javafx/scene/control/skin/VirtualFlow$$Lambda+0x0000000026288a30
instanceKlass  @bci javafx/scene/control/skin/VirtualFlow <init> ()V 431 <appendix> member <vmtarget> ; # javafx/scene/control/skin/VirtualFlow$$Lambda+0x0000000026288800
instanceKlass javafx/scene/control/skin/VirtualFlow$2
instanceKlass javafx/scene/control/skin/VirtualFlow$1
instanceKlass  @bci javafx/scene/control/skin/VirtualFlow <init> ()V 391 <appendix> member <vmtarget> ; # javafx/scene/control/skin/VirtualFlow$$Lambda+0x00000000262898b8
instanceKlass  @bci javafx/scene/control/skin/VirtualFlow <init> ()V 369 <appendix> member <vmtarget> ; # javafx/scene/control/skin/VirtualFlow$$Lambda+0x0000000026289688
instanceKlass  @bci javafx/scene/control/skin/VirtualFlow <init> ()V 349 <appendix> argL0 ; # javafx/scene/control/skin/VirtualFlow$$Lambda+0x0000000026289460
instanceKlass  @bci javafx/scene/control/skin/VirtualFlow$ClippedContainer <init> (Ljavafx/scene/control/skin/VirtualFlow;)V 75 <appendix> member <vmtarget> ; # javafx/scene/control/skin/VirtualFlow$ClippedContainer$$Lambda+0x0000000026289230
instanceKlass  @bci javafx/scene/control/skin/VirtualFlow$ClippedContainer <init> (Ljavafx/scene/control/skin/VirtualFlow;)V 62 <appendix> member <vmtarget> ; # javafx/scene/control/skin/VirtualFlow$ClippedContainer$$Lambda+0x0000000026289000
instanceKlass  @bci com/sun/javafx/scene/control/VirtualScrollBar <init> (Ljavafx/scene/control/skin/VirtualFlow;)V 29 <appendix> member <vmtarget> ; # com/sun/javafx/scene/control/VirtualScrollBar$$Lambda+0x000000002628b310
instanceKlass  @bci javafx/scene/control/skin/ListViewSkin <clinit> ()V 0 <appendix> argL0 ; # javafx/scene/control/skin/ListViewSkin$$Lambda+0x000000002628d500
instanceKlass javafx/scene/shape/SVGPath$1
instanceKlass com/sun/javafx/scene/shape/SVGPathHelper$SVGPathAccessor
instanceKlass  @bci javafx/scene/control/skin/ComboBoxListViewSkin <init> (Ljavafx/scene/control/ComboBox;)V 287 <appendix> member <vmtarget> ; # javafx/scene/control/skin/ComboBoxListViewSkin$$Lambda+0x0000000026286d40
instanceKlass  @bci javafx/scene/control/skin/ComboBoxListViewSkin <init> (Ljavafx/scene/control/ComboBox;)V 257 <appendix> member <vmtarget> ; # javafx/scene/control/skin/ComboBoxListViewSkin$$Lambda+0x0000000026286b00
instanceKlass  @bci java/util/function/Consumer andThen (Ljava/util/function/Consumer;)Ljava/util/function/Consumer; 7 <appendix> member <vmtarget> ; # java/util/function/Consumer$$Lambda+0x0000000026159b68
instanceKlass  @cpi java/util/function/Consumer 43 form vmentry <vmtarget> ; # java/lang/invoke/LambdaForm$DMH+0x0000000026288000
instanceKlass  @bci javafx/scene/control/skin/ComboBoxListViewSkin <init> (Ljavafx/scene/control/ComboBox;)V 243 <appendix> member <vmtarget> ; # javafx/scene/control/skin/ComboBoxListViewSkin$$Lambda+0x00000000262868c0
instanceKlass  @bci javafx/scene/control/skin/ComboBoxListViewSkin <init> (Ljavafx/scene/control/ComboBox;)V 228 <appendix> member <vmtarget> ; # javafx/scene/control/skin/ComboBoxListViewSkin$$Lambda+0x0000000026286680
instanceKlass  @bci javafx/scene/control/skin/ComboBoxListViewSkin <init> (Ljavafx/scene/control/ComboBox;)V 214 <appendix> member <vmtarget> ; # javafx/scene/control/skin/ComboBoxListViewSkin$$Lambda+0x0000000026286440
instanceKlass  @bci javafx/scene/control/skin/ComboBoxListViewSkin <init> (Ljavafx/scene/control/ComboBox;)V 200 <appendix> member <vmtarget> ; # javafx/scene/control/skin/ComboBoxListViewSkin$$Lambda+0x0000000026286200
instanceKlass  @bci javafx/scene/control/skin/ComboBoxListViewSkin <init> (Ljavafx/scene/control/ComboBox;)V 186 <appendix> member <vmtarget> ; # javafx/scene/control/skin/ComboBoxListViewSkin$$Lambda+0x0000000026285fc0
instanceKlass  @bci javafx/scene/control/skin/ComboBoxListViewSkin <init> (Ljavafx/scene/control/ComboBox;)V 172 <appendix> member <vmtarget> ; # javafx/scene/control/skin/ComboBoxListViewSkin$$Lambda+0x0000000026285d80
instanceKlass  @bci javafx/scene/control/skin/ComboBoxListViewSkin <init> (Ljavafx/scene/control/ComboBox;)V 158 <appendix> member <vmtarget> ; # javafx/scene/control/skin/ComboBoxListViewSkin$$Lambda+0x0000000026285b40
instanceKlass javafx/scene/control/ListCell$3
instanceKlass  @bci javafx/scene/control/ListCell <init> ()V 65 <appendix> member <vmtarget> ; # javafx/scene/control/ListCell$$Lambda+0x00000000262856d0
instanceKlass javafx/scene/control/ListCell$2
instanceKlass  @bci javafx/scene/control/ListCell <init> ()V 43 <appendix> member <vmtarget> ; # javafx/scene/control/ListCell$$Lambda+0x0000000026285268
instanceKlass javafx/scene/control/ListCell$1
instanceKlass  @bci javafx/scene/control/ListCell <init> ()V 21 <appendix> member <vmtarget> ; # javafx/scene/control/ListCell$$Lambda+0x0000000026284df8
instanceKlass  @bci javafx/scene/control/ListCell <init> ()V 6 <appendix> member <vmtarget> ; # javafx/scene/control/ListCell$$Lambda+0x0000000026284bc8
instanceKlass javafx/scene/control/Cell$1
instanceKlass javafx/scene/control/skin/ComboBoxListViewSkin$2
instanceKlass javafx/scene/control/ListView$StyleableProperties
instanceKlass  @bci javafx/scene/control/skin/ComboBoxListViewSkin createListView ()Ljavafx/scene/control/ListView; 94 <appendix> member <vmtarget> ; # javafx/scene/control/skin/ComboBoxListViewSkin$$Lambda+0x0000000026282090
instanceKlass  @bci javafx/scene/control/skin/ComboBoxListViewSkin createListView ()Ljavafx/scene/control/ListView; 84 <appendix> member <vmtarget> ; # javafx/scene/control/skin/ComboBoxListViewSkin$$Lambda+0x0000000026281e60
instanceKlass  @bci javafx/scene/control/skin/ComboBoxListViewSkin createListView ()Ljavafx/scene/control/ListView; 71 <appendix> member <vmtarget> ; # javafx/scene/control/skin/ComboBoxListViewSkin$$Lambda+0x0000000026281c30
instanceKlass  @bci javafx/scene/control/skin/ComboBoxListViewSkin createListView ()Ljavafx/scene/control/ListView; 52 <appendix> member <vmtarget> ; # javafx/scene/control/skin/ComboBoxListViewSkin$$Lambda+0x0000000026281a00
instanceKlass  @bci javafx/scene/control/ListView <init> (Ljavafx/collections/ObservableList;)V 101 <appendix> member <vmtarget> ; # javafx/scene/control/ListView$$Lambda+0x0000000026281380
instanceKlass  @bci javafx/scene/control/ListView$ListViewFocusModel <init> (Ljavafx/scene/control/ListView;)V 123 <appendix> member <vmtarget> ; # javafx/scene/control/ListView$ListViewFocusModel$$Lambda+0x0000000026281150
instanceKlass javafx/scene/control/ListView$ListViewFocusModel$1
instanceKlass  @bci javafx/scene/control/ListView$ListViewFocusModel <init> (Ljavafx/scene/control/ListView;)V 11 <appendix> member <vmtarget> ; # javafx/scene/control/ListView$ListViewFocusModel$$Lambda+0x0000000026280ce8
instanceKlass java/util/stream/Sink$ChainedInt
instanceKlass java/util/stream/Sink$OfInt
instanceKlass java/util/function/IntConsumer
instanceKlass  @bci java/util/stream/Collectors toList ()Ljava/util/stream/Collector; 14 <appendix> argL0 ; # java/util/stream/Collectors$$Lambda+0x00000000261590e0
instanceKlass  @bci java/util/stream/Collectors toList ()Ljava/util/stream/Collector; 9 <appendix> argL0 ; # java/util/stream/Collectors$$Lambda+0x0000000026158ea8
instanceKlass  @bci java/util/stream/Collectors toList ()Ljava/util/stream/Collector; 4 <appendix> argL0 ; # java/util/stream/Collectors$$Lambda+0x0000000026158c80
instanceKlass  @bci java/util/stream/IntPipeline boxed ()Ljava/util/stream/Stream; 1 <appendix> argL0 ; # java/util/stream/IntPipeline$$Lambda+0x0000000026158530
instanceKlass java/util/stream/IntStream
instanceKlass java/util/BitSet$1BitSetSpliterator
instanceKlass java/util/Spliterator$OfInt
instanceKlass java/util/Spliterator$OfPrimitive
instanceKlass javafx/scene/control/ListView$ListViewBitSetSelectionModel$1
instanceKlass javafx/scene/control/ListView$ListViewBitSetSelectionModel$2
instanceKlass  @bci javafx/scene/control/ListView <init> (Ljavafx/collections/ObservableList;)V 11 <appendix> member <vmtarget> ; # javafx/scene/control/ListView$$Lambda+0x0000000026280648
instanceKlass  @bci javafx/scene/control/skin/ComboBoxListViewSkin <init> (Ljavafx/scene/control/ComboBox;)V 80 <appendix> member <vmtarget> ; # javafx/scene/control/skin/ComboBoxListViewSkin$$Lambda+0x000000002627dfd0
instanceKlass  @bci com/sun/javafx/scene/control/behavior/ComboBoxListViewBehavior <init> (Ljavafx/scene/control/ComboBox;)V 51 <appendix> member <vmtarget> ; # com/sun/javafx/scene/control/behavior/ComboBoxListViewBehavior$$Lambda+0x000000002627dda0
instanceKlass  @bci com/sun/javafx/scene/control/behavior/ComboBoxListViewBehavior <init> (Ljavafx/scene/control/ComboBox;)V 32 <appendix> member <vmtarget> ; # com/sun/javafx/scene/control/behavior/ComboBoxListViewBehavior$$Lambda+0x000000002627db70
instanceKlass  @bci com/sun/javafx/scene/control/behavior/ComboBoxBaseBehavior <init> (Ljavafx/scene/control/ComboBoxBase;)V 344 <appendix> member <vmtarget> ; # com/sun/javafx/scene/control/behavior/ComboBoxBaseBehavior$$Lambda+0x000000002627d940
instanceKlass  @bci com/sun/javafx/scene/control/behavior/ComboBoxBaseBehavior <init> (Ljavafx/scene/control/ComboBoxBase;)V 316 <appendix> member <vmtarget> ; # com/sun/javafx/scene/control/behavior/ComboBoxBaseBehavior$$Lambda+0x000000002627d710
instanceKlass  @bci com/sun/javafx/scene/control/behavior/ComboBoxBaseBehavior <init> (Ljavafx/scene/control/ComboBoxBase;)V 296 <appendix> member <vmtarget> ; # com/sun/javafx/scene/control/behavior/ComboBoxBaseBehavior$$Lambda+0x000000002627d4e0
instanceKlass  @bci com/sun/javafx/scene/control/behavior/ComboBoxBaseBehavior <init> (Ljavafx/scene/control/ComboBoxBase;)V 276 <appendix> member <vmtarget> ; # com/sun/javafx/scene/control/behavior/ComboBoxBaseBehavior$$Lambda+0x000000002627d2b0
instanceKlass  @bci com/sun/javafx/scene/control/behavior/ComboBoxBaseBehavior <init> (Ljavafx/scene/control/ComboBoxBase;)V 256 <appendix> member <vmtarget> ; # com/sun/javafx/scene/control/behavior/ComboBoxBaseBehavior$$Lambda+0x000000002627d080
instanceKlass  @bci com/sun/javafx/scene/control/behavior/ComboBoxBaseBehavior <init> (Ljavafx/scene/control/ComboBoxBase;)V 236 <appendix> member <vmtarget> ; # com/sun/javafx/scene/control/behavior/ComboBoxBaseBehavior$$Lambda+0x000000002627ce50
instanceKlass  @bci com/sun/javafx/scene/control/behavior/ComboBoxBaseBehavior <init> (Ljavafx/scene/control/ComboBoxBase;)V 213 <appendix> member <vmtarget> ; # com/sun/javafx/scene/control/behavior/ComboBoxBaseBehavior$$Lambda+0x000000002627cc20
instanceKlass  @bci com/sun/javafx/scene/control/behavior/ComboBoxBaseBehavior <init> (Ljavafx/scene/control/ComboBoxBase;)V 187 <appendix> member <vmtarget> ; # com/sun/javafx/scene/control/behavior/ComboBoxBaseBehavior$$Lambda+0x000000002627c9f0
instanceKlass  @bci com/sun/javafx/scene/control/behavior/ComboBoxBaseBehavior <init> (Ljavafx/scene/control/ComboBoxBase;)V 162 <appendix> member <vmtarget> ; # com/sun/javafx/scene/control/behavior/ComboBoxBaseBehavior$$Lambda+0x000000002627c7c0
instanceKlass  @bci com/sun/javafx/scene/control/behavior/ComboBoxBaseBehavior <init> (Ljavafx/scene/control/ComboBoxBase;)V 140 <appendix> member <vmtarget> ; # com/sun/javafx/scene/control/behavior/ComboBoxBaseBehavior$$Lambda+0x000000002627c590
instanceKlass  @bci com/sun/javafx/scene/control/behavior/ComboBoxBaseBehavior <init> (Ljavafx/scene/control/ComboBoxBase;)V 118 <appendix> member <vmtarget> ; # com/sun/javafx/scene/control/behavior/ComboBoxBaseBehavior$$Lambda+0x000000002627c360
instanceKlass  @bci com/sun/javafx/scene/control/behavior/ComboBoxBaseBehavior <init> (Ljavafx/scene/control/ComboBoxBase;)V 24 <appendix> member <vmtarget> ; # com/sun/javafx/scene/control/behavior/ComboBoxBaseBehavior$$Lambda+0x000000002627c130
instanceKlass javafx/scene/control/skin/ComboBoxListViewSkin$1
instanceKlass javafx/scene/control/skin/ComboBoxPopupControl$1
instanceKlass  @bci javafx/scene/control/skin/ComboBoxPopupControl <init> (Ljavafx/scene/control/ComboBoxBase;)V 127 <appendix> member <vmtarget> ; # javafx/scene/control/skin/ComboBoxPopupControl$$Lambda+0x000000002627ba70
instanceKlass  @bci javafx/scene/control/skin/ComboBoxPopupControl <init> (Ljavafx/scene/control/ComboBoxBase;)V 104 <appendix> member <vmtarget> ; # javafx/scene/control/skin/ComboBoxPopupControl$$Lambda+0x000000002627b840
instanceKlass  @bci javafx/scene/control/skin/ComboBoxPopupControl <init> (Ljavafx/scene/control/ComboBoxBase;)V 88 <appendix> member <vmtarget> ; # javafx/scene/control/skin/ComboBoxPopupControl$$Lambda+0x000000002627b610
instanceKlass  @bci javafx/scene/control/skin/ComboBoxPopupControl <init> (Ljavafx/scene/control/ComboBoxBase;)V 27 <appendix> member <vmtarget> ; # javafx/scene/control/skin/ComboBoxPopupControl$$Lambda+0x000000002627b3e0
instanceKlass  @bci javafx/scene/control/skin/ComboBoxPopupControl <init> (Ljavafx/scene/control/ComboBoxBase;)V 17 <appendix> member <vmtarget> ; # javafx/scene/control/skin/ComboBoxPopupControl$$Lambda+0x000000002627b1b0
instanceKlass  @bci javafx/scene/control/skin/ComboBoxBaseSkin <init> (Ljavafx/scene/control/ComboBoxBase;)V 277 <appendix> member <vmtarget> ; # javafx/scene/control/skin/ComboBoxBaseSkin$$Lambda+0x000000002627af70
instanceKlass  @bci javafx/scene/control/skin/ComboBoxBaseSkin <init> (Ljavafx/scene/control/ComboBoxBase;)V 263 <appendix> member <vmtarget> ; # javafx/scene/control/skin/ComboBoxBaseSkin$$Lambda+0x000000002627ad30
instanceKlass  @bci javafx/scene/control/skin/ComboBoxBaseSkin <init> (Ljavafx/scene/control/ComboBoxBase;)V 249 <appendix> member <vmtarget> ; # javafx/scene/control/skin/ComboBoxBaseSkin$$Lambda+0x000000002627aaf0
instanceKlass  @bci javafx/scene/control/skin/ComboBoxBaseSkin <init> (Ljavafx/scene/control/ComboBoxBase;)V 231 <appendix> member <vmtarget> ; # javafx/scene/control/skin/ComboBoxBaseSkin$$Lambda+0x000000002627a8c0
instanceKlass  @bci javafx/scene/control/skin/ComboBoxBaseSkin <init> (Ljavafx/scene/control/ComboBoxBase;)V 44 <appendix> member <vmtarget> ; # javafx/scene/control/skin/ComboBoxBaseSkin$$Lambda+0x000000002627a690
instanceKlass  @bci javafx/scene/control/skin/ComboBoxBaseSkin <init> (Ljavafx/scene/control/ComboBoxBase;)V 34 <appendix> member <vmtarget> ; # javafx/scene/control/skin/ComboBoxBaseSkin$$Lambda+0x000000002627a460
instanceKlass  @bci javafx/scene/control/skin/ComboBoxBaseSkin <init> (Ljavafx/scene/control/ComboBoxBase;)V 24 <appendix> member <vmtarget> ; # javafx/scene/control/skin/ComboBoxBaseSkin$$Lambda+0x000000002627a230
instanceKlass  @bci javafx/scene/control/skin/ComboBoxBaseSkin <init> (Ljavafx/scene/control/ComboBoxBase;)V 14 <appendix> member <vmtarget> ; # javafx/scene/control/skin/ComboBoxBaseSkin$$Lambda+0x000000002627a000
instanceKlass com/sun/javafx/font/directwrite/DWRITE_GLYPH_METRICS
instanceKlass com/sun/javafx/font/directwrite/DWRITE_GLYPH_RUN
instanceKlass com/sun/javafx/font/directwrite/RECT
instanceKlass com/sun/javafx/font/directwrite/D2D1_MATRIX_3X2_F
instanceKlass com/sun/javafx/font/directwrite/D2D1_COLOR_F
instanceKlass com/sun/javafx/font/directwrite/DWGlyph
instanceKlass com/sun/javafx/font/CMap
instanceKlass com/sun/javafx/font/Glyph
instanceKlass java/lang/FdLibm
instanceKlass java/lang/FdLibm$Hypot
instanceKlass com/sun/javafx/geom/Path2D$Iterator
instanceKlass com/sun/javafx/scene/shape/PathUtils
instanceKlass javafx/scene/control/skin/TextFieldSkin$8
instanceKlass javafx/scene/control/skin/TextInputControlSkin$StyleableProperties
instanceKlass  @bci javafx/scene/control/skin/TextFieldSkin <init> (Ljavafx/scene/control/TextField;)V 779 <appendix> member <vmtarget> ; # javafx/scene/control/skin/TextFieldSkin$$Lambda+0x0000000026272a80
instanceKlass  @bci javafx/scene/control/skin/TextFieldSkin <init> (Ljavafx/scene/control/TextField;)V 749 <appendix> member <vmtarget> ; # javafx/scene/control/skin/TextFieldSkin$$Lambda+0x0000000026272850
instanceKlass  @bci javafx/scene/control/skin/TextFieldSkin <init> (Ljavafx/scene/control/TextField;)V 736 <appendix> member <vmtarget> ; # javafx/scene/control/skin/TextFieldSkin$$Lambda+0x0000000026272620
instanceKlass  @bci javafx/scene/control/skin/TextFieldSkin <init> (Ljavafx/scene/control/TextField;)V 710 <appendix> member <vmtarget> ; # javafx/scene/control/skin/TextFieldSkin$$Lambda+0x00000000262720b8
instanceKlass  @bci javafx/scene/control/skin/TextFieldSkin <init> (Ljavafx/scene/control/TextField;)V 684 <appendix> member <vmtarget> ; # javafx/scene/control/skin/TextFieldSkin$$Lambda+0x0000000026271e78
instanceKlass  @bci javafx/scene/control/skin/TextFieldSkin <init> (Ljavafx/scene/control/TextField;)V 670 <appendix> member <vmtarget> ; # javafx/scene/control/skin/TextFieldSkin$$Lambda+0x0000000026271c48
instanceKlass  @bci javafx/scene/control/skin/TextFieldSkin <init> (Ljavafx/scene/control/TextField;)V 656 <appendix> member <vmtarget> ; # javafx/scene/control/skin/TextFieldSkin$$Lambda+0x0000000026271a18
instanceKlass javafx/scene/shape/LineTo$1
instanceKlass com/sun/javafx/scene/shape/LineToHelper$LineToAccessor
instanceKlass com/sun/javafx/util/WeakReferenceQueue$1
instanceKlass javafx/scene/shape/MoveTo$1
instanceKlass com/sun/javafx/scene/shape/PathElementHelper
instanceKlass javafx/scene/shape/PathElement$1
instanceKlass com/sun/javafx/scene/shape/MoveToHelper$MoveToAccessor
instanceKlass com/sun/javafx/scene/shape/PathElementHelper$PathElementAccessor
instanceKlass javafx/scene/text/Text$10
instanceKlass com/sun/javafx/text/TextLine
instanceKlass com/sun/javafx/font/PrismMetrics
instanceKlass com/sun/javafx/text/LayoutCache
instanceKlass com/sun/javafx/text/TextRun
instanceKlass javafx/scene/shape/Shape$StrokeAttributes
instanceKlass  @bci javafx/scene/control/skin/TextFieldSkin <init> (Ljavafx/scene/control/TextField;)V 563 <appendix> member <vmtarget> ; # javafx/scene/control/skin/TextFieldSkin$$Lambda+0x0000000026268bf8
instanceKlass javafx/beans/binding/Bindings$ShortCircuitAndInvalidator
instanceKlass javafx/beans/value/ObservableLongValue
instanceKlass javafx/beans/value/ObservableFloatValue
instanceKlass javafx/beans/binding/Bindings
instanceKlass  @bci javafx/scene/control/skin/TextFieldSkin <init> (Ljavafx/scene/control/TextField;)V 475 <appendix> member <vmtarget> ; # javafx/scene/control/skin/TextFieldSkin$$Lambda+0x000000002624cfc0
instanceKlass javafx/scene/Group$1
instanceKlass com/sun/javafx/scene/GroupHelper$GroupAccessor
instanceKlass  @bci javafx/scene/control/skin/TextFieldSkin <init> (Ljavafx/scene/control/TextField;)V 135 <appendix> member <vmtarget> ; # javafx/scene/control/skin/TextFieldSkin$$Lambda+0x00000000262471a0
instanceKlass  @bci javafx/scene/control/skin/TextFieldSkin <init> (Ljavafx/scene/control/TextField;)V 121 <appendix> member <vmtarget> ; # javafx/scene/control/skin/TextFieldSkin$$Lambda+0x0000000026246f70
instanceKlass  @bci com/sun/javafx/scene/control/behavior/TextFieldBehavior <init> (Ljavafx/scene/control/TextField;)V 83 <appendix> member <vmtarget> ; # com/sun/javafx/scene/control/behavior/TextFieldBehavior$$Lambda+0x0000000026246d40
instanceKlass  @bci com/sun/javafx/scene/control/behavior/TextFieldBehavior <init> (Ljavafx/scene/control/TextField;)V 61 <appendix> member <vmtarget> ; # com/sun/javafx/scene/control/behavior/TextFieldBehavior$$Lambda+0x0000000026246b10
instanceKlass  @cpi com/sun/javafx/scene/control/behavior/TextFieldBehavior 247 form vmentry <vmtarget> ; # java/lang/invoke/LambdaForm$DMH+0x0000000026248000
instanceKlass  @bci com/sun/javafx/scene/control/behavior/TextFieldBehavior <init> (Ljavafx/scene/control/TextField;)V 50 <appendix> member <vmtarget> ; # com/sun/javafx/scene/control/behavior/TextFieldBehavior$$Lambda+0x00000000262468e0
instanceKlass javafx/stage/PopupWindow$3
instanceKlass com/sun/javafx/util/TempState
instanceKlass  @bci javafx/stage/PopupWindow <init> ()V 29 <appendix> member <vmtarget> ; # javafx/stage/PopupWindow$$Lambda+0x0000000026244c28
instanceKlass javafx/stage/PopupWindow$2
instanceKlass javafx/stage/PopupWindow$1
instanceKlass com/sun/javafx/stage/PopupWindowHelper$PopupWindowAccessor
instanceKlass com/sun/javafx/scene/control/behavior/TextInputControlBehavior$2
instanceKlass  @bci com/sun/javafx/scene/control/behavior/TextInputControlBehavior <init> (Ljavafx/scene/control/TextInputControl;)V 2066 <appendix> member <vmtarget> ; # com/sun/javafx/scene/control/behavior/TextInputControlBehavior$$Lambda+0x000000002623de70
instanceKlass  @bci com/sun/javafx/scene/control/behavior/TextInputControlBehavior <init> (Ljavafx/scene/control/TextInputControl;)V 2036 <appendix> member <vmtarget> ; # com/sun/javafx/scene/control/behavior/TextInputControlBehavior$$Lambda+0x000000002623dc40
instanceKlass  @bci com/sun/javafx/scene/control/behavior/TextInputControlBehavior <init> (Ljavafx/scene/control/TextInputControl;)V 2004 <appendix> member <vmtarget> ; # com/sun/javafx/scene/control/behavior/TextInputControlBehavior$$Lambda+0x000000002623da10
instanceKlass  @bci com/sun/javafx/scene/control/behavior/TextInputControlBehavior <init> (Ljavafx/scene/control/TextInputControl;)V 1973 <appendix> member <vmtarget> ; # com/sun/javafx/scene/control/behavior/TextInputControlBehavior$$Lambda+0x000000002623d7e0
instanceKlass  @bci com/sun/javafx/scene/control/behavior/TextInputControlBehavior <init> (Ljavafx/scene/control/TextInputControl;)V 1946 <appendix> member <vmtarget> ; # com/sun/javafx/scene/control/behavior/TextInputControlBehavior$$Lambda+0x000000002623d5b0
instanceKlass  @bci com/sun/javafx/scene/control/behavior/TextInputControlBehavior <init> (Ljavafx/scene/control/TextInputControl;)V 1919 <appendix> member <vmtarget> ; # com/sun/javafx/scene/control/behavior/TextInputControlBehavior$$Lambda+0x000000002623d380
instanceKlass  @bci com/sun/javafx/scene/control/behavior/TextInputControlBehavior <init> (Ljavafx/scene/control/TextInputControl;)V 1892 <appendix> member <vmtarget> ; # com/sun/javafx/scene/control/behavior/TextInputControlBehavior$$Lambda+0x000000002623d150
instanceKlass  @bci com/sun/javafx/scene/control/behavior/TextInputControlBehavior <init> (Ljavafx/scene/control/TextInputControl;)V 1866 <appendix> member <vmtarget> ; # com/sun/javafx/scene/control/behavior/TextInputControlBehavior$$Lambda+0x000000002623cf20
instanceKlass  @bci com/sun/javafx/scene/control/behavior/TextInputControlBehavior <init> (Ljavafx/scene/control/TextInputControl;)V 1840 <appendix> member <vmtarget> ; # com/sun/javafx/scene/control/behavior/TextInputControlBehavior$$Lambda+0x000000002623ccf0
instanceKlass  @bci com/sun/javafx/scene/control/behavior/TextInputControlBehavior <init> (Ljavafx/scene/control/TextInputControl;)V 1814 <appendix> member <vmtarget> ; # com/sun/javafx/scene/control/behavior/TextInputControlBehavior$$Lambda+0x000000002623cac0
instanceKlass  @bci com/sun/javafx/scene/control/behavior/TextInputControlBehavior <init> (Ljavafx/scene/control/TextInputControl;)V 1788 <appendix> member <vmtarget> ; # com/sun/javafx/scene/control/behavior/TextInputControlBehavior$$Lambda+0x000000002623c890
instanceKlass  @bci com/sun/javafx/scene/control/behavior/TextInputControlBehavior <init> (Ljavafx/scene/control/TextInputControl;)V 1762 <appendix> member <vmtarget> ; # com/sun/javafx/scene/control/behavior/TextInputControlBehavior$$Lambda+0x000000002623c660
instanceKlass  @bci com/sun/javafx/scene/control/behavior/TextInputControlBehavior <init> (Ljavafx/scene/control/TextInputControl;)V 1727 <appendix> argL0 ; # com/sun/javafx/scene/control/behavior/TextInputControlBehavior$$Lambda+0x000000002623c408
instanceKlass  @bci com/sun/javafx/scene/control/behavior/BehaviorBase addDefaultChildMap (Lcom/sun/javafx/scene/control/inputmap/InputMap;Lcom/sun/javafx/scene/control/inputmap/InputMap;)V 17 <appendix> member <vmtarget> ; # com/sun/javafx/scene/control/behavior/BehaviorBase$$Lambda+0x000000002623c1d8
instanceKlass  @bci com/sun/javafx/scene/control/inputmap/InputMap reprocessAllMappings ()V 14 <appendix> member <vmtarget> ; # com/sun/javafx/scene/control/inputmap/InputMap$$Lambda+0x000000002623bf98
instanceKlass  @bci com/sun/javafx/scene/control/behavior/TextInputControlBehavior <init> (Ljavafx/scene/control/TextInputControl;)V 1690 <appendix> member <vmtarget> ; # com/sun/javafx/scene/control/behavior/TextInputControlBehavior$$Lambda+0x000000002623bd68
instanceKlass  @bci com/sun/javafx/scene/control/behavior/TextInputControlBehavior <init> (Ljavafx/scene/control/TextInputControl;)V 1660 <appendix> member <vmtarget> ; # com/sun/javafx/scene/control/behavior/TextInputControlBehavior$$Lambda+0x000000002623bb38
instanceKlass  @bci com/sun/javafx/scene/control/behavior/TextInputControlBehavior <init> (Ljavafx/scene/control/TextInputControl;)V 1630 <appendix> member <vmtarget> ; # com/sun/javafx/scene/control/behavior/TextInputControlBehavior$$Lambda+0x000000002623b908
instanceKlass  @bci com/sun/javafx/scene/control/behavior/TextInputControlBehavior <init> (Ljavafx/scene/control/TextInputControl;)V 1600 <appendix> member <vmtarget> ; # com/sun/javafx/scene/control/behavior/TextInputControlBehavior$$Lambda+0x000000002623b6d8
instanceKlass  @bci com/sun/javafx/scene/control/behavior/TextInputControlBehavior <init> (Ljavafx/scene/control/TextInputControl;)V 1570 <appendix> member <vmtarget> ; # com/sun/javafx/scene/control/behavior/TextInputControlBehavior$$Lambda+0x000000002623b4a8
instanceKlass  @bci com/sun/javafx/scene/control/behavior/TextInputControlBehavior <init> (Ljavafx/scene/control/TextInputControl;)V 1540 <appendix> member <vmtarget> ; # com/sun/javafx/scene/control/behavior/TextInputControlBehavior$$Lambda+0x000000002623b278
instanceKlass  @bci com/sun/javafx/scene/control/behavior/TextInputControlBehavior <init> (Ljavafx/scene/control/TextInputControl;)V 1513 <appendix> member <vmtarget> ; # com/sun/javafx/scene/control/behavior/TextInputControlBehavior$$Lambda+0x000000002623b048
instanceKlass  @bci com/sun/javafx/scene/control/behavior/TextInputControlBehavior <init> (Ljavafx/scene/control/TextInputControl;)V 1486 <appendix> member <vmtarget> ; # com/sun/javafx/scene/control/behavior/TextInputControlBehavior$$Lambda+0x000000002623ae18
instanceKlass  @bci com/sun/javafx/scene/control/behavior/TextInputControlBehavior <init> (Ljavafx/scene/control/TextInputControl;)V 1459 <appendix> member <vmtarget> ; # com/sun/javafx/scene/control/behavior/TextInputControlBehavior$$Lambda+0x000000002623abe8
instanceKlass  @bci com/sun/javafx/scene/control/behavior/TextInputControlBehavior <init> (Ljavafx/scene/control/TextInputControl;)V 1433 <appendix> member <vmtarget> ; # com/sun/javafx/scene/control/behavior/TextInputControlBehavior$$Lambda+0x000000002623a9b8
instanceKlass  @bci com/sun/javafx/scene/control/behavior/TextInputControlBehavior <init> (Ljavafx/scene/control/TextInputControl;)V 1407 <appendix> member <vmtarget> ; # com/sun/javafx/scene/control/behavior/TextInputControlBehavior$$Lambda+0x000000002623a788
instanceKlass  @bci com/sun/javafx/scene/control/behavior/TextInputControlBehavior <init> (Ljavafx/scene/control/TextInputControl;)V 1381 <appendix> member <vmtarget> ; # com/sun/javafx/scene/control/behavior/TextInputControlBehavior$$Lambda+0x000000002623a558
instanceKlass  @bci com/sun/javafx/scene/control/behavior/TextInputControlBehavior <init> (Ljavafx/scene/control/TextInputControl;)V 1355 <appendix> member <vmtarget> ; # com/sun/javafx/scene/control/behavior/TextInputControlBehavior$$Lambda+0x000000002623a328
instanceKlass  @bci com/sun/javafx/scene/control/behavior/TextInputControlBehavior <init> (Ljavafx/scene/control/TextInputControl;)V 1329 <appendix> member <vmtarget> ; # com/sun/javafx/scene/control/behavior/TextInputControlBehavior$$Lambda+0x000000002623a0f8
instanceKlass  @bci com/sun/javafx/scene/control/behavior/TextInputControlBehavior <init> (Ljavafx/scene/control/TextInputControl;)V 1294 <appendix> argL0 ; # com/sun/javafx/scene/control/behavior/TextInputControlBehavior$$Lambda+0x0000000026239ea0
instanceKlass  @bci com/sun/javafx/scene/control/behavior/TextInputControlBehavior <init> (Ljavafx/scene/control/TextInputControl;)V 1258 <appendix> member <vmtarget> ; # com/sun/javafx/scene/control/behavior/TextInputControlBehavior$$Lambda+0x0000000026239c70
instanceKlass  @bci com/sun/javafx/scene/control/behavior/TextInputControlBehavior <init> (Ljavafx/scene/control/TextInputControl;)V 1237 <appendix> member <vmtarget> ; # com/sun/javafx/scene/control/behavior/TextInputControlBehavior$$Lambda+0x0000000026239818
instanceKlass  @bci com/sun/javafx/scene/control/behavior/TextInputControlBehavior <init> (Ljavafx/scene/control/TextInputControl;)V 1217 <appendix> member <vmtarget> ; # com/sun/javafx/scene/control/behavior/TextInputControlBehavior$$Lambda+0x00000000262395e8
instanceKlass  @bci com/sun/javafx/scene/control/behavior/TextInputControlBehavior <init> (Ljavafx/scene/control/TextInputControl;)V 1197 <appendix> member <vmtarget> ; # com/sun/javafx/scene/control/behavior/TextInputControlBehavior$$Lambda+0x00000000262393b8
instanceKlass  @bci com/sun/javafx/scene/control/behavior/TextInputControlBehavior <init> (Ljavafx/scene/control/TextInputControl;)V 1177 <appendix> argL0 ; # com/sun/javafx/scene/control/behavior/TextInputControlBehavior$$Lambda+0x0000000026239160
instanceKlass  @bci com/sun/javafx/scene/control/behavior/TextInputControlBehavior <init> (Ljavafx/scene/control/TextInputControl;)V 1172 <appendix> member <vmtarget> ; # com/sun/javafx/scene/control/behavior/TextInputControlBehavior$$Lambda+0x0000000026238f30
instanceKlass  @bci com/sun/javafx/scene/control/behavior/TextInputControlBehavior <init> (Ljavafx/scene/control/TextInputControl;)V 1136 <appendix> argL0 ; # com/sun/javafx/scene/control/behavior/TextInputControlBehavior$$Lambda+0x0000000026238d08
instanceKlass  @bci com/sun/javafx/scene/control/behavior/TextInputControlBehavior <init> (Ljavafx/scene/control/TextInputControl;)V 1106 <appendix> member <vmtarget> ; # com/sun/javafx/scene/control/behavior/TextInputControlBehavior$$Lambda+0x0000000026238ad8
instanceKlass  @bci com/sun/javafx/scene/control/behavior/TextInputControlBehavior <init> (Ljavafx/scene/control/TextInputControl;)V 1057 <appendix> member <vmtarget> ; # com/sun/javafx/scene/control/behavior/TextInputControlBehavior$$Lambda+0x00000000262388a8
instanceKlass  @bci com/sun/javafx/scene/control/behavior/TextInputControlBehavior <init> (Ljavafx/scene/control/TextInputControl;)V 1027 <appendix> member <vmtarget> ; # com/sun/javafx/scene/control/behavior/TextInputControlBehavior$$Lambda+0x0000000026238678
instanceKlass  @bci com/sun/javafx/scene/control/behavior/TextInputControlBehavior <init> (Ljavafx/scene/control/TextInputControl;)V 1007 <appendix> argL0 ; # com/sun/javafx/scene/control/behavior/TextInputControlBehavior$$Lambda+0x0000000026238450
instanceKlass  @bci com/sun/javafx/scene/control/behavior/TextInputControlBehavior <init> (Ljavafx/scene/control/TextInputControl;)V 975 <appendix> argL0 ; # com/sun/javafx/scene/control/behavior/TextInputControlBehavior$$Lambda+0x0000000026238228
instanceKlass  @bci com/sun/javafx/scene/control/behavior/TextInputControlBehavior <init> (Ljavafx/scene/control/TextInputControl;)V 946 <appendix> argL0 ; # com/sun/javafx/scene/control/behavior/TextInputControlBehavior$$Lambda+0x0000000026238000
instanceKlass  @bci com/sun/javafx/scene/control/behavior/TextInputControlBehavior <init> (Ljavafx/scene/control/TextInputControl;)V 917 <appendix> argL0 ; # com/sun/javafx/scene/control/behavior/TextInputControlBehavior$$Lambda+0x0000000026237dd8
instanceKlass com/sun/javafx/scene/control/behavior/FocusTraversalInputMap
instanceKlass  @bci com/sun/javafx/scene/control/behavior/TextInputControlBehavior <init> (Ljavafx/scene/control/TextInputControl;)V 891 <appendix> member <vmtarget> ; # com/sun/javafx/scene/control/behavior/TextInputControlBehavior$$Lambda+0x0000000026237998
instanceKlass  @bci com/sun/javafx/scene/control/behavior/TextInputControlBehavior <init> (Ljavafx/scene/control/TextInputControl;)V 864 <appendix> member <vmtarget> ; # com/sun/javafx/scene/control/behavior/TextInputControlBehavior$$Lambda+0x0000000026237768
instanceKlass  @bci com/sun/javafx/scene/control/behavior/TextInputControlBehavior <init> (Ljavafx/scene/control/TextInputControl;)V 834 <appendix> member <vmtarget> ; # com/sun/javafx/scene/control/behavior/TextInputControlBehavior$$Lambda+0x0000000026237538
instanceKlass  @bci com/sun/javafx/scene/control/behavior/TextInputControlBehavior <init> (Ljavafx/scene/control/TextInputControl;)V 804 <appendix> member <vmtarget> ; # com/sun/javafx/scene/control/behavior/TextInputControlBehavior$$Lambda+0x0000000026237308
instanceKlass  @bci com/sun/javafx/scene/control/behavior/TextInputControlBehavior <init> (Ljavafx/scene/control/TextInputControl;)V 777 <appendix> member <vmtarget> ; # com/sun/javafx/scene/control/behavior/TextInputControlBehavior$$Lambda+0x00000000262370d8
instanceKlass  @bci com/sun/javafx/scene/control/behavior/TextInputControlBehavior <init> (Ljavafx/scene/control/TextInputControl;)V 750 <appendix> member <vmtarget> ; # com/sun/javafx/scene/control/behavior/TextInputControlBehavior$$Lambda+0x0000000026236ea8
instanceKlass  @bci com/sun/javafx/scene/control/behavior/TextInputControlBehavior <init> (Ljavafx/scene/control/TextInputControl;)V 723 <appendix> member <vmtarget> ; # com/sun/javafx/scene/control/behavior/TextInputControlBehavior$$Lambda+0x0000000026236c78
instanceKlass  @bci com/sun/javafx/scene/control/behavior/TextInputControlBehavior <init> (Ljavafx/scene/control/TextInputControl;)V 695 <appendix> member <vmtarget> ; # com/sun/javafx/scene/control/behavior/TextInputControlBehavior$$Lambda+0x0000000026236a48
instanceKlass  @bci com/sun/javafx/scene/control/behavior/TextInputControlBehavior <init> (Ljavafx/scene/control/TextInputControl;)V 667 <appendix> member <vmtarget> ; # com/sun/javafx/scene/control/behavior/TextInputControlBehavior$$Lambda+0x0000000026236818
instanceKlass  @bci com/sun/javafx/scene/control/behavior/TextInputControlBehavior <init> (Ljavafx/scene/control/TextInputControl;)V 642 <appendix> member <vmtarget> ; # com/sun/javafx/scene/control/behavior/TextInputControlBehavior$$Lambda+0x00000000262365e8
instanceKlass  @bci com/sun/javafx/scene/control/behavior/TextInputControlBehavior <init> (Ljavafx/scene/control/TextInputControl;)V 615 <appendix> member <vmtarget> ; # com/sun/javafx/scene/control/behavior/TextInputControlBehavior$$Lambda+0x00000000262363b8
instanceKlass  @bci com/sun/javafx/scene/control/behavior/TextInputControlBehavior <init> (Ljavafx/scene/control/TextInputControl;)V 598 <appendix> member <vmtarget> ; # com/sun/javafx/scene/control/behavior/TextInputControlBehavior$$Lambda+0x0000000026236188
instanceKlass  @bci com/sun/javafx/scene/control/behavior/TextInputControlBehavior <init> (Ljavafx/scene/control/TextInputControl;)V 571 <appendix> member <vmtarget> ; # com/sun/javafx/scene/control/behavior/TextInputControlBehavior$$Lambda+0x0000000026235f58
instanceKlass  @bci com/sun/javafx/scene/control/behavior/TextInputControlBehavior <init> (Ljavafx/scene/control/TextInputControl;)V 543 <appendix> member <vmtarget> ; # com/sun/javafx/scene/control/behavior/TextInputControlBehavior$$Lambda+0x0000000026235d28
instanceKlass  @bci com/sun/javafx/scene/control/behavior/TextInputControlBehavior <init> (Ljavafx/scene/control/TextInputControl;)V 518 <appendix> member <vmtarget> ; # com/sun/javafx/scene/control/behavior/TextInputControlBehavior$$Lambda+0x0000000026235af8
instanceKlass  @bci com/sun/javafx/scene/control/behavior/TextInputControlBehavior <init> (Ljavafx/scene/control/TextInputControl;)V 490 <appendix> member <vmtarget> ; # com/sun/javafx/scene/control/behavior/TextInputControlBehavior$$Lambda+0x00000000262358c8
instanceKlass  @bci com/sun/javafx/scene/control/behavior/TextInputControlBehavior <init> (Ljavafx/scene/control/TextInputControl;)V 465 <appendix> member <vmtarget> ; # com/sun/javafx/scene/control/behavior/TextInputControlBehavior$$Lambda+0x0000000026235698
instanceKlass  @bci com/sun/javafx/scene/control/behavior/TextInputControlBehavior <init> (Ljavafx/scene/control/TextInputControl;)V 437 <appendix> member <vmtarget> ; # com/sun/javafx/scene/control/behavior/TextInputControlBehavior$$Lambda+0x0000000026235468
instanceKlass  @bci com/sun/javafx/scene/control/behavior/TextInputControlBehavior <init> (Ljavafx/scene/control/TextInputControl;)V 413 <appendix> member <vmtarget> ; # com/sun/javafx/scene/control/behavior/TextInputControlBehavior$$Lambda+0x0000000026235238
instanceKlass  @bci com/sun/javafx/scene/control/behavior/TextInputControlBehavior <init> (Ljavafx/scene/control/TextInputControl;)V 386 <appendix> member <vmtarget> ; # com/sun/javafx/scene/control/behavior/TextInputControlBehavior$$Lambda+0x0000000026235008
instanceKlass com/sun/javafx/scene/control/inputmap/KeyBinding$1
instanceKlass  @bci com/sun/javafx/scene/control/behavior/TextInputControlBehavior <init> (Ljavafx/scene/control/TextInputControl;)V 359 <appendix> member <vmtarget> ; # com/sun/javafx/scene/control/behavior/TextInputControlBehavior$$Lambda+0x0000000026234bc8
instanceKlass  @bci com/sun/javafx/scene/control/behavior/TextInputControlBehavior <init> (Ljavafx/scene/control/TextInputControl;)V 342 <appendix> member <vmtarget> ; # com/sun/javafx/scene/control/behavior/TextInputControlBehavior$$Lambda+0x0000000026234998
instanceKlass  @bci com/sun/javafx/scene/control/behavior/TextInputControlBehavior <init> (Ljavafx/scene/control/TextInputControl;)V 326 <appendix> member <vmtarget> ; # com/sun/javafx/scene/control/behavior/TextInputControlBehavior$$Lambda+0x0000000026234768
instanceKlass  @bci com/sun/javafx/scene/control/behavior/TextInputControlBehavior <init> (Ljavafx/scene/control/TextInputControl;)V 310 <appendix> member <vmtarget> ; # com/sun/javafx/scene/control/behavior/TextInputControlBehavior$$Lambda+0x0000000026234538
instanceKlass  @bci com/sun/javafx/scene/control/behavior/TextInputControlBehavior <init> (Ljavafx/scene/control/TextInputControl;)V 294 <appendix> member <vmtarget> ; # com/sun/javafx/scene/control/behavior/TextInputControlBehavior$$Lambda+0x0000000026234308
instanceKlass  @bci com/sun/javafx/scene/control/behavior/TextInputControlBehavior <init> (Ljavafx/scene/control/TextInputControl;)V 278 <appendix> member <vmtarget> ; # com/sun/javafx/scene/control/behavior/TextInputControlBehavior$$Lambda+0x00000000262340d8
instanceKlass  @bci com/sun/javafx/scene/control/behavior/TextInputControlBehavior keyMapping (Lcom/sun/javafx/scene/control/inputmap/KeyBinding;Ljavafx/event/EventHandler;Ljava/util/function/Predicate;)Lcom/sun/javafx/scene/control/inputmap/InputMap$KeyMapping; 7 <appendix> member <vmtarget> ; # com/sun/javafx/scene/control/behavior/TextInputControlBehavior$$Lambda+0x0000000026233ea8
instanceKlass  @bci com/sun/javafx/scene/control/behavior/TextInputControlBehavior <init> (Ljavafx/scene/control/TextInputControl;)V 262 <appendix> member <vmtarget> ; # com/sun/javafx/scene/control/behavior/TextInputControlBehavior$$Lambda+0x0000000026233c78
instanceKlass  @bci com/sun/javafx/scene/control/behavior/TextInputControlBehavior <init> (Ljavafx/scene/control/TextInputControl;)V 238 <appendix> argL0 ; # com/sun/javafx/scene/control/behavior/TextInputControlBehavior$$Lambda+0x0000000026233a20
instanceKlass  @bci com/sun/javafx/scene/control/behavior/TextInputControlBehavior <init> (Ljavafx/scene/control/TextInputControl;)V 232 <appendix> argL0 ; # com/sun/javafx/scene/control/behavior/TextInputControlBehavior$$Lambda+0x00000000262337c8
instanceKlass  @bci com/sun/javafx/scene/control/behavior/TextInputControlBehavior <init> (Ljavafx/scene/control/TextInputControl;)V 226 <appendix> member <vmtarget> ; # com/sun/javafx/scene/control/behavior/TextInputControlBehavior$$Lambda+0x0000000026233568
instanceKlass  @bci com/sun/javafx/scene/control/behavior/TextInputControlBehavior <init> (Ljavafx/scene/control/TextInputControl;)V 176 <appendix> member <vmtarget> ; # com/sun/javafx/scene/control/behavior/TextInputControlBehavior$$Lambda+0x0000000026231df8
instanceKlass  @bci com/sun/javafx/scene/control/behavior/TextInputControlBehavior <init> (Ljavafx/scene/control/TextInputControl;)V 157 <appendix> member <vmtarget> ; # com/sun/javafx/scene/control/behavior/TextInputControlBehavior$$Lambda+0x0000000026231bc8
instanceKlass  @bci com/sun/javafx/scene/control/behavior/TextInputControlBehavior <init> (Ljavafx/scene/control/TextInputControl;)V 138 <appendix> member <vmtarget> ; # com/sun/javafx/scene/control/behavior/TextInputControlBehavior$$Lambda+0x0000000026231998
instanceKlass  @bci com/sun/javafx/scene/control/behavior/TextInputControlBehavior <init> (Ljavafx/scene/control/TextInputControl;)V 119 <appendix> member <vmtarget> ; # com/sun/javafx/scene/control/behavior/TextInputControlBehavior$$Lambda+0x0000000026231768
instanceKlass  @bci com/sun/javafx/scene/control/behavior/TextInputControlBehavior <init> (Ljavafx/scene/control/TextInputControl;)V 100 <appendix> member <vmtarget> ; # com/sun/javafx/scene/control/behavior/TextInputControlBehavior$$Lambda+0x0000000026231538
instanceKlass  @bci com/sun/javafx/scene/control/behavior/TextInputControlBehavior <init> (Ljavafx/scene/control/TextInputControl;)V 81 <appendix> member <vmtarget> ; # com/sun/javafx/scene/control/behavior/TextInputControlBehavior$$Lambda+0x0000000026231308
instanceKlass  @bci com/sun/javafx/scene/control/behavior/TextInputControlBehavior <init> (Ljavafx/scene/control/TextInputControl;)V 62 <appendix> member <vmtarget> ; # com/sun/javafx/scene/control/behavior/TextInputControlBehavior$$Lambda+0x00000000262310d8
instanceKlass com/sun/javafx/scene/control/skin/resources/ControlResources
instanceKlass  @bci com/sun/javafx/scene/control/behavior/TextInputControlBehavior <init> (Ljavafx/scene/control/TextInputControl;)V 43 <appendix> member <vmtarget> ; # com/sun/javafx/scene/control/behavior/TextInputControlBehavior$$Lambda+0x0000000026230c98
instanceKlass  @bci com/sun/javafx/scene/control/behavior/TextInputControlBehavior <init> (Ljavafx/scene/control/TextInputControl;)V 7 <appendix> member <vmtarget> ; # com/sun/javafx/scene/control/behavior/TextInputControlBehavior$$Lambda+0x000000002622f348
instanceKlass javafx/scene/control/MenuItem
instanceKlass javafx/scene/control/skin/TextInputControlSkin$6
instanceKlass  @bci javafx/scene/control/skin/TextInputControlSkin <init> (Ljavafx/scene/control/TextInputControl;)V 432 <appendix> member <vmtarget> ; # javafx/scene/control/skin/TextInputControlSkin$$Lambda+0x000000002622d8d8
instanceKlass javafx/scene/shape/Path$1
instanceKlass com/sun/javafx/scene/shape/PathHelper$PathAccessor
instanceKlass  @bci javafx/scene/control/skin/TextInputControlSkin$CaretBlinking <init> (Ljavafx/beans/property/BooleanProperty;)V 82 <appendix> member <vmtarget> ; # javafx/scene/control/skin/TextInputControlSkin$CaretBlinking$$Lambda+0x000000002622b818
instanceKlass javafx/animation/KeyValue
instanceKlass  @bci javafx/scene/control/skin/TextInputControlSkin$CaretBlinking <init> (Ljavafx/beans/property/BooleanProperty;)V 56 <appendix> member <vmtarget> ; # javafx/scene/control/skin/TextInputControlSkin$CaretBlinking$$Lambda+0x000000002622b1d0
instanceKlass com/sun/scenario/animation/shared/InterpolationInterval
instanceKlass com/sun/scenario/animation/shared/ClipInterpolator
instanceKlass  @bci com/sun/scenario/animation/shared/TimelineClipCore <clinit> ()V 0 <appendix> argL0 ; # com/sun/scenario/animation/shared/TimelineClipCore$$Lambda+0x000000002622a050
instanceKlass javafx/animation/KeyFrame
instanceKlass com/sun/scenario/animation/shared/TimelineClipCore
instanceKlass com/sun/scenario/animation/shared/ClipEnvelope
instanceKlass javafx/animation/Animation$1
instanceKlass javafx/util/Duration
instanceKlass com/sun/scenario/animation/shared/AnimationAccessor
instanceKlass javafx/animation/Animation
instanceKlass javafx/scene/control/skin/TextInputControlSkin$CaretBlinking
instanceKlass com/sun/javafx/scene/control/Properties
instanceKlass  @bci javafx/scene/control/skin/TextInputControlSkin <clinit> ()V 4 <appendix> argL0 ; # javafx/scene/control/skin/TextInputControlSkin$$Lambda+0x0000000026224a08
instanceKlass com/sun/javafx/cursor/CursorFrame
instanceKlass com/sun/javafx/font/PrismFontFactory$TTFilter
instanceKlass  @bci com/sun/javafx/font/PrismFontFactory populateFontFileNameMapGeneric (Ljava/lang/String;)V 12 <appendix> member <vmtarget> ; # com/sun/javafx/font/PrismFontFactory$$Lambda+0x0000000026220a88
instanceKlass  @bci javafx/scene/control/skin/LabelSkin <init> (Ljavafx/scene/control/Label;)V 16 <appendix> member <vmtarget> ; # javafx/scene/control/skin/LabelSkin$$Lambda+0x000000002621fa60
instanceKlass  @bci javafx/scene/control/skin/LabeledSkinBase <init> (Ljavafx/scene/control/Labeled;)V 294 <appendix> member <vmtarget> ; # javafx/scene/control/skin/LabeledSkinBase$$Lambda+0x000000002621f820
instanceKlass  @bci javafx/scene/control/skin/LabeledSkinBase <init> (Ljavafx/scene/control/Labeled;)V 280 <appendix> member <vmtarget> ; # javafx/scene/control/skin/LabeledSkinBase$$Lambda+0x000000002621f5e0
instanceKlass  @bci javafx/scene/control/skin/LabeledSkinBase <init> (Ljavafx/scene/control/Labeled;)V 266 <appendix> member <vmtarget> ; # javafx/scene/control/skin/LabeledSkinBase$$Lambda+0x000000002621f3a0
instanceKlass  @bci javafx/scene/control/skin/LabeledSkinBase <init> (Ljavafx/scene/control/Labeled;)V 252 <appendix> member <vmtarget> ; # javafx/scene/control/skin/LabeledSkinBase$$Lambda+0x000000002621f160
instanceKlass  @bci javafx/scene/control/skin/LabeledSkinBase <init> (Ljavafx/scene/control/Labeled;)V 238 <appendix> member <vmtarget> ; # javafx/scene/control/skin/LabeledSkinBase$$Lambda+0x000000002621ef20
instanceKlass  @bci javafx/scene/control/skin/LabeledSkinBase <init> (Ljavafx/scene/control/Labeled;)V 224 <appendix> argL0 ; # javafx/scene/control/skin/LabeledSkinBase$$Lambda+0x000000002621ece8
instanceKlass  @bci javafx/scene/control/skin/LabeledSkinBase <init> (Ljavafx/scene/control/Labeled;)V 211 <appendix> member <vmtarget> ; # javafx/scene/control/skin/LabeledSkinBase$$Lambda+0x000000002621eaa8
instanceKlass  @bci javafx/scene/control/skin/LabeledSkinBase <init> (Ljavafx/scene/control/Labeled;)V 197 <appendix> member <vmtarget> ; # javafx/scene/control/skin/LabeledSkinBase$$Lambda+0x000000002621e868
instanceKlass  @bci javafx/scene/control/skin/LabeledSkinBase <init> (Ljavafx/scene/control/Labeled;)V 183 <appendix> member <vmtarget> ; # javafx/scene/control/skin/LabeledSkinBase$$Lambda+0x000000002621e628
instanceKlass  @bci javafx/scene/control/skin/LabeledSkinBase <init> (Ljavafx/scene/control/Labeled;)V 169 <appendix> member <vmtarget> ; # javafx/scene/control/skin/LabeledSkinBase$$Lambda+0x000000002621e3e8
instanceKlass  @bci javafx/scene/control/skin/LabeledSkinBase <init> (Ljavafx/scene/control/Labeled;)V 155 <appendix> member <vmtarget> ; # javafx/scene/control/skin/LabeledSkinBase$$Lambda+0x000000002621e1a8
instanceKlass  @bci javafx/scene/control/skin/LabeledSkinBase <init> (Ljavafx/scene/control/Labeled;)V 141 <appendix> member <vmtarget> ; # javafx/scene/control/skin/LabeledSkinBase$$Lambda+0x000000002621df68
instanceKlass  @bci javafx/scene/control/skin/LabeledSkinBase <init> (Ljavafx/scene/control/Labeled;)V 127 <appendix> member <vmtarget> ; # javafx/scene/control/skin/LabeledSkinBase$$Lambda+0x000000002621dd28
instanceKlass  @bci javafx/scene/control/skin/LabeledSkinBase <init> (Ljavafx/scene/control/Labeled;)V 113 <appendix> member <vmtarget> ; # javafx/scene/control/skin/LabeledSkinBase$$Lambda+0x000000002621dae8
instanceKlass  @bci javafx/scene/control/skin/LabeledSkinBase <init> (Ljavafx/scene/control/Labeled;)V 99 <appendix> member <vmtarget> ; # javafx/scene/control/skin/LabeledSkinBase$$Lambda+0x000000002621d8a8
instanceKlass  @bci javafx/scene/control/skin/LabeledSkinBase <init> (Ljavafx/scene/control/Labeled;)V 85 <appendix> member <vmtarget> ; # javafx/scene/control/skin/LabeledSkinBase$$Lambda+0x000000002621d668
instanceKlass  @bci javafx/scene/control/skin/LabeledSkinBase <init> (Ljavafx/scene/control/Labeled;)V 71 <appendix> member <vmtarget> ; # javafx/scene/control/skin/LabeledSkinBase$$Lambda+0x000000002621d428
instanceKlass javafx/beans/property/DoublePropertyBase$Listener
instanceKlass javafx/beans/property/BooleanPropertyBase$Listener
instanceKlass javafx/scene/text/Text$TextAttribute
instanceKlass com/sun/javafx/font/Disposer$1
instanceKlass com/sun/javafx/font/Disposer
instanceKlass com/sun/javafx/font/CompositeStrikeDisposer
instanceKlass com/sun/javafx/font/Metrics
instanceKlass com/sun/javafx/font/CompositeStrike
instanceKlass com/sun/javafx/font/FontStrikeDesc
instanceKlass javafx/scene/text/Text$StyleableProperties
instanceKlass  @bci javafx/scene/control/skin/LabeledSkinBase <init> (Ljavafx/scene/control/Labeled;)V 26 <appendix> member <vmtarget> ; # javafx/scene/control/skin/LabeledSkinBase$$Lambda+0x0000000026214070
instanceKlass javafx/scene/layout/BorderStroke
instanceKlass javafx/scene/layout/BorderStrokeStyle
instanceKlass com/sun/javafx/css/BitSet$1
instanceKlass javafx/scene/control/SkinBase$StyleableProperties
instanceKlass com/sun/javafx/scene/control/Logging
instanceKlass  @bci javafx/scene/control/skin/ScrollPaneSkin <init> (Ljavafx/scene/control/ScrollPane;)V 223 <appendix> member <vmtarget> ; # javafx/scene/control/skin/ScrollPaneSkin$$Lambda+0x0000000026211d28
instanceKlass  @bci javafx/scene/control/skin/ScrollPaneSkin <init> (Ljavafx/scene/control/ScrollPane;)V 209 <appendix> member <vmtarget> ; # javafx/scene/control/skin/ScrollPaneSkin$$Lambda+0x0000000026211ae8
instanceKlass  @bci javafx/scene/control/skin/ScrollPaneSkin <init> (Ljavafx/scene/control/ScrollPane;)V 195 <appendix> member <vmtarget> ; # javafx/scene/control/skin/ScrollPaneSkin$$Lambda+0x00000000262118a8
instanceKlass  @bci javafx/scene/control/skin/ScrollPaneSkin <init> (Ljavafx/scene/control/ScrollPane;)V 181 <appendix> member <vmtarget> ; # javafx/scene/control/skin/ScrollPaneSkin$$Lambda+0x0000000026211668
instanceKlass  @bci javafx/scene/control/skin/ScrollPaneSkin <init> (Ljavafx/scene/control/ScrollPane;)V 167 <appendix> member <vmtarget> ; # javafx/scene/control/skin/ScrollPaneSkin$$Lambda+0x0000000026211428
instanceKlass  @bci javafx/scene/control/skin/ScrollPaneSkin <init> (Ljavafx/scene/control/ScrollPane;)V 153 <appendix> member <vmtarget> ; # javafx/scene/control/skin/ScrollPaneSkin$$Lambda+0x00000000262111e8
instanceKlass  @bci javafx/scene/control/skin/ScrollPaneSkin <init> (Ljavafx/scene/control/ScrollPane;)V 139 <appendix> member <vmtarget> ; # javafx/scene/control/skin/ScrollPaneSkin$$Lambda+0x0000000026210fa8
instanceKlass  @bci javafx/scene/control/skin/ScrollPaneSkin <init> (Ljavafx/scene/control/ScrollPane;)V 125 <appendix> member <vmtarget> ; # javafx/scene/control/skin/ScrollPaneSkin$$Lambda+0x0000000026210d68
instanceKlass  @bci javafx/scene/control/skin/ScrollPaneSkin <init> (Ljavafx/scene/control/ScrollPane;)V 111 <appendix> member <vmtarget> ; # javafx/scene/control/skin/ScrollPaneSkin$$Lambda+0x0000000026210b28
instanceKlass  @bci javafx/scene/control/skin/ScrollPaneSkin <init> (Ljavafx/scene/control/ScrollPane;)V 97 <appendix> member <vmtarget> ; # javafx/scene/control/skin/ScrollPaneSkin$$Lambda+0x00000000262108e8
instanceKlass  @bci com/sun/javafx/scene/control/LambdaMultiplePropertyChangeListenerHandler registerChangeListener (Ljavafx/beans/value/ObservableValue;Ljava/util/function/Consumer;)V 34 <appendix> argL0 ; # com/sun/javafx/scene/control/LambdaMultiplePropertyChangeListenerHandler$$Lambda+0x00000000262106b0
instanceKlass javafx/beans/value/WeakChangeListener
instanceKlass  @bci com/sun/javafx/scene/control/LambdaMultiplePropertyChangeListenerHandler <init> ()V 17 <appendix> member <vmtarget> ; # com/sun/javafx/scene/control/LambdaMultiplePropertyChangeListenerHandler$$Lambda+0x0000000026210238
instanceKlass  @bci com/sun/javafx/scene/control/LambdaMultiplePropertyChangeListenerHandler <clinit> ()V 0 <appendix> argL0 ; # com/sun/javafx/scene/control/LambdaMultiplePropertyChangeListenerHandler$$Lambda+0x0000000026210000
instanceKlass com/sun/javafx/scene/control/LambdaMultiplePropertyChangeListenerHandler
instanceKlass  @bci javafx/scene/control/skin/ScrollPaneSkin <init> (Ljavafx/scene/control/ScrollPane;)V 83 <appendix> member <vmtarget> ; # javafx/scene/control/skin/ScrollPaneSkin$$Lambda+0x000000002620fb38
instanceKlass  @bci javafx/scene/control/skin/ScrollPaneSkin <init> (Ljavafx/scene/control/ScrollPane;)V 71 <appendix> member <vmtarget> ; # javafx/scene/control/skin/ScrollPaneSkin$$Lambda+0x000000002620f8f8
instanceKlass  @bci javafx/scene/control/skin/ScrollPaneSkin initialize ()V 559 <appendix> member <vmtarget> ; # javafx/scene/control/skin/ScrollPaneSkin$$Lambda+0x000000002620f6c8
instanceKlass  @bci javafx/scene/control/skin/ScrollPaneSkin initialize ()V 540 <appendix> member <vmtarget> ; # javafx/scene/control/skin/ScrollPaneSkin$$Lambda+0x000000002620f498
instanceKlass  @bci javafx/scene/control/skin/ScrollPaneSkin initialize ()V 521 <appendix> member <vmtarget> ; # javafx/scene/control/skin/ScrollPaneSkin$$Lambda+0x000000002620f268
instanceKlass  @bci javafx/scene/control/skin/ScrollPaneSkin initialize ()V 505 <appendix> member <vmtarget> ; # javafx/scene/control/skin/ScrollPaneSkin$$Lambda+0x000000002620f038
instanceKlass  @bci javafx/scene/control/skin/ScrollPaneSkin initialize ()V 480 <appendix> member <vmtarget> ; # javafx/scene/control/skin/ScrollPaneSkin$$Lambda+0x000000002620ee08
instanceKlass  @bci javafx/scene/control/skin/ScrollPaneSkin initialize ()V 456 <appendix> argL0 ; # javafx/scene/control/skin/ScrollPaneSkin$$Lambda+0x000000002620ebe0
instanceKlass  @bci javafx/scene/control/skin/ScrollPaneSkin initialize ()V 448 <appendix> member <vmtarget> ; # javafx/scene/control/skin/ScrollPaneSkin$$Lambda+0x000000002620e9b0
instanceKlass  @bci javafx/scene/control/skin/ScrollPaneSkin initialize ()V 435 <appendix> member <vmtarget> ; # javafx/scene/control/skin/ScrollPaneSkin$$Lambda+0x000000002620e780
instanceKlass  @bci javafx/scene/control/skin/ScrollPaneSkin initialize ()V 419 <appendix> member <vmtarget> ; # javafx/scene/control/skin/ScrollPaneSkin$$Lambda+0x000000002620e550
instanceKlass  @bci javafx/scene/control/skin/ScrollPaneSkin initialize ()V 406 <appendix> member <vmtarget> ; # javafx/scene/control/skin/ScrollPaneSkin$$Lambda+0x000000002620df40
instanceKlass  @bci javafx/scene/control/skin/ScrollPaneSkin initialize ()V 382 <appendix> member <vmtarget> ; # javafx/scene/control/skin/ScrollPaneSkin$$Lambda+0x000000002620dd10
instanceKlass  @bci javafx/scene/control/skin/ScrollPaneSkin initialize ()V 362 <appendix> member <vmtarget> ; # javafx/scene/control/skin/ScrollPaneSkin$$Lambda+0x000000002620dae0
instanceKlass javafx/scene/control/ScrollBar$StyleableProperties
instanceKlass javafx/scene/layout/StackPane$StyleableProperties
instanceKlass javafx/scene/control/TableView$StyleableProperties
instanceKlass javafx/scene/layout/VBox$StyleableProperties
instanceKlass javafx/scene/layout/HBox$StyleableProperties
instanceKlass javafx/scene/control/TextInputControl$StyleableProperties
instanceKlass javafx/scene/control/TextField$StyleableProperties
instanceKlass javafx/scene/control/Labeled$StyleableProperties
instanceKlass javafx/scene/paint/Color$NamedColors
instanceKlass javafx/css/CssParser$Term
instanceKlass com/sun/javafx/css/parser/Token
instanceKlass  @bci javafx/css/CssLexer$UnitsState <init> (Ljavafx/css/CssLexer;)V 468 <appendix> argL0 ; # javafx/css/CssLexer$UnitsState$$Lambda+0x0000000026207618
instanceKlass  @bci javafx/css/CssLexer <init> ()V 419 <appendix> argL0 ; # javafx/css/CssLexer$$Lambda+0x0000000026206ff0
instanceKlass  @bci javafx/css/CssLexer <init> ()V 410 <appendix> argL0 ; # javafx/css/CssLexer$$Lambda+0x0000000026206dc8
instanceKlass  @bci javafx/css/CssLexer <init> ()V 401 <appendix> argL0 ; # javafx/css/CssLexer$$Lambda+0x0000000026206ba0
instanceKlass  @bci javafx/css/CssLexer <init> ()V 392 <appendix> argL0 ; # javafx/css/CssLexer$$Lambda+0x0000000026206978
instanceKlass  @bci javafx/css/CssLexer <init> ()V 383 <appendix> argL0 ; # javafx/css/CssLexer$$Lambda+0x0000000026206750
instanceKlass  @bci javafx/css/CssLexer <init> ()V 374 <appendix> argL0 ; # javafx/css/CssLexer$$Lambda+0x0000000026206528
instanceKlass  @bci javafx/css/CssLexer <init> ()V 365 <appendix> argL0 ; # javafx/css/CssLexer$$Lambda+0x0000000026206300
instanceKlass  @bci javafx/css/CssLexer <init> ()V 356 <appendix> argL0 ; # javafx/css/CssLexer$$Lambda+0x00000000262060d8
instanceKlass  @bci javafx/css/CssLexer <init> ()V 347 <appendix> argL0 ; # javafx/css/CssLexer$$Lambda+0x0000000026205eb0
instanceKlass  @bci javafx/css/CssLexer <init> ()V 338 <appendix> argL0 ; # javafx/css/CssLexer$$Lambda+0x0000000026205c88
instanceKlass  @bci javafx/css/CssLexer <init> ()V 329 <appendix> argL0 ; # javafx/css/CssLexer$$Lambda+0x0000000026205a60
instanceKlass  @bci javafx/css/CssLexer <init> ()V 320 <appendix> argL0 ; # javafx/css/CssLexer$$Lambda+0x0000000026205838
instanceKlass  @bci javafx/css/CssLexer <init> ()V 311 <appendix> argL0 ; # javafx/css/CssLexer$$Lambda+0x0000000026205610
instanceKlass  @bci javafx/css/CssLexer <init> ()V 302 <appendix> argL0 ; # javafx/css/CssLexer$$Lambda+0x00000000262053e8
instanceKlass  @bci javafx/css/CssLexer <init> ()V 293 <appendix> argL0 ; # javafx/css/CssLexer$$Lambda+0x00000000262051c0
instanceKlass  @bci javafx/css/CssLexer <init> ()V 284 <appendix> argL0 ; # javafx/css/CssLexer$$Lambda+0x0000000026204f98
instanceKlass  @bci javafx/css/CssLexer <init> ()V 275 <appendix> argL0 ; # javafx/css/CssLexer$$Lambda+0x0000000026204d70
instanceKlass  @bci javafx/css/CssLexer <init> ()V 266 <appendix> argL0 ; # javafx/css/CssLexer$$Lambda+0x0000000026204b48
instanceKlass  @bci javafx/css/CssLexer <init> ()V 257 <appendix> argL0 ; # javafx/css/CssLexer$$Lambda+0x0000000026204920
instanceKlass  @bci javafx/css/CssLexer <init> ()V 248 <appendix> argL0 ; # javafx/css/CssLexer$$Lambda+0x00000000262046f8
instanceKlass  @bci javafx/css/CssLexer <init> ()V 239 <appendix> argL0 ; # javafx/css/CssLexer$$Lambda+0x00000000262044d0
instanceKlass  @bci javafx/css/CssLexer <init> ()V 230 <appendix> argL0 ; # javafx/css/CssLexer$$Lambda+0x00000000262042a8
instanceKlass  @bci javafx/css/CssLexer <init> ()V 221 <appendix> argL0 ; # javafx/css/CssLexer$$Lambda+0x0000000026204080
instanceKlass  @bci javafx/css/CssLexer <init> ()V 212 <appendix> argL0 ; # javafx/css/CssLexer$$Lambda+0x0000000026203e58
instanceKlass  @bci javafx/css/CssLexer <init> ()V 203 <appendix> argL0 ; # javafx/css/CssLexer$$Lambda+0x0000000026203c30
instanceKlass  @bci javafx/css/CssLexer <init> ()V 194 <appendix> argL0 ; # javafx/css/CssLexer$$Lambda+0x0000000026203a08
instanceKlass  @bci javafx/css/CssLexer <init> ()V 185 <appendix> argL0 ; # javafx/css/CssLexer$$Lambda+0x00000000262037e0
instanceKlass  @bci javafx/css/CssLexer <init> ()V 176 <appendix> argL0 ; # javafx/css/CssLexer$$Lambda+0x00000000262035b8
instanceKlass  @bci javafx/css/CssLexer <init> ()V 167 <appendix> argL0 ; # javafx/css/CssLexer$$Lambda+0x0000000026203390
instanceKlass  @bci javafx/css/CssLexer <init> ()V 158 <appendix> argL0 ; # javafx/css/CssLexer$$Lambda+0x0000000026203168
instanceKlass  @bci javafx/css/CssLexer <init> ()V 149 <appendix> argL0 ; # javafx/css/CssLexer$$Lambda+0x0000000026202f40
instanceKlass  @bci javafx/css/CssLexer <init> ()V 140 <appendix> argL0 ; # javafx/css/CssLexer$$Lambda+0x0000000026202d18
instanceKlass  @bci javafx/css/CssLexer <init> ()V 131 <appendix> argL0 ; # javafx/css/CssLexer$$Lambda+0x0000000026202af0
instanceKlass  @bci javafx/css/CssLexer <init> ()V 122 <appendix> argL0 ; # javafx/css/CssLexer$$Lambda+0x00000000262028c8
instanceKlass  @bci javafx/css/CssLexer <init> ()V 113 <appendix> argL0 ; # javafx/css/CssLexer$$Lambda+0x00000000262026a0
instanceKlass  @bci javafx/css/CssLexer <init> ()V 104 <appendix> argL0 ; # javafx/css/CssLexer$$Lambda+0x0000000026202478
instanceKlass  @bci javafx/css/CssLexer <init> ()V 95 <appendix> argL0 ; # javafx/css/CssLexer$$Lambda+0x0000000026202250
instanceKlass  @bci javafx/css/CssLexer <init> ()V 86 <appendix> argL0 ; # javafx/css/CssLexer$$Lambda+0x0000000026202028
instanceKlass  @bci javafx/css/CssLexer <init> ()V 77 <appendix> argL0 ; # javafx/css/CssLexer$$Lambda+0x0000000026201e00
instanceKlass  @bci javafx/css/CssLexer <init> ()V 68 <appendix> argL0 ; # javafx/css/CssLexer$$Lambda+0x0000000026201bd8
instanceKlass  @bci javafx/css/CssLexer <init> ()V 59 <appendix> argL0 ; # javafx/css/CssLexer$$Lambda+0x00000000262019b0
instanceKlass  @bci javafx/css/CssLexer <init> ()V 50 <appendix> argL0 ; # javafx/css/CssLexer$$Lambda+0x0000000026201788
instanceKlass  @bci javafx/css/CssLexer <init> ()V 41 <appendix> argL0 ; # javafx/css/CssLexer$$Lambda+0x0000000026201560
instanceKlass  @bci javafx/css/CssLexer <init> ()V 32 <appendix> argL0 ; # javafx/css/CssLexer$$Lambda+0x0000000026201338
instanceKlass  @bci javafx/css/CssLexer <init> ()V 23 <appendix> argL0 ; # javafx/css/CssLexer$$Lambda+0x0000000026201110
instanceKlass  @bci javafx/css/CssLexer <init> ()V 14 <appendix> argL0 ; # javafx/css/CssLexer$$Lambda+0x0000000026200ee8
instanceKlass  @bci javafx/css/CssLexer <init> ()V 5 <appendix> argL0 ; # javafx/css/CssLexer$$Lambda+0x0000000026200cc0
instanceKlass com/sun/javafx/css/parser/Recognizer
instanceKlass com/sun/javafx/css/parser/LexerState
instanceKlass javafx/css/CssLexer
instanceKlass javafx/css/FontFace
instanceKlass javafx/css/CssParser$ParseError
instanceKlass javafx/css/CssParser
instanceKlass javafx/scene/shape/Shape$StyleableProperties
instanceKlass javafx/scene/shape/Rectangle$StyleableProperties
instanceKlass javafx/beans/property/ObjectPropertyBase$Listener
instanceKlass  @bci javafx/scene/control/skin/ScrollPaneSkin initialize ()V 179 <appendix> member <vmtarget> ; # javafx/scene/control/skin/ScrollPaneSkin$$Lambda+0x00000000261fc918
instanceKlass com/sun/javafx/geom/PathIterator
instanceKlass javafx/scene/shape/Rectangle$1
instanceKlass com/sun/javafx/scene/shape/RectangleHelper$RectangleAccessor
instanceKlass  @bci javafx/scene/layout/StackPane <clinit> ()V 0 <appendix> argL0 ; # javafx/scene/layout/StackPane$$Lambda+0x00000000261f5f18
instanceKlass  @bci javafx/scene/control/skin/ScrollPaneSkin initialize ()V 30 <appendix> member <vmtarget> ; # javafx/scene/control/skin/ScrollPaneSkin$$Lambda+0x00000000261f58c8
instanceKlass com/sun/javafx/scene/traversal/TraverseListener
instanceKlass  @bci com/sun/javafx/scene/control/inputmap/InputMap addMapping (Lcom/sun/javafx/scene/control/inputmap/InputMap$Mapping;)V 23 <appendix> argL0 ; # com/sun/javafx/scene/control/inputmap/InputMap$$Lambda+0x00000000261f5478
instanceKlass  @bci com/sun/javafx/scene/control/inputmap/InputMap addEventHandler (Ljavafx/event/EventType;)V 20 <appendix> member <vmtarget> ; # com/sun/javafx/scene/control/inputmap/InputMap$$Lambda+0x00000000261f5248
instanceKlass  @bci com/sun/javafx/scene/control/inputmap/InputMap addEventHandler (Ljavafx/event/EventType;)V 5 <appendix> argL0 ; # com/sun/javafx/scene/control/inputmap/InputMap$$Lambda+0x00000000261f5000
instanceKlass  @bci com/sun/javafx/scene/control/behavior/ScrollPaneBehavior <init> (Ljavafx/scene/control/ScrollPane;)V 210 <appendix> member <vmtarget> ; # com/sun/javafx/scene/control/behavior/ScrollPaneBehavior$$Lambda+0x00000000261f4dd0
instanceKlass  @bci com/sun/javafx/scene/control/behavior/ScrollPaneBehavior <init> (Ljavafx/scene/control/ScrollPane;)V 190 <appendix> member <vmtarget> ; # com/sun/javafx/scene/control/behavior/ScrollPaneBehavior$$Lambda+0x00000000261f4978
instanceKlass  @bci com/sun/javafx/scene/control/behavior/ScrollPaneBehavior <init> (Ljavafx/scene/control/ScrollPane;)V 170 <appendix> member <vmtarget> ; # com/sun/javafx/scene/control/behavior/ScrollPaneBehavior$$Lambda+0x00000000261f4748
instanceKlass  @bci com/sun/javafx/scene/control/behavior/ScrollPaneBehavior <init> (Ljavafx/scene/control/ScrollPane;)V 150 <appendix> member <vmtarget> ; # com/sun/javafx/scene/control/behavior/ScrollPaneBehavior$$Lambda+0x00000000261f4518
instanceKlass  @bci com/sun/javafx/scene/control/behavior/ScrollPaneBehavior <init> (Ljavafx/scene/control/ScrollPane;)V 130 <appendix> member <vmtarget> ; # com/sun/javafx/scene/control/behavior/ScrollPaneBehavior$$Lambda+0x00000000261f42e8
instanceKlass  @bci com/sun/javafx/scene/control/behavior/ScrollPaneBehavior <init> (Ljavafx/scene/control/ScrollPane;)V 111 <appendix> member <vmtarget> ; # com/sun/javafx/scene/control/behavior/ScrollPaneBehavior$$Lambda+0x00000000261f40b8
instanceKlass  @bci com/sun/javafx/scene/control/behavior/ScrollPaneBehavior <init> (Ljavafx/scene/control/ScrollPane;)V 92 <appendix> member <vmtarget> ; # com/sun/javafx/scene/control/behavior/ScrollPaneBehavior$$Lambda+0x00000000261f3e88
instanceKlass  @bci com/sun/javafx/scene/control/behavior/ScrollPaneBehavior <init> (Ljavafx/scene/control/ScrollPane;)V 73 <appendix> member <vmtarget> ; # com/sun/javafx/scene/control/behavior/ScrollPaneBehavior$$Lambda+0x00000000261f3c58
instanceKlass  @bci com/sun/javafx/scene/control/behavior/ScrollPaneBehavior <init> (Ljavafx/scene/control/ScrollPane;)V 54 <appendix> member <vmtarget> ; # com/sun/javafx/scene/control/behavior/ScrollPaneBehavior$$Lambda+0x00000000261f3a28
instanceKlass com/sun/javafx/scene/control/inputmap/KeyBinding
instanceKlass  @bci com/sun/javafx/scene/control/behavior/ScrollPaneBehavior <init> (Ljavafx/scene/control/ScrollPane;)V 34 <appendix> member <vmtarget> ; # com/sun/javafx/scene/control/behavior/ScrollPaneBehavior$$Lambda+0x00000000261f3188
instanceKlass com/sun/javafx/scene/control/inputmap/InputMap$Mapping
instanceKlass  @bci com/sun/javafx/scene/control/inputmap/InputMap <init> (Ljavafx/scene/Node;)V 108 <appendix> member <vmtarget> ; # com/sun/javafx/scene/control/inputmap/InputMap$$Lambda+0x00000000261f2908
instanceKlass  @bci com/sun/javafx/scene/control/inputmap/InputMap <init> (Ljavafx/scene/Node;)V 86 <appendix> member <vmtarget> ; # com/sun/javafx/scene/control/inputmap/InputMap$$Lambda+0x00000000261f26d8
instanceKlass com/sun/javafx/scene/control/inputmap/InputMap
instanceKlass javafx/scene/control/skin/ScrollPaneSkin$2
instanceKlass javafx/scene/control/skin/ScrollPaneSkin$1
instanceKlass  @bci javafx/scene/control/SkinBase <clinit> ()V 0 <appendix> argL0 ; # javafx/scene/control/SkinBase$$Lambda+0x00000000261f19f8
instanceKlass com/sun/javafx/scene/control/behavior/BehaviorBase
instanceKlass javafx/scene/control/SkinBase
instanceKlass javafx/scene/layout/BackgroundFill
instanceKlass javafx/scene/paint/Stop
instanceKlass com/sun/javafx/css/StyleCacheEntry
instanceKlass javafx/css/Style
instanceKlass javafx/css/Match
instanceKlass com/sun/javafx/css/CalculatedValue
instanceKlass com/sun/javafx/css/StyleCacheEntry$Key
instanceKlass com/sun/javafx/css/StyleCache
instanceKlass javafx/scene/Node$20
instanceKlass  @bci com/sun/javafx/tk/quantum/GlassWindowEventHandler handleWindowEvent (Lcom/sun/glass/ui/Window;JI)V 12 <appendix> member <vmtarget> ; # com/sun/javafx/tk/quantum/GlassWindowEventHandler$$Lambda+0x00000000261eb908
instanceKlass  @bci com/sun/javafx/tk/quantum/GlassViewEventHandler handleViewEvent (Lcom/sun/glass/ui/View;JI)V 45 <appendix> member <vmtarget> ; # com/sun/javafx/tk/quantum/GlassViewEventHandler$$Lambda+0x00000000261eb6d8
instanceKlass jdk/jfr/FlightRecorder
instanceKlass  @bci com/sun/javafx/logging/PulseLogger isPulseLoggingRequested ()Z 0 <appendix> argL0 ; # com/sun/javafx/logging/PulseLogger$$Lambda+0x00000000261eab78
instanceKlass com/sun/javafx/logging/PrintLogger$PulseData
instanceKlass  @bci com/sun/javafx/logging/PrintLogger <clinit> ()V 18 <appendix> argL0 ; # com/sun/javafx/logging/PrintLogger$$Lambda+0x00000000261ea738
instanceKlass  @bci com/sun/javafx/logging/PrintLogger <clinit> ()V 0 <appendix> argL0 ; # com/sun/javafx/logging/PrintLogger$$Lambda+0x00000000261ea510
instanceKlass com/sun/javafx/logging/Logger
instanceKlass com/sun/javafx/logging/PulseLogger
instanceKlass  @bci com/sun/javafx/tk/quantum/WindowStage setScene (Lcom/sun/javafx/tk/TKScene;)V 40 <appendix> member <vmtarget> ; # com/sun/javafx/tk/quantum/WindowStage$$Lambda+0x00000000261e99b8
instanceKlass com/sun/javafx/geom/DirtyRegionContainer
instanceKlass com/sun/javafx/geom/DirtyRegionPool
instanceKlass com/sun/javafx/sg/prism/NodePath
instanceKlass javafx/scene/Scene$InputMethodRequestsDelegate
instanceKlass com/sun/javafx/scene/input/ExtendedInputMethodRequests
instanceKlass javafx/scene/Scene$DropTargetListener
instanceKlass com/sun/scenario/effect/impl/state/AccessHelper
instanceKlass  @bci com/sun/scenario/effect/Effect <clinit> ()V 4 <appendix> argL0 ; # com/sun/scenario/effect/Effect$$Lambda+0x00000000261e1688
instanceKlass com/sun/scenario/effect/impl/state/AccessHelper$StateAccessor
instanceKlass com/sun/javafx/geom/Rectangle
instanceKlass com/sun/prism/paint/Paint
instanceKlass javafx/scene/Scene$ScenePeerPaintListener
instanceKlass javafx/scene/Scene$ScenePeerListener
instanceKlass  @bci com/sun/javafx/tk/quantum/GlassScene setSecurityContext (Ljava/security/AccessControlContext;)V 22 <appendix> argL0 ; # com/sun/javafx/tk/quantum/GlassScene$$Lambda+0x00000000261e7858
instanceKlass com/sun/javafx/tk/quantum/SwipeGestureRecognizer$CenterComputer
instanceKlass com/sun/javafx/tk/quantum/SwipeGestureRecognizer$MultiTouchTracker
instanceKlass com/sun/javafx/tk/quantum/SwipeGestureRecognizer
instanceKlass com/sun/javafx/tk/quantum/GestureRecognizers
instanceKlass com/sun/javafx/tk/quantum/GlassSceneDnDEventHandler
instanceKlass com/sun/javafx/tk/quantum/GlassViewEventHandler$ViewEventNotification
instanceKlass com/sun/javafx/tk/quantum/GlassViewEventHandler$MouseEventNotification
instanceKlass com/sun/javafx/tk/quantum/GlassViewEventHandler$KeyEventNotification
instanceKlass  @bci com/sun/javafx/tk/quantum/GlassViewEventHandler <clinit> ()V 0 <appendix> argL0 ; # com/sun/javafx/tk/quantum/GlassViewEventHandler$$Lambda+0x00000000261e5f70
instanceKlass com/sun/javafx/tk/quantum/GestureRecognizer
instanceKlass com/sun/javafx/tk/quantum/GlassTouchEventListener
instanceKlass  @bci com/sun/glass/ui/View <clinit> ()V 0 <appendix> argL0 ; # com/sun/glass/ui/View$$Lambda+0x00000000261e5938
instanceKlass com/sun/prism/PresentableState
instanceKlass com/sun/javafx/tk/quantum/ViewPainter
instanceKlass com/sun/glass/ui/View$EventHandler
instanceKlass com/sun/glass/ui/ClipboardAssistance
instanceKlass  @bci com/sun/glass/ui/GestureSupport createTouchCountListener ()Lcom/sun/glass/ui/TouchInputSupport$TouchCountListener; 4 <appendix> member <vmtarget> ; # com/sun/glass/ui/GestureSupport$$Lambda+0x00000000261de180
instanceKlass  @cpi com/sun/glass/ui/GestureSupport 165 form vmentry <vmtarget> ; # java/lang/invoke/LambdaForm$DMH+0x00000000261e0000
instanceKlass com/sun/glass/ui/TouchInputSupport$TouchCountListener
instanceKlass com/sun/glass/ui/TouchInputSupport
instanceKlass com/sun/glass/ui/GestureSupport$GestureState
instanceKlass com/sun/glass/ui/GestureSupport
instanceKlass com/sun/glass/ui/win/WinGestureSupport
instanceKlass com/sun/javafx/tk/quantum/WindowStage$1
instanceKlass  @bci com/sun/javafx/tk/quantum/GlassStage lambda$doIntersectionPrivilege$1 (Ljava/security/AccessControlContext;)Ljava/security/AccessControlContext; 0 <appendix> argL0 ; # com/sun/javafx/tk/quantum/GlassStage$$Lambda+0x00000000261dca08
instanceKlass  @bci com/sun/javafx/tk/quantum/GlassStage doIntersectionPrivilege (Ljava/security/PrivilegedAction;Ljava/security/AccessControlContext;Ljava/security/AccessControlContext;)Ljava/security/AccessControlContext; 1 <appendix> member <vmtarget> ; # com/sun/javafx/tk/quantum/GlassStage$$Lambda+0x00000000261dc7d8
instanceKlass  @bci com/sun/javafx/tk/quantum/GlassStage setSecurityContext (Ljava/security/AccessControlContext;)V 22 <appendix> argL0 ; # com/sun/javafx/tk/quantum/GlassStage$$Lambda+0x00000000261dc5b0
instanceKlass javafx/scene/input/KeyCombination$Modifier
instanceKlass com/sun/glass/ui/Window$EventHandler
instanceKlass com/sun/javafx/tk/quantum/GlassStage
instanceKlass com/sun/javafx/event/EventUtil
instanceKlass  @bci org/example/App start (Ljavafx/stage/Stage;)V 30 <appendix> member <vmtarget> ; # org/example/App$$Lambda+0x00000000261d9ca0
instanceKlass  @bci javafx/scene/Scene$KeyHandler <init> (Ljavafx/scene/Scene;)V 11 <appendix> member <vmtarget> ; # javafx/scene/Scene$KeyHandler$$Lambda+0x00000000261d9a70
instanceKlass javafx/scene/Scene$KeyHandler
instanceKlass com/sun/javafx/util/WeakReferenceQueue
instanceKlass com/sun/javafx/scene/transform/TransformUtils
instanceKlass  @bci javafx/scene/Camera <init> ()V 115 <appendix> member <vmtarget> ; # javafx/scene/Camera$$Lambda+0x00000000261d3ce8
instanceKlass javafx/scene/ParallelCamera$1
instanceKlass javafx/scene/Camera$1
instanceKlass com/sun/javafx/scene/ParallelCameraHelper$ParallelCameraAccessor
instanceKlass com/sun/javafx/scene/CameraHelper$CameraAccessor
instanceKlass com/sun/javafx/logging/PlatformLogger$1
instanceKlass javafx/css/converter/CursorConverter$Holder
instanceKlass javafx/scene/Node$StyleableProperties
instanceKlass com/sun/javafx/scene/layout/region/BorderImageSlices
instanceKlass javafx/scene/layout/BackgroundSize
instanceKlass javafx/scene/layout/BackgroundPosition
instanceKlass com/sun/javafx/scene/layout/region/RepeatStruct
instanceKlass javafx/scene/layout/Region$StyleableProperties
instanceKlass javafx/scene/control/Control$StyleableProperties
instanceKlass javafx/scene/control/ScrollPane$StyleableProperties
instanceKlass com/sun/javafx/css/StyleCache$Key
instanceKlass javafx/scene/CssStyleHelper$CacheContainer
instanceKlass  @bci com/sun/javafx/css/StyleMap <clinit> ()V 30 <appendix> argL0 ; # com/sun/javafx/css/StyleMap$$Lambda+0x00000000261c3988
instanceKlass com/sun/javafx/css/CascadingStyle
instanceKlass com/sun/javafx/css/StyleMap
instanceKlass com/sun/javafx/css/StyleManager$Cache$Key
instanceKlass com/sun/javafx/css/StyleManager$Cache
instanceKlass com/sun/javafx/css/StyleManager$Key
instanceKlass  @bci com/sun/javafx/css/StyleManager findMatchingStyles (Ljavafx/scene/Node;Ljavafx/scene/SubScene;[Ljava/util/Set;)Lcom/sun/javafx/css/StyleMap; 251 <appendix> argL0 ; # com/sun/javafx/css/StyleManager$$Lambda+0x00000000261c2c70
instanceKlass com/sun/javafx/css/StyleManager$CacheContainer
instanceKlass javafx/css/converter/FontConverter$FontStyleConverter$Holder
instanceKlass javafx/css/converter/FontConverter$Holder
instanceKlass javafx/scene/CssStyleHelper
instanceKlass javafx/scene/Scene$ClickCounter
instanceKlass javafx/scene/Scene$ClickGenerator
instanceKlass javafx/scene/Scene$MouseHandler$1
instanceKlass com/sun/javafx/event/EventQueue
instanceKlass javafx/scene/Scene$MouseHandler
instanceKlass com/sun/javafx/scene/traversal/TraversalEngine$BaseEngineContext
instanceKlass com/sun/javafx/scene/traversal/ContainerTabOrder
instanceKlass com/sun/javafx/scene/traversal/Algorithm
instanceKlass com/sun/javafx/scene/traversal/TraversalContext
instanceKlass javafx/scene/Scene$TouchMap
instanceKlass javafx/scene/Scene$TouchGesture
instanceKlass javafx/scene/Scene$TargetWrapper
instanceKlass javafx/scene/Scene$ScenePulseListener
instanceKlass javafx/scene/SceneAntialiasing
instanceKlass  @bci org/example/controller/DisciplinasController initialize ()V 105 <appendix> member <vmtarget> ; # org/example/controller/DisciplinasController$$Lambda+0x00000000261bf5a8
instanceKlass  @bci org/example/controller/DisciplinasController initialize ()V 92 <appendix> argL0 ; # org/example/controller/DisciplinasController$$Lambda+0x00000000261bf380
instanceKlass  @bci org/example/controller/DisciplinasController initialize ()V 80 <appendix> argL0 ; # org/example/controller/DisciplinasController$$Lambda+0x00000000261bf158
instanceKlass  @bci org/example/controller/DisciplinasController initialize ()V 68 <appendix> argL0 ; # org/example/controller/DisciplinasController$$Lambda+0x00000000261bef30
instanceKlass  @bci org/example/controller/DisciplinasController initialize ()V 56 <appendix> member <vmtarget> ; # org/example/controller/DisciplinasController$$Lambda+0x00000000261beb00
instanceKlass org/example/util/DadosFixos
# instanceKlass java/lang/invoke/LambdaForm$MH+0x00000000261c1000
# instanceKlass java/lang/invoke/LambdaForm$MH+0x00000000261c0c00
instanceKlass javafx/fxml/Initializable
# instanceKlass java/lang/invoke/LambdaForm$MH+0x00000000261c0800
# instanceKlass java/lang/invoke/LambdaForm$MH+0x00000000261c0400
# instanceKlass java/lang/invoke/LambdaForm$MH+0x00000000261c0000
instanceKlass com/sun/prism/Image$Serial
instanceKlass com/sun/javafx/image/impl/ByteRgba$Accessor
instanceKlass com/sun/javafx/image/impl/ByteRgba
instanceKlass com/sun/javafx/image/impl/ByteBgraPre$Accessor
instanceKlass com/sun/javafx/image/impl/ByteBgraPre
instanceKlass com/sun/javafx/image/impl/BaseByteToByteConverter
instanceKlass com/sun/javafx/image/ByteToBytePixelConverter
instanceKlass com/sun/javafx/image/PixelConverter
instanceKlass com/sun/javafx/image/impl/ByteBgra$Accessor
instanceKlass com/sun/javafx/image/BytePixelAccessor
instanceKlass com/sun/javafx/image/BytePixelSetter
instanceKlass com/sun/javafx/image/PixelSetter
instanceKlass com/sun/javafx/image/BytePixelGetter
instanceKlass com/sun/javafx/image/impl/ByteBgra
instanceKlass com/sun/prism/Image$1
instanceKlass javafx/scene/image/PixelFormat
instanceKlass com/sun/javafx/image/PixelGetter
instanceKlass com/sun/prism/Image$Accessor
instanceKlass com/sun/prism/Image
instanceKlass com/sun/javafx/iio/ImageFrame
instanceKlass com/sun/javafx/iio/ImageMetadata
instanceKlass com/sun/javafx/iio/common/ImageLoaderImpl
instanceKlass com/sun/javafx/iio/common/ImageTools
instanceKlass com/sun/javafx/iio/ImageFormatDescription$Signature
instanceKlass com/sun/javafx/iio/common/ImageDescriptor
instanceKlass com/sun/javafx/iio/bmp/BMPImageLoaderFactory
instanceKlass com/sun/javafx/iio/png/PNGImageLoaderFactory
instanceKlass com/sun/javafx/iio/jpeg/JPEGImageLoaderFactory
instanceKlass com/sun/javafx/iio/ImageFormatDescription
instanceKlass com/sun/javafx/iio/ImageLoader
instanceKlass com/sun/javafx/iio/gif/GIFImageLoaderFactory
instanceKlass com/sun/javafx/iio/ImageLoaderFactory
instanceKlass com/sun/javafx/iio/ImageStorage
instanceKlass com/sun/javafx/tk/quantum/PrismImageLoader2$PrismLoadListener
instanceKlass com/sun/javafx/iio/ImageLoadListener
instanceKlass com/sun/javafx/tk/quantum/PrismImageLoader2
instanceKlass javafx/scene/image/ImageView$1
instanceKlass com/sun/javafx/scene/ImageViewHelper$ImageViewAccessor
# instanceKlass java/lang/invoke/LambdaForm$MH+0x00000000261b0400
# instanceKlass java/lang/invoke/LambdaForm$MH+0x00000000261b0000
# instanceKlass java/lang/invoke/LambdaForm$DMH+0x00000000261adc00
# instanceKlass java/lang/invoke/LambdaForm$DMH+0x00000000261ad800
# instanceKlass java/lang/invoke/LambdaForm$DMH+0x00000000261ad400
instanceKlass java/lang/ClassValue$RemovalToken
instanceKlass java/lang/invoke/MethodHandleImpl$ArrayAccessor
instanceKlass java/lang/invoke/MethodHandleImpl$CasesHolder
instanceKlass java/lang/invoke/MethodHandleImpl$LoopClauses
# instanceKlass java/lang/invoke/LambdaForm$MH+0x00000000261ad000
# instanceKlass java/lang/invoke/LambdaForm$BMH+0x00000000261acc00
# instanceKlass java/lang/invoke/LambdaForm$DMH+0x00000000261ac800
# instanceKlass java/lang/invoke/LambdaForm$DMH+0x00000000261ac400
# instanceKlass java/lang/invoke/LambdaForm$MH+0x00000000261ac000
instanceKlass javafx/scene/control/TableUtil
instanceKlass java/lang/reflect/WildcardType
instanceKlass sun/reflect/generics/tree/Wildcard
instanceKlass sun/reflect/generics/tree/BottomSignature
instanceKlass  @bci javafx/scene/control/TableColumn <init> ()V 116 <appendix> member <vmtarget> ; # javafx/scene/control/TableColumn$$Lambda+0x00000000261ab770
instanceKlass  @bci javafx/scene/control/TableColumn <init> ()V 16 <appendix> member <vmtarget> ; # javafx/scene/control/TableColumn$$Lambda+0x00000000261ab540
instanceKlass  @bci javafx/scene/control/TableColumn <init> ()V 6 <appendix> member <vmtarget> ; # javafx/scene/control/TableColumn$$Lambda+0x00000000261ab310
instanceKlass javafx/scene/control/TableColumn$1
instanceKlass  @bci javafx/scene/control/TableColumnBase <clinit> ()V 10 <appendix> argL0 ; # javafx/scene/control/TableColumnBase$$Lambda+0x00000000261aa270
instanceKlass com/sun/javafx/scene/control/TableColumnBaseHelper
instanceKlass javafx/scene/control/TableColumnBase$1
instanceKlass com/sun/javafx/scene/control/TableColumnBaseHelper$TableColumnBaseAccessor
instanceKlass javafx/scene/control/TableView$4
instanceKlass  @bci javafx/scene/control/TableView <init> (Ljavafx/collections/ObservableList;)V 322 <appendix> member <vmtarget> ; # javafx/scene/control/TableView$$Lambda+0x00000000261a4930
instanceKlass  @bci javafx/scene/control/TableView$TableViewFocusModel <init> (Ljavafx/scene/control/TableView;)V 128 <appendix> member <vmtarget> ; # javafx/scene/control/TableView$TableViewFocusModel$$Lambda+0x00000000261a4700
instanceKlass javafx/scene/control/TableView$TableViewFocusModel$1
instanceKlass  @bci javafx/scene/control/TableView$TableViewFocusModel <init> (Ljavafx/scene/control/TableView;)V 6 <appendix> member <vmtarget> ; # javafx/scene/control/TableView$TableViewFocusModel$$Lambda+0x00000000261a4298
instanceKlass  @bci javafx/scene/control/FocusModel <init> ()V 38 <appendix> member <vmtarget> ; # javafx/scene/control/FocusModel$$Lambda+0x00000000261a4068
instanceKlass javafx/scene/control/FocusModel
instanceKlass  @bci javafx/scene/control/TableView$TableViewArrayListSelectionModel <init> (Ljavafx/scene/control/TableView;)V 158 <appendix> member <vmtarget> ; # javafx/scene/control/TableView$TableViewArrayListSelectionModel$$Lambda+0x00000000261a3300
instanceKlass  @bci com/sun/javafx/scene/control/SelectedCellsMap <init> (Ljavafx/collections/ListChangeListener;)V 46 <appendix> argL0 ; # com/sun/javafx/scene/control/SelectedCellsMap$$Lambda+0x00000000261a3060
instanceKlass javafx/collections/transformation/SortedList$ElementComparator
instanceKlass javafx/collections/transformation/SortedList$Element
instanceKlass com/sun/javafx/collections/SortHelper
instanceKlass  @bci javafx/collections/transformation/TransformationList getListener ()Ljavafx/collections/ListChangeListener; 9 <appendix> member <vmtarget> ; # javafx/collections/transformation/TransformationList$$Lambda+0x00000000261a2518
instanceKlass  @bci com/sun/javafx/scene/control/SelectedCellsMap <init> (Ljavafx/collections/ListChangeListener;)V 20 <appendix> argL0 ; # com/sun/javafx/scene/control/SelectedCellsMap$$Lambda+0x00000000261a2278
instanceKlass  @bci javafx/scene/control/TableView$TableViewArrayListSelectionModel <init> (Ljavafx/scene/control/TableView;)V 88 <appendix> member <vmtarget> ; # javafx/scene/control/TableView$TableViewArrayListSelectionModel$$Lambda+0x00000000261a1c68
instanceKlass javafx/scene/control/TableView$TableViewArrayListSelectionModel$1
instanceKlass  @bci javafx/scene/control/TableView$TableViewArrayListSelectionModel <init> (Ljavafx/scene/control/TableView;)V 21 <appendix> member <vmtarget> ; # javafx/scene/control/TableView$TableViewArrayListSelectionModel$$Lambda+0x00000000261a1800
instanceKlass  @bci javafx/scene/control/TableView$TableViewArrayListSelectionModel <init> (Ljavafx/scene/control/TableView;)V 11 <appendix> argL0 ; # javafx/scene/control/TableView$TableViewArrayListSelectionModel$$Lambda+0x00000000261a15d8
instanceKlass com/sun/javafx/collections/MappingChange$Map
instanceKlass  @bci com/sun/javafx/scene/control/SelectedItemsReadOnlyObservableList <init> (Ljavafx/collections/ObservableList;Ljava/util/function/Supplier;)V 43 <appendix> member <vmtarget> ; # com/sun/javafx/scene/control/SelectedItemsReadOnlyObservableList$$Lambda+0x00000000261a11a0
instanceKlass  @bci com/sun/javafx/scene/control/SelectedItemsReadOnlyObservableList <init> (Ljavafx/collections/ObservableList;Ljava/util/function/Supplier;)V 11 <appendix> member <vmtarget> ; # com/sun/javafx/scene/control/SelectedItemsReadOnlyObservableList$$Lambda+0x00000000261a0f70
instanceKlass  @bci javafx/scene/control/MultipleSelectionModelBase <init> ()V 40 <appendix> member <vmtarget> ; # javafx/scene/control/MultipleSelectionModelBase$$Lambda+0x00000000261a0d40
instanceKlass  @bci javafx/scene/control/MultipleSelectionModelBase <init> ()V 9 <appendix> member <vmtarget> ; # javafx/scene/control/MultipleSelectionModelBase$$Lambda+0x00000000261a02a0
instanceKlass javafx/scene/control/TablePositionBase
instanceKlass com/sun/javafx/scene/control/SelectedCellsMap
instanceKlass  @bci javafx/scene/control/TableView <init> (Ljavafx/collections/ObservableList;)V 106 <appendix> member <vmtarget> ; # javafx/scene/control/TableView$$Lambda+0x000000002619b748
instanceKlass  @bci javafx/scene/control/TableView <init> (Ljavafx/collections/ObservableList;)V 96 <appendix> member <vmtarget> ; # javafx/scene/control/TableView$$Lambda+0x000000002619b518
instanceKlass  @bci javafx/scene/control/TableView <init> (Ljavafx/collections/ObservableList;)V 86 <appendix> member <vmtarget> ; # javafx/scene/control/TableView$$Lambda+0x000000002619b2e8
instanceKlass  @bci javafx/scene/control/TableView <init> (Ljavafx/collections/ObservableList;)V 76 <appendix> member <vmtarget> ; # javafx/scene/control/TableView$$Lambda+0x000000002619b0b8
instanceKlass  @bci javafx/scene/control/TableView <init> (Ljavafx/collections/ObservableList;)V 66 <appendix> member <vmtarget> ; # javafx/scene/control/TableView$$Lambda+0x000000002619ae88
instanceKlass javafx/scene/control/TableView$5
instanceKlass javafx/scene/control/TableView$3
instanceKlass javafx/scene/control/ResizeFeaturesBase
instanceKlass javafx/scene/control/TableView$2
instanceKlass javafx/scene/control/TableView$1
instanceKlass javafx/fxml/FXMLLoader$ControllerMethodEventHandler
instanceKlass javafx/fxml/FXMLLoader$MethodHandler
instanceKlass javafx/scene/control/TableColumn$CellDataFeatures
instanceKlass org/example/model/Horario
# instanceKlass java/lang/invoke/LambdaForm$MH+0x0000000026196000
# instanceKlass java/lang/invoke/LambdaForm$MH+0x0000000026195c00
# instanceKlass java/lang/invoke/LambdaForm$MH+0x0000000026195800
# instanceKlass java/lang/invoke/LambdaForm$BMH+0x0000000026195400
# instanceKlass java/lang/invoke/LambdaForm$DMH+0x0000000026195000
# instanceKlass java/lang/invoke/LambdaForm$MH+0x0000000026194c00
# instanceKlass java/lang/invoke/LambdaForm$DMH+0x0000000026194800
# instanceKlass java/lang/invoke/LambdaForm$MH+0x0000000026194400
instanceKlass java/lang/invoke/MethodHandle$1
instanceKlass  @bci com/sun/javafx/binding/ExpressionHelperBase trim (I[Ljava/lang/Object;)I 0 <appendix> argL0 ; # com/sun/javafx/binding/ExpressionHelperBase$$Lambda+0x0000000026190da0
instanceKlass  @bci jdk/internal/reflect/MethodHandleObjectFieldAccessorImpl set (Ljava/lang/Object;Ljava/lang/Object;)V 41 <adapter> ; # java/lang/invoke/LambdaForm$MH+0x0000000026194000
instanceKlass jdk/internal/reflect/FieldAccessorImpl
instanceKlass jdk/internal/reflect/FieldAccessor
instanceKlass  @bci javafx/scene/control/ComboBox <init> (Ljavafx/collections/ObservableList;)V 183 <appendix> member <vmtarget> ; # javafx/scene/control/ComboBox$$Lambda+0x0000000026190230
instanceKlass  @bci javafx/scene/control/ComboBox <init> (Ljavafx/collections/ObservableList;)V 170 <appendix> member <vmtarget> ; # javafx/scene/control/ComboBox$$Lambda+0x0000000026190000
instanceKlass  @bci javafx/scene/control/ComboBox <init> (Ljavafx/collections/ObservableList;)V 157 <appendix> member <vmtarget> ; # javafx/scene/control/ComboBox$$Lambda+0x000000002618fd00
instanceKlass javafx/scene/control/ComboBox$ComboBoxSelectionModel$1
instanceKlass  @bci javafx/scene/control/ComboBox$ComboBoxSelectionModel <init> (Ljavafx/scene/control/ComboBox;)V 71 <appendix> member <vmtarget> ; # javafx/scene/control/ComboBox$ComboBoxSelectionModel$$Lambda+0x000000002618f898
instanceKlass javafx/scene/control/ComboBox$ComboBoxSelectionModel$2
instanceKlass javafx/scene/control/ComboBox$3
instanceKlass  @bci javafx/scene/control/ComboBoxBase <init> ()V 143 <appendix> member <vmtarget> ; # javafx/scene/control/ComboBoxBase$$Lambda+0x000000002618efb0
instanceKlass javafx/util/StringConverter
instanceKlass javafx/scene/control/SelectionModel
instanceKlass com/sun/scenario/effect/EffectHelper
instanceKlass javafx/scene/effect/Effect$1
instanceKlass com/sun/scenario/effect/Effect
instanceKlass com/sun/scenario/effect/EffectHelper$EffectAccessor
instanceKlass javafx/scene/control/TextFormatter
instanceKlass javafx/scene/control/TextFormatter$Change
instanceKlass  @bci javafx/scene/control/TextInputControl <init> (Ljavafx/scene/control/TextInputControl$Content;)V 249 <appendix> member <vmtarget> ; # javafx/scene/control/TextInputControl$$Lambda+0x0000000026185e40
instanceKlass javafx/beans/property/StringPropertyBase$Listener
instanceKlass javafx/beans/property/IntegerPropertyBase$Listener
instanceKlass com/sun/javafx/binding/BindingHelperObserver
instanceKlass  @bci javafx/scene/control/TextInputControl <init> (Ljavafx/scene/control/TextInputControl$Content;)V 204 <appendix> member <vmtarget> ; # javafx/scene/control/TextInputControl$$Lambda+0x00000000261841c8
instanceKlass javafx/scene/control/TextInputControl$UndoRedoChange
instanceKlass javafx/scene/control/IndexRange
instanceKlass javafx/scene/control/TextField$TextFieldContent
instanceKlass javafx/beans/value/ObservableIntegerValue
instanceKlass javafx/beans/value/WritableIntegerValue
instanceKlass javafx/scene/control/TextInputControl$Content
instanceKlass com/sun/javafx/scene/control/FormatterAccessor
instanceKlass sun/reflect/generics/reflectiveObjects/LazyReflectiveObjectGenerator
instanceKlass sun/reflect/generics/tree/TypeVariableSignature
instanceKlass sun/reflect/generics/tree/ClassSignature
instanceKlass sun/reflect/generics/reflectiveObjects/ParameterizedTypeImpl
instanceKlass java/lang/reflect/ParameterizedType
instanceKlass sun/reflect/generics/tree/MethodTypeSignature
instanceKlass sun/reflect/generics/tree/Signature
instanceKlass sun/reflect/generics/tree/FormalTypeParameter
instanceKlass sun/reflect/generics/repository/AbstractRepository
# instanceKlass java/lang/invoke/LambdaForm$MH+0x0000000026139400
# instanceKlass java/lang/invoke/LambdaForm$MH+0x0000000026139000
# instanceKlass java/lang/invoke/LambdaForm$MH+0x0000000026138c00
# instanceKlass java/lang/invoke/LambdaForm$BMH+0x0000000026138800
# instanceKlass java/lang/invoke/LambdaForm$DMH+0x0000000026138400
# instanceKlass java/lang/invoke/LambdaForm$DMH+0x0000000026138000
# instanceKlass java/lang/invoke/LambdaForm$MH+0x0000000026137c00
# instanceKlass java/lang/invoke/LambdaForm$MH+0x0000000026137800
# instanceKlass java/lang/invoke/LambdaForm$MH+0x0000000026137400
instanceKlass  @bci java/util/stream/Collectors joining (Ljava/lang/CharSequence;Ljava/lang/CharSequence;Ljava/lang/CharSequence;)Ljava/util/stream/Collector; 22 <appendix> argL0 ; # java/util/stream/Collectors$$Lambda+0x800000043
instanceKlass  @bci java/util/stream/Collectors joining (Ljava/lang/CharSequence;Ljava/lang/CharSequence;Ljava/lang/CharSequence;)Ljava/util/stream/Collector; 17 <appendix> argL0 ; # java/util/stream/Collectors$$Lambda+0x800000041
instanceKlass  @bci java/util/stream/Collectors joining (Ljava/lang/CharSequence;Ljava/lang/CharSequence;Ljava/lang/CharSequence;)Ljava/util/stream/Collector; 12 <appendix> argL0 ; # java/util/stream/Collectors$$Lambda+0x80000003e
instanceKlass  @bci java/util/stream/Collectors joining (Ljava/lang/CharSequence;Ljava/lang/CharSequence;Ljava/lang/CharSequence;)Ljava/util/stream/Collector; 7 <appendix> member <vmtarget> ; # java/util/stream/Collectors$$Lambda+0x800000046
instanceKlass  @bci java/lang/Class methodToString (Ljava/lang/String;[Ljava/lang/Class;)Ljava/lang/String; 42 <appendix> argL0 ; # java/lang/Class$$Lambda+0x000000002614f6a0
# instanceKlass java/lang/invoke/LambdaForm$MH+0x0000000026137000
# instanceKlass java/lang/invoke/LambdaForm$DMH+0x0000000026136c00
# instanceKlass java/lang/invoke/LambdaForm$MH+0x0000000026136800
# instanceKlass java/lang/invoke/LambdaForm$DMH+0x0000000026136400
instanceKlass java/lang/invoke/ClassSpecializer$Factory$1$5$1
instanceKlass java/lang/invoke/ClassSpecializer$Factory$1$5
instanceKlass java/lang/invoke/ClassSpecializer$Factory$1$4
instanceKlass java/lang/invoke/ClassSpecializer$Factory$1$3
instanceKlass java/lang/invoke/ClassSpecializer$Factory$1$2
instanceKlass java/lang/invoke/ClassSpecializer$Factory$1$1Var
instanceKlass java/lang/invoke/ClassSpecializer$Factory$1$1
instanceKlass java/lang/invoke/ClassSpecializer$Factory$1
instanceKlass java/lang/invoke/MethodHandles$1
# instanceKlass java/lang/invoke/LambdaForm$BMH+0x0000000026136000
# instanceKlass java/lang/invoke/LambdaForm$DMH+0x0000000026135c00
# instanceKlass java/lang/invoke/LambdaForm$DMH+0x0000000026135800
instanceKlass sun/invoke/util/ValueConversions$1
instanceKlass sun/invoke/util/ValueConversions$WrapperCache
# instanceKlass java/lang/invoke/LambdaForm$DMH+0x0000000026135400
instanceKlass  @bci com/sun/javafx/fxml/builder/ProxyBuilder scanForSetters ()Ljava/util/Map; 98 <appendix> form vmentry <vmtarget> ; # java/lang/invoke/LambdaForm$MH+0x0000000026135000
instanceKlass com/sun/javafx/fxml/builder/ProxyBuilder$AnnotationValue
instanceKlass  @bci com/sun/javafx/fxml/builder/ProxyBuilder <init> (Ljava/lang/Class;)V 10 <appendix> argL0 ; # com/sun/javafx/fxml/builder/ProxyBuilder$$Lambda+0x00000000261316e8
instanceKlass javafx/beans/NamedArg
# instanceKlass java/lang/invoke/LambdaForm$MH+0x0000000026134800
# instanceKlass java/lang/invoke/LambdaForm$MH+0x0000000026134400
# instanceKlass java/lang/invoke/LambdaForm$MH+0x0000000026134000
instanceKlass com/sun/javafx/font/PrismFont
instanceKlass com/sun/javafx/font/FallbackResource
instanceKlass com/sun/javafx/font/PrismCompositeFontResource
instanceKlass com/sun/javafx/font/PrismFontFile$DirectoryEntry
instanceKlass com/sun/javafx/font/FontFileReader$Buffer
instanceKlass  @bci com/sun/javafx/font/FontFileReader openFile ()Z 11 <appendix> member <vmtarget> ; # com/sun/javafx/font/FontFileReader$$Lambda+0x000000002612e960
instanceKlass com/sun/javafx/font/FontFileReader
instanceKlass com/sun/javafx/font/PrismFontStrike
instanceKlass com/sun/javafx/font/DisposerRecord
instanceKlass  @bci com/sun/scenario/effect/impl/Renderer getPeerInstance (Lcom/sun/scenario/effect/FilterContext;Ljava/lang/String;I)Lcom/sun/scenario/effect/impl/EffectPeer; 33 <appendix> form vmentry <vmtarget> ; # java/lang/invoke/LambdaForm$MH+0x0000000026120c00
instanceKlass com/sun/javafx/font/WindowsFontMap$FamilyDescription
instanceKlass com/sun/javafx/font/WindowsFontMap
instanceKlass com/sun/javafx/font/CharToGlyphMapper
instanceKlass com/sun/javafx/font/FontStrike
instanceKlass com/sun/javafx/font/LogicalFont
instanceKlass com/sun/javafx/font/CompositeFontResource
instanceKlass com/sun/javafx/font/directwrite/IUnknown
instanceKlass  @bci com/sun/javafx/font/directwrite/OS <clinit> ()V 0 <appendix> argL0 ; # com/sun/javafx/font/directwrite/OS$$Lambda+0x000000002612bd00
instanceKlass com/sun/javafx/font/directwrite/OS
instanceKlass com/sun/javafx/text/GlyphLayout
instanceKlass com/sun/javafx/font/PrismFontFile
instanceKlass com/sun/javafx/font/FontConstants
instanceKlass com/sun/javafx/scene/text/FontHelper
instanceKlass javafx/scene/text/Font$1
instanceKlass com/sun/javafx/scene/text/FontHelper$FontAccessor
instanceKlass java/util/LinkedList$ListItr
instanceKlass  @bci javafx/scene/control/Label <init> ()V 6 <appendix> member <vmtarget> ; # javafx/scene/control/Label$$Lambda+0x0000000026129a00
instanceKlass  @bci javafx/scene/layout/VBox <clinit> ()V 0 <appendix> argL0 ; # javafx/scene/layout/VBox$$Lambda+0x0000000026126df8
instanceKlass  @bci javafx/scene/layout/HBox <clinit> ()V 0 <appendix> argL0 ; # javafx/scene/layout/HBox$$Lambda+0x00000000261255c8
instanceKlass javafx/fxml/FXML
instanceKlass javafx/fxml/FXMLLoader$ControllerAccessor$1
# instanceKlass java/lang/invoke/LambdaForm$MH+0x0000000026120400
# instanceKlass java/lang/invoke/LambdaForm$MH+0x0000000026120000
# instanceKlass java/lang/invoke/LambdaForm$MH+0x000000002611dc00
# instanceKlass java/lang/invoke/LambdaForm$MH+0x000000002611d800
# instanceKlass java/lang/invoke/LambdaForm$MH+0x000000002611d400
# instanceKlass java/lang/invoke/LambdaForm$MH+0x000000002611d000
instanceKlass  @bci java/lang/ClassLoader definePackage (Ljava/lang/String;Ljava/lang/Module;)Ljava/lang/Package; 73 <appendix> member <vmtarget> ; # java/lang/ClassLoader$$Lambda+0x000000002614bda8
instanceKlass com/sun/javafx/reflect/Trampoline
instanceKlass com/sun/javafx/reflect/MethodUtil$1
instanceKlass java/security/PrivilegedExceptionAction
instanceKlass  @bci com/sun/javafx/fxml/MethodHelper <clinit> ()V 0 <appendix> argL0 ; # com/sun/javafx/fxml/MethodHelper$$Lambda+0x000000002611f5b0
instanceKlass com/sun/javafx/fxml/MethodHelper
instanceKlass  @bci com/sun/javafx/fxml/ModuleHelper <clinit> ()V 0 <appendix> argL0 ; # com/sun/javafx/fxml/ModuleHelper$$Lambda+0x000000002611f178
instanceKlass com/sun/javafx/fxml/ModuleHelper
instanceKlass java/lang/Class$AnnotationData
instanceKlass java/lang/annotation/Target
instanceKlass sun/reflect/annotation/ExceptionProxy
instanceKlass java/lang/annotation/Documented
instanceKlass jdk/internal/classfile/impl/StackMapDecoder$1
instanceKlass jdk/internal/classfile/impl/StackMapDecoder
instanceKlass jdk/internal/classfile/impl/StackCounter
instanceKlass  @bci java/lang/reflect/ProxyGenerator lambda$generateLookupAccessor$0 (Ljava/lang/classfile/MethodBuilder;)V 30 <appendix> member <vmtarget> ; # java/lang/reflect/ProxyGenerator$$Lambda+0x0000000026149918
instanceKlass  @bci java/lang/reflect/ProxyGenerator generateLookupAccessor (Ljava/lang/classfile/ClassBuilder;)V 10 <appendix> member <vmtarget> ; # java/lang/reflect/ProxyGenerator$$Lambda+0x00000000261496d8
instanceKlass java/lang/classfile/constantpool/StringEntry
instanceKlass java/lang/classfile/constantpool/ConstantValueEntry
instanceKlass  @bci java/lang/reflect/ProxyGenerator generateStaticInitializer (Ljava/lang/classfile/ClassBuilder;)V 10 <appendix> member <vmtarget> ; # java/lang/reflect/ProxyGenerator$$Lambda+0x0000000026148d30
instanceKlass java/lang/classfile/attribute/StackMapTableAttribute
instanceKlass java/lang/classfile/attribute/StackMapFrameInfo
instanceKlass java/lang/classfile/instruction/ExceptionCatch
instanceKlass  @bci java/lang/reflect/ProxyGenerator$ProxyMethod lambda$generateMethod$0 (Ljava/lang/classfile/MethodBuilder;)V 30 <appendix> member <vmtarget> ; # java/lang/reflect/ProxyGenerator$ProxyMethod$$Lambda+0x0000000026147fc0
instanceKlass java/lang/classfile/attribute/ExceptionsAttribute
instanceKlass  @bci java/lang/reflect/ProxyGenerator$ProxyMethod generateMethod (Ljava/lang/classfile/ClassBuilder;)V 42 <appendix> member <vmtarget> ; # java/lang/reflect/ProxyGenerator$ProxyMethod$$Lambda+0x0000000026147658
instanceKlass  @bci java/lang/reflect/ProxyGenerator generateConstructor (Ljava/lang/classfile/ClassBuilder;)V 8 <appendix> member <vmtarget> ; # java/lang/reflect/ProxyGenerator$$Lambda+0x0000000026147418
instanceKlass  @bci java/lang/reflect/ProxyGenerator generateClassFile ()[B 197 <appendix> member <vmtarget> ; # java/lang/reflect/ProxyGenerator$$Lambda+0x00000000261471d8
instanceKlass  @bci java/lang/reflect/ProxyGenerator proxyMethodsFor (Ljava/lang/String;)Ljava/util/List; 5 <appendix> argL0 ; # java/lang/reflect/ProxyGenerator$$Lambda+0x0000000026146f90
instanceKlass java/lang/reflect/ProxyGenerator$ProxyMethod
instanceKlass java/lang/classfile/attribute/StackMapFrameInfo$ObjectVerificationTypeInfo
instanceKlass java/lang/classfile/attribute/StackMapFrameInfo$VerificationTypeInfo
instanceKlass java/lang/classfile/ClassFile$Option
instanceKlass java/lang/reflect/ProxyGenerator
instanceKlass  @bci java/lang/WeakPairMap computeIfAbsent (Ljava/lang/Object;Ljava/lang/Object;Ljava/util/function/BiFunction;)Ljava/lang/Object; 18 <appendix> member <vmtarget> ; # java/lang/WeakPairMap$$Lambda+0x00000000261462f8
instanceKlass  @bci java/lang/Module implAddExportsOrOpens (Ljava/lang/String;Ljava/lang/Module;ZZ)V 151 <appendix> argL0 ; # java/lang/Module$$Lambda+0x00000000261460c0
instanceKlass  @bci java/lang/module/ModuleDescriptor$Builder packages (Ljava/util/Set;)Ljava/lang/module/ModuleDescriptor$Builder; 17 <appendix> argL0 ; # java/lang/module/ModuleDescriptor$Builder$$Lambda+0x80000000e
instanceKlass java/lang/WeakPairMap$Pair$Lookup
instanceKlass java/lang/WeakPairMap$Pair
instanceKlass java/lang/WeakPairMap
instanceKlass java/lang/Module$ReflectionData
instanceKlass  @bci java/lang/reflect/Proxy$ProxyBuilder getDynamicModule (Ljava/lang/ClassLoader;)Ljava/lang/Module; 4 <appendix> argL0 ; # java/lang/reflect/Proxy$ProxyBuilder$$Lambda+0x0000000026145730
instanceKlass java/lang/PublicMethods
instanceKlass java/lang/reflect/Proxy$ProxyBuilder
instanceKlass  @bci java/lang/reflect/Proxy getProxyConstructor (Ljava/lang/ClassLoader;[Ljava/lang/Class;)Ljava/lang/reflect/Constructor; 18 <appendix> argL0 ; # java/lang/reflect/Proxy$$Lambda+0x0000000026144430
instanceKlass java/lang/ClassValue$Identity
instanceKlass java/lang/ClassValue$Entry
instanceKlass java/lang/ClassValue
instanceKlass java/lang/reflect/Proxy
instanceKlass sun/reflect/annotation/AnnotationInvocationHandler
instanceKlass java/lang/reflect/InvocationHandler
instanceKlass java/lang/annotation/Inherited
instanceKlass java/lang/annotation/Retention
instanceKlass sun/reflect/annotation/AnnotationType
instanceKlass java/lang/reflect/GenericArrayType
instanceKlass javafx/beans/DefaultProperty
instanceKlass sun/reflect/generics/visitor/Reifier
instanceKlass sun/reflect/generics/visitor/TypeTreeVisitor
instanceKlass sun/reflect/generics/factory/CoreReflectionFactory
instanceKlass sun/reflect/generics/factory/GenericsFactory
instanceKlass sun/reflect/generics/scope/AbstractScope
instanceKlass sun/reflect/generics/scope/Scope
instanceKlass sun/reflect/generics/tree/ClassTypeSignature
instanceKlass sun/reflect/generics/tree/SimpleClassTypeSignature
instanceKlass sun/reflect/generics/tree/FieldTypeSignature
instanceKlass sun/reflect/generics/tree/BaseType
instanceKlass sun/reflect/generics/tree/TypeSignature
instanceKlass sun/reflect/generics/tree/ReturnType
instanceKlass sun/reflect/generics/tree/TypeArgument
instanceKlass sun/reflect/generics/tree/TypeTree
instanceKlass sun/reflect/generics/tree/Tree
instanceKlass sun/reflect/generics/parser/SignatureParser
instanceKlass com/sun/javafx/beans/IDProperty
instanceKlass javafx/scene/layout/Pane$1
instanceKlass com/sun/javafx/scene/layout/PaneHelper$PaneAccessor
instanceKlass  @bci com/sun/javafx/fxml/BeanAdapter getMethodName (Ljava/lang/String;Ljava/lang/String;)Ljava/lang/String; 14 <appendix> form vmentry <vmtarget> ; # java/lang/invoke/LambdaForm$MH+0x000000002611c800
instanceKlass  @bci com/sun/javafx/fxml/BeanAdapter getMethodName (Ljava/lang/String;Ljava/lang/String;)Ljava/lang/String; 14 <appendix> form names 6 function resolvedHandle form vmentry <vmtarget> ; # java/lang/invoke/LambdaForm$DMH+0x000000002611c400
instanceKlass javafx/scene/Node$AccessibilityProperties
instanceKlass javafx/css/CssMetaData
instanceKlass javafx/scene/Node$NodeTransformation
instanceKlass com/sun/javafx/scene/EventHandlerProperties
instanceKlass javafx/scene/Node$MiscProperties
instanceKlass javafx/scene/input/Clipboard
instanceKlass com/sun/javafx/geom/Point2D
instanceKlass javafx/scene/Cursor
instanceKlass javafx/scene/SnapshotParameters
instanceKlass javafx/scene/layout/Border
instanceKlass com/sun/javafx/scene/input/PickResultChooser
instanceKlass com/sun/javafx/geom/PickRay
instanceKlass javafx/scene/layout/Background
instanceKlass javafx/scene/layout/CornerRadii
instanceKlass javafx/scene/layout/BorderWidths
instanceKlass com/sun/javafx/fxml/BeanAdapter$MethodCache
instanceKlass com/sun/javafx/fxml/BeanAdapter$1
instanceKlass java/time/LocalTime$1
instanceKlass sun/util/locale/provider/LocaleResources
instanceKlass java/text/DecimalFormatSymbols
instanceKlass sun/util/resources/Bundles$CacheKeyReference
instanceKlass  @bci sun/util/cldr/CLDRLocaleProviderAdapter applyAliases (Ljava/util/Locale;)Ljava/util/Locale; 4 <appendix> argL0 ; # sun/util/cldr/CLDRLocaleProviderAdapter$$Lambda+0x80000005a
instanceKlass sun/util/resources/LocaleData$LocaleDataResourceBundleProvider
instanceKlass java/util/spi/ResourceBundleProvider
instanceKlass sun/util/resources/Bundles$CacheKey
instanceKlass sun/util/resources/Bundles
instanceKlass sun/util/resources/LocaleData$LocaleDataStrategy
instanceKlass sun/util/resources/Bundles$Strategy
instanceKlass sun/util/resources/LocaleData
instanceKlass java/util/Locale$Builder
instanceKlass sun/util/locale/provider/CalendarDataUtility
instanceKlass sun/util/locale/provider/AvailableLanguageTags
instanceKlass sun/util/resources/cldr/provider/CLDRLocaleDataMetaInfo
instanceKlass sun/util/locale/InternalLocaleBuilder$CaseInsensitiveChar
instanceKlass sun/util/locale/InternalLocaleBuilder
instanceKlass sun/util/locale/StringTokenIterator
instanceKlass java/text/ParsePosition
instanceKlass sun/util/cldr/CLDRBaseLocaleDataMetaInfo
instanceKlass sun/util/locale/provider/LocaleDataMetaInfo
instanceKlass sun/util/locale/provider/ResourceBundleBasedAdapter
instanceKlass sun/util/locale/provider/LocaleProviderAdapter
instanceKlass java/util/spi/LocaleServiceProvider
instanceKlass java/text/DateFormatSymbols
instanceKlass java/time/LocalDate$1
instanceKlass java/time/ZonedDateTime$1
instanceKlass java/util/Calendar
instanceKlass java/util/Date
instanceKlass java/util/Formatter$DateTime
instanceKlass java/util/Formatter$FormatSpecifierParser
instanceKlass  @bci jdk/internal/module/SystemModuleFinders$SystemModuleReader open (Ljava/lang/String;)Ljava/util/Optional; 6 <appendix> member <vmtarget> ; # jdk/internal/module/SystemModuleFinders$SystemModuleReader$$Lambda+0x00000000260fe3a0
instanceKlass java/util/ResourceBundle$ResourceBundleProviderHelper
instanceKlass  @bci java/util/ResourceBundle$Control getCandidateLocales (Ljava/lang/String;Ljava/util/Locale;)Ljava/util/List; 23 <appendix> argL0 ; # java/util/ResourceBundle$Control$$Lambda+0x80000001d
instanceKlass java/util/ResourceBundle$CacheKeyReference
instanceKlass java/util/ResourceBundle$CacheKey
instanceKlass  @bci java/util/ResourceBundle$Control <clinit> ()V 39 <appendix> argL0 ; # java/util/ResourceBundle$Control$$Lambda+0x80000001e
instanceKlass java/util/ResourceBundle$Control
instanceKlass java/util/ResourceBundle$1
instanceKlass jdk/internal/access/JavaUtilResourceBundleAccess
instanceKlass java/util/ResourceBundle
instanceKlass java/util/logging/Level$RbAccess
instanceKlass  @bci java/util/logging/LogRecord inferCaller ()V 18 <appendix> member <vmtarget> ; # java/util/logging/LogRecord$$Lambda+0x00000000260fd3d0
# instanceKlass java/lang/invoke/LambdaForm$MH+0x0000000026114400
instanceKlass  @bci java/util/logging/LogRecord$CallerFinder get ()Ljava/util/Optional; 4 <appendix> member <vmtarget> ; # java/util/logging/LogRecord$CallerFinder$$Lambda+0x00000000260fccb0
instanceKlass java/util/logging/LogRecord$CallerFinder
instanceKlass java/time/ZonedDateTime
instanceKlass java/time/chrono/ChronoZonedDateTime
instanceKlass  @bci java/time/format/DateTimeFormatter <clinit> ()V 1075 <appendix> argL0 ; # java/time/format/DateTimeFormatter$$Lambda+0x80000001b
instanceKlass  @bci java/time/format/DateTimeFormatter <clinit> ()V 1067 <appendix> argL0 ; # java/time/format/DateTimeFormatter$$Lambda+0x80000001a
instanceKlass java/time/Period
instanceKlass java/time/chrono/ChronoPeriod
instanceKlass java/time/format/DateTimeFormatterBuilder$TextPrinterParser
instanceKlass java/util/TimSort
instanceKlass java/util/Arrays$LegacyMergeSort
instanceKlass java/time/format/DateTimeTextProvider$1
instanceKlass java/time/format/DateTimeTextProvider
instanceKlass java/util/Collections$1
instanceKlass java/util/AbstractMap$SimpleImmutableEntry
instanceKlass java/time/format/DateTimeTextProvider$LocaleStore
instanceKlass java/time/format/DateTimeFormatterBuilder$InstantPrinterParser
instanceKlass java/time/format/DateTimeFormatterBuilder$StringLiteralPrinterParser
instanceKlass java/time/format/DateTimeFormatterBuilder$ZoneIdPrinterParser
instanceKlass java/time/format/DateTimeFormatterBuilder$OffsetIdPrinterParser
instanceKlass java/time/format/DecimalStyle
instanceKlass java/time/format/DateTimeFormatterBuilder$CharLiteralPrinterParser
instanceKlass java/time/format/DateTimeFormatter
instanceKlass java/time/format/DateTimeFormatterBuilder$CompositePrinterParser
instanceKlass java/time/format/DateTimeFormatterBuilder$NumberPrinterParser
instanceKlass java/time/format/DateTimeFormatterBuilder$DateTimePrinterParser
instanceKlass java/time/temporal/JulianFields
instanceKlass java/time/temporal/IsoFields
instanceKlass  @bci java/time/format/DateTimeFormatterBuilder <clinit> ()V 0 <appendix> argL0 ; # java/time/format/DateTimeFormatterBuilder$$Lambda+0x80000001c
instanceKlass java/time/temporal/TemporalQuery
instanceKlass java/time/format/DateTimeFormatterBuilder
instanceKlass java/time/Year
instanceKlass java/time/chrono/AbstractChronology
instanceKlass java/time/chrono/Chronology
instanceKlass java/time/LocalTime
instanceKlass java/time/temporal/ValueRange
instanceKlass java/time/Duration
instanceKlass java/time/temporal/TemporalAmount
instanceKlass java/time/temporal/TemporalUnit
instanceKlass java/time/temporal/TemporalField
instanceKlass java/time/LocalDate
instanceKlass java/time/chrono/ChronoLocalDate
instanceKlass java/time/zone/ZoneOffsetTransition
instanceKlass java/util/concurrent/atomic/AtomicReferenceArray
instanceKlass java/time/LocalDateTime
instanceKlass java/time/chrono/ChronoLocalDateTime
instanceKlass java/time/zone/ZoneOffsetTransitionRule
instanceKlass java/time/zone/ZoneRules
instanceKlass java/time/zone/Ser
instanceKlass java/io/Externalizable
instanceKlass java/time/zone/ZoneRulesProvider
instanceKlass sun/util/calendar/ZoneInfoFile$ZoneOffsetTransitionRule
instanceKlass sun/util/calendar/ZoneInfoFile
instanceKlass java/util/TimeZone
instanceKlass java/time/ZoneId
instanceKlass java/util/logging/LogManager$CloseOnReset
instanceKlass java/util/logging/ErrorManager
instanceKlass jdk/internal/logger/SimpleConsoleLogger$Formatting
instanceKlass sun/util/logging/PlatformLogger
instanceKlass  @bci java/util/logging/SimpleFormatter <init> ()V 5 <appendix> argL0 ; # java/util/logging/SimpleFormatter$$Lambda+0x00000000260f6908
instanceKlass java/util/logging/Formatter
instanceKlass java/time/Clock
instanceKlass java/time/InstantSource
instanceKlass java/time/Instant
instanceKlass java/time/temporal/TemporalAdjuster
instanceKlass java/time/temporal/Temporal
instanceKlass java/time/temporal/TemporalAccessor
instanceKlass java/util/logging/LogRecord
instanceKlass sun/util/logging/PlatformLogger$ConfigurableBridge$LoggerConfiguration
instanceKlass  @bci java/util/logging/Level$KnownLevel findByName (Ljava/lang/String;Ljava/util/function/Function;)Ljava/util/Optional; 29 <appendix> argL0 ; # java/util/logging/Level$KnownLevel$$Lambda+0x800000022
instanceKlass java/util/ArrayList$ArrayListSpliterator
instanceKlass  @bci java/util/logging/Level findLevel (Ljava/lang/String;)Ljava/util/logging/Level; 13 <appendix> argL0 ; # java/util/logging/Level$$Lambda+0x80000001f
instanceKlass java/util/Hashtable$Enumerator
instanceKlass java/util/Collections$SynchronizedCollection
instanceKlass java/util/Properties$EntrySet
instanceKlass java/util/Collections$3
instanceKlass java/util/logging/LogManager$VisitedLoggers
instanceKlass java/util/logging/Logger$ConfigurationData
instanceKlass java/util/logging/Logger$LoggerBundle
instanceKlass java/util/logging/Handler
instanceKlass java/util/logging/Logger
instanceKlass java/util/logging/LogManager$LoggingProviderAccess
instanceKlass java/util/logging/LogManager$LogNode
instanceKlass java/util/logging/LogManager$LoggerContext
instanceKlass  @bci java/util/logging/Level$KnownLevel add (Ljava/util/logging/Level;)V 49 <appendix> argL0 ; # java/util/logging/Level$KnownLevel$$Lambda+0x800000021
instanceKlass  @bci java/util/logging/Level$KnownLevel add (Ljava/util/logging/Level;)V 19 <appendix> argL0 ; # java/util/logging/Level$KnownLevel$$Lambda+0x800000020
instanceKlass java/util/logging/Level
instanceKlass java/util/logging/LogManager
instanceKlass jdk/internal/logger/BootstrapLogger$BootstrapExecutors
instanceKlass jdk/internal/logger/BootstrapLogger$RedirectedLoggers
instanceKlass java/util/ServiceLoader$ProviderImpl
instanceKlass java/util/ServiceLoader$Provider
instanceKlass sun/util/logging/internal/LoggingProviderImpl$LogManagerAccess
instanceKlass java/util/concurrent/CopyOnWriteArrayList$COWIterator
instanceKlass jdk/internal/logger/BootstrapLogger$DetectBackend
instanceKlass jdk/internal/logger/BootstrapLogger
instanceKlass sun/util/logging/PlatformLogger$ConfigurableBridge
instanceKlass sun/util/logging/PlatformLogger$Bridge
instanceKlass jdk/internal/logger/LoggerFinderLoader
instanceKlass java/lang/System$LoggerFinder
instanceKlass jdk/internal/logger/LazyLoggers$LazyLoggerFactories
instanceKlass jdk/internal/logger/LazyLoggers$1
instanceKlass jdk/internal/logger/LazyLoggers
instanceKlass com/sun/javafx/logging/PlatformLogger
instanceKlass java/lang/System$Logger
instanceKlass com/sun/javafx/util/Logging
instanceKlass java/util/StringTokenizer
instanceKlass java/util/regex/ASCII
instanceKlass java/util/regex/IntHashSet
instanceKlass java/util/regex/Matcher
instanceKlass java/util/regex/MatchResult
instanceKlass  @bci java/util/regex/CharPredicates ASCII_DIGIT ()Ljava/util/regex/Pattern$BmpCharPredicate; 0 <appendix> argL0 ; # java/util/regex/CharPredicates$$Lambda+0x800000024
instanceKlass javafx/event/WeakEventHandler
instanceKlass com/sun/javafx/event/CompositeEventHandler$EventProcessorRecord
instanceKlass com/sun/javafx/event/CompositeEventHandler
instanceKlass javafx/event/EventType
instanceKlass  @bci javafx/event/Event <clinit> ()V 0 <appendix> argL0 ; # javafx/event/Event$$Lambda+0x00000000261135b8
instanceKlass  @bci javafx/scene/layout/Region <init> ()V 6 <appendix> member <vmtarget> ; # javafx/scene/layout/Region$$Lambda+0x0000000026113388
instanceKlass  @bci javafx/scene/control/Control <clinit> ()V 35 <appendix> argL0 ; # javafx/scene/control/Control$$Lambda+0x00000000261113f8
instanceKlass  @cpi com/sun/javafx/scene/control/behavior/FocusTraversalInputMap 151 form vmentry <vmtarget> ; # java/lang/invoke/LambdaForm$DMH+0x0000000026114000
instanceKlass com/sun/javafx/css/StyleManager$RefList
instanceKlass javafx/css/converter/FontConverter$FontWeightConverter$Holder
instanceKlass javafx/css/converter/StringConverter$Holder
instanceKlass javafx/css/converter/FontConverter$FontSizeConverter$Holder
instanceKlass javafx/css/converter/EffectConverter$Holder
instanceKlass com/sun/javafx/scene/layout/region/Margins
instanceKlass com/sun/javafx/scene/layout/region/Margins$Holder
instanceKlass javafx/css/converter/BooleanConverter$Holder
instanceKlass javafx/css/converter/SizeConverter$Holder
instanceKlass javafx/css/converter/InsetsConverter$Holder
instanceKlass com/sun/javafx/css/SelectorPartitioning$Slot
instanceKlass com/sun/javafx/css/SelectorPartitioning$Partition
instanceKlass javafx/css/converter/PaintConverter$Holder
instanceKlass javafx/css/converter/StopConverter$Holder
instanceKlass javafx/css/converter/LadderConverter$Holder
instanceKlass javafx/css/converter/DeriveColorConverter$Holder
instanceKlass javafx/css/converter/URLConverter$Holder
instanceKlass javafx/css/StyleConverter
instanceKlass javafx/css/Size
instanceKlass javafx/css/ParsedValue
instanceKlass javafx/css/Declaration
instanceKlass javafx/css/Rule$Observables
instanceKlass  @bci com/sun/javafx/css/SelectorPartitioning <clinit> ()V 28 <appendix> argL0 ; # com/sun/javafx/css/SelectorPartitioning$$Lambda+0x0000000026106328
instanceKlass com/sun/javafx/css/SelectorPartitioning$PartitionKey
instanceKlass com/sun/javafx/css/SelectorPartitioning
instanceKlass com/sun/javafx/css/StyleManager$StylesheetContainer
instanceKlass java/util/AbstractList$SubList$1
instanceKlass javafx/collections/ModifiableObservableListBase$SubObservableList
instanceKlass javafx/css/StyleClass
instanceKlass javafx/css/Selector
instanceKlass javafx/css/Rule
instanceKlass javafx/css/StyleConverter$StringStore
instanceKlass sun/net/www/protocol/jar/JarFileFactory
instanceKlass sun/net/www/protocol/jar/URLJarFile$URLJarFileCloseController
instanceKlass javafx/css/Stylesheet
# instanceKlass java/lang/invoke/LambdaForm$MH+0x0000000026100400
# instanceKlass java/lang/invoke/LambdaForm$MH+0x0000000026100000
instanceKlass javafx/geometry/Point2D
instanceKlass  @bci com/sun/javafx/font/PrismFontFactory <clinit> ()V 58 <appendix> member <vmtarget> ; # com/sun/javafx/font/PrismFontFactory$$Lambda+0x00000000260ecfc8
instanceKlass java/io/FilenameFilter
instanceKlass com/sun/javafx/font/FontResource
instanceKlass com/sun/javafx/font/PGFont
instanceKlass com/sun/javafx/font/PrismFontFactory
instanceKlass com/sun/javafx/scene/text/TextLine
instanceKlass java/text/CharacterIterator
instanceKlass com/sun/javafx/scene/text/GlyphList
instanceKlass com/sun/javafx/text/PrismTextLayout
instanceKlass com/sun/javafx/scene/text/TextLayout
instanceKlass com/sun/javafx/text/PrismTextLayoutFactory
instanceKlass  @bci javafx/scene/text/Text <init> ()V 64 <appendix> member <vmtarget> ; # javafx/scene/text/Text$$Lambda+0x00000000260ebab0
instanceKlass  @bci javafx/scene/text/Text <init> ()V 37 <appendix> member <vmtarget> ; # javafx/scene/text/Text$$Lambda+0x00000000260eb638
instanceKlass javafx/beans/WeakInvalidationListener
instanceKlass  @bci javafx/scene/Node <init> ()V 84 <appendix> member <vmtarget> ; # javafx/scene/Node$$Lambda+0x00000000260e93c8
instanceKlass  @bci javafx/scene/Node <init> ()V 74 <appendix> member <vmtarget> ; # javafx/scene/Node$$Lambda+0x00000000260e9198
instanceKlass  @bci javafx/scene/Node <init> ()V 64 <appendix> member <vmtarget> ; # javafx/scene/Node$$Lambda+0x00000000260e8f68
instanceKlass  @bci javafx/scene/Node <init> ()V 54 <appendix> member <vmtarget> ; # javafx/scene/Node$$Lambda+0x00000000260e8d38
instanceKlass javafx/scene/paint/Paint$1
instanceKlass com/sun/javafx/tk/Toolkit$PaintAccessor
instanceKlass javafx/scene/text/Text$1
instanceKlass javafx/scene/shape/Shape$1
instanceKlass com/sun/javafx/scene/text/TextSpan
instanceKlass com/sun/javafx/scene/shape/TextHelper$TextAccessor
instanceKlass com/sun/javafx/scene/shape/ShapeHelper$ShapeAccessor
instanceKlass com/sun/javafx/beans/event/AbstractNotifyListener
instanceKlass com/sun/javafx/scene/control/skin/Utils
instanceKlass  @bci com/sun/javafx/css/StyleManager loadStylesheetUnPrivileged (Ljava/lang/String;)Ljavafx/css/Stylesheet; 7 <appendix> member <vmtarget> ; # com/sun/javafx/css/StyleManager$$Lambda+0x00000000260dede0
instanceKlass com/sun/javafx/css/StyleManager$ImageCache
instanceKlass com/sun/javafx/css/StyleManager$InstanceHolder
instanceKlass com/sun/javafx/css/StyleManager
instanceKlass  @bci com/sun/javafx/application/PlatformImpl _setPlatformUserAgentStylesheet (Ljava/lang/String;)V 322 <appendix> member <vmtarget> ; # com/sun/javafx/application/PlatformImpl$$Lambda+0x00000000260de570
instanceKlass  @bci com/sun/javafx/application/PlatformImpl _setAccessibilityTheme (Ljava/lang/String;)V 0 <appendix> argL0 ; # com/sun/javafx/application/PlatformImpl$$Lambda+0x00000000260de348
instanceKlass com/sun/javafx/tk/quantum/QuantumToolkit$6
instanceKlass  @bci com/sun/javafx/application/PlatformImpl _setPlatformUserAgentStylesheet (Ljava/lang/String;)V 8 <appendix> argL0 ; # com/sun/javafx/application/PlatformImpl$$Lambda+0x00000000260ddac0
instanceKlass javafx/scene/control/Control$1
instanceKlass com/sun/javafx/geom/Vec2d
instanceKlass javafx/scene/layout/Region$1
instanceKlass javafx/scene/Parent$1
instanceKlass  @bci javafx/scene/PropertyHelper getBooleanProperty (Ljava/lang/String;)Z 1 <appendix> member <vmtarget> ; # javafx/scene/PropertyHelper$$Lambda+0x00000000260dc720
instanceKlass javafx/scene/PropertyHelper
instanceKlass  @bci javafx/scene/Node <clinit> ()V 105 <appendix> argL0 ; # javafx/scene/Node$$Lambda+0x00000000260dc2e8
instanceKlass  @cpi javafx/scene/Node 2779 form vmentry <vmtarget> ; # java/lang/invoke/LambdaForm$DMH+0x00000000260e0000
instanceKlass com/sun/javafx/scene/BoundsAccessor
instanceKlass javafx/collections/SetChangeListener$Change
instanceKlass com/sun/javafx/css/BitSet
instanceKlass javafx/css/PseudoClass
instanceKlass javafx/geometry/Point3D
instanceKlass com/sun/javafx/scene/transform/TransformHelper
instanceKlass javafx/scene/transform/Transform$1
instanceKlass com/sun/javafx/scene/transform/TransformHelper$TransformAccessor
instanceKlass javafx/scene/transform/Transform
instanceKlass com/sun/javafx/scene/NodeHelper
instanceKlass javafx/scene/Node$1
instanceKlass javafx/scene/control/Skin
instanceKlass com/sun/javafx/scene/control/ControlHelper$ControlAccessor
instanceKlass com/sun/javafx/scene/layout/RegionHelper$RegionAccessor
instanceKlass com/sun/javafx/sg/prism/NGNode
instanceKlass com/sun/javafx/scene/ParentHelper$ParentAccessor
instanceKlass com/sun/javafx/scene/NodeHelper$NodeAccessor
instanceKlass com/sun/javafx/reflect/ConstructorUtil
instanceKlass javafx/scene/shape/Mesh
instanceKlass com/sun/javafx/reflect/ReflectUtil
instanceKlass org/example/controller/DisciplinasController
instanceKlass javafx/fxml/FXMLLoader$Attribute
instanceKlass javafx/beans/value/ChangeListener
instanceKlass javafx/event/EventHandler
instanceKlass java/util/EventListener
instanceKlass javafx/collections/MapChangeListener
instanceKlass javafx/collections/SetChangeListener
instanceKlass javafx/scene/text/Font
instanceKlass javafx/scene/effect/Effect
instanceKlass javafx/scene/control/TableColumnBase
instanceKlass javafx/scene/control/Skinnable
instanceKlass javafx/geometry/Insets
instanceKlass java/util/LinkedList$Node
instanceKlass com/sun/org/apache/xerces/internal/util/XMLChar
instanceKlass com/sun/xml/internal/stream/util/BufferAllocator
instanceKlass com/sun/xml/internal/stream/util/ThreadLocalBufferAllocator
instanceKlass com/sun/xml/internal/stream/Entity
instanceKlass com/sun/org/apache/xerces/internal/util/XMLSymbols
instanceKlass jdk/xml/internal/XMLLimitAnalyzer
instanceKlass com/sun/org/apache/xerces/internal/impl/msg/XMLMessageFormatter
instanceKlass com/sun/org/apache/xerces/internal/util/MessageFormatter
instanceKlass com/sun/org/apache/xerces/internal/impl/XMLErrorReporter
instanceKlass com/sun/org/apache/xerces/internal/impl/XMLEntityScanner
instanceKlass com/sun/org/apache/xerces/internal/xni/XMLLocator
instanceKlass com/sun/xml/internal/stream/XMLEntityStorage
instanceKlass com/sun/org/apache/xerces/internal/impl/XMLEntityManager
instanceKlass com/sun/org/apache/xerces/internal/xni/parser/XMLEntityResolver
instanceKlass com/sun/org/apache/xerces/internal/util/NamespaceContextWrapper
instanceKlass javax/xml/namespace/NamespaceContext
instanceKlass com/sun/org/apache/xerces/internal/xni/grammars/XMLDTDDescription
instanceKlass com/sun/org/apache/xerces/internal/xni/grammars/XMLGrammarDescription
instanceKlass com/sun/org/apache/xerces/internal/impl/XMLDocumentScannerImpl$TrailingMiscDriver
instanceKlass com/sun/org/apache/xerces/internal/impl/XMLDocumentScannerImpl$PrologDriver
instanceKlass com/sun/org/apache/xerces/internal/impl/XMLDocumentScannerImpl$XMLDeclDriver
instanceKlass com/sun/org/apache/xerces/internal/util/NamespaceSupport
instanceKlass com/sun/org/apache/xerces/internal/xni/NamespaceContext
instanceKlass com/sun/org/apache/xerces/internal/util/AugmentationsImpl$AugmentationsItemsContainer
instanceKlass com/sun/org/apache/xerces/internal/util/AugmentationsImpl
instanceKlass com/sun/org/apache/xerces/internal/xni/Augmentations
instanceKlass com/sun/org/apache/xerces/internal/util/XMLAttributesImpl$Attribute
instanceKlass com/sun/org/apache/xerces/internal/util/XMLAttributesImpl
instanceKlass com/sun/org/apache/xerces/internal/xni/XMLAttributes
instanceKlass com/sun/org/apache/xerces/internal/impl/XMLDocumentFragmentScannerImpl$FragmentContentDriver
instanceKlass com/sun/org/apache/xerces/internal/impl/XMLDocumentFragmentScannerImpl$Driver
instanceKlass com/sun/org/apache/xerces/internal/impl/XMLDocumentFragmentScannerImpl$ElementStack2
instanceKlass com/sun/org/apache/xerces/internal/xni/QName
instanceKlass com/sun/org/apache/xerces/internal/impl/XMLDocumentFragmentScannerImpl$ElementStack
instanceKlass com/sun/org/apache/xerces/internal/util/XMLResourceIdentifierImpl
instanceKlass com/sun/org/apache/xerces/internal/xni/XMLResourceIdentifier
instanceKlass com/sun/org/apache/xerces/internal/xni/XMLString
instanceKlass com/sun/org/apache/xerces/internal/impl/XMLScanner
instanceKlass com/sun/xml/internal/stream/XMLBufferListener
instanceKlass com/sun/org/apache/xerces/internal/impl/XMLEntityHandler
instanceKlass com/sun/org/apache/xerces/internal/xni/parser/XMLComponent
instanceKlass com/sun/org/apache/xerces/internal/xni/parser/XMLDocumentScanner
instanceKlass com/sun/org/apache/xerces/internal/xni/parser/XMLDocumentSource
instanceKlass com/sun/org/apache/xerces/internal/util/SymbolTable$Entry
instanceKlass com/sun/org/apache/xerces/internal/util/SymbolTable
instanceKlass com/sun/org/apache/xerces/internal/impl/XMLStreamReaderImpl
instanceKlass com/sun/org/apache/xerces/internal/xni/parser/XMLInputSource
instanceKlass javax/xml/stream/util/StreamReaderDelegate
instanceKlass  @bci javax/xml/stream/FactoryFinder newInstance (Ljava/lang/Class;Ljava/lang/String;Ljava/lang/ClassLoader;ZZ)Ljava/lang/Object; 80 <appendix> member <vmtarget> ; # javax/xml/stream/FactoryFinder$$Lambda+0x0000000026032da0
instanceKlass jdk/xml/internal/JdkConstants
instanceKlass  @bci javax/xml/catalog/CatalogFeatures setProperties (Ljavax/xml/catalog/CatalogFeatures$Builder;)V 5 <appendix> member <vmtarget> ; # javax/xml/catalog/CatalogFeatures$$Lambda+0x0000000026032950
instanceKlass javax/xml/catalog/CatalogMessages
instanceKlass javax/xml/catalog/Util
instanceKlass javax/xml/catalog/CatalogFeatures$Builder
instanceKlass javax/xml/catalog/CatalogFeatures
instanceKlass jdk/xml/internal/JdkXmlUtils
instanceKlass com/sun/org/apache/xerces/internal/impl/PropertyManager
instanceKlass  @bci javax/xml/stream/FactoryFinder find (Ljava/lang/Class;Ljava/lang/String;Ljava/lang/ClassLoader;Ljava/lang/String;)Ljava/lang/Object; 147 <appendix> member <vmtarget> ; # javax/xml/stream/FactoryFinder$$Lambda+0x0000000026030ee8
instanceKlass jdk/internal/loader/URLClassPath$1
instanceKlass java/lang/CompoundEnumeration
instanceKlass jdk/internal/loader/BuiltinClassLoader$1
instanceKlass java/util/Collections$EmptyEnumeration
instanceKlass java/util/ServiceLoader$2
instanceKlass java/util/ServiceLoader$1
instanceKlass java/util/ServiceLoader$LazyClassPathLookupIterator
instanceKlass java/util/Spliterators$1Adapter
instanceKlass java/util/Spliterators$ArraySpliterator
instanceKlass java/util/ServiceLoader$ModuleServicesLookupIterator
instanceKlass java/util/ServiceLoader
instanceKlass jdk/xml/internal/JdkXmlFeatures
instanceKlass jdk/xml/internal/FeaturePropertyBase
instanceKlass java/util/Collections$UnmodifiableMap$UnmodifiableEntrySet$UnmodifiableEntry
instanceKlass  @bci java/util/Collections$UnmodifiableMap$UnmodifiableEntrySet entryConsumer (Ljava/util/function/Consumer;)Ljava/util/function/Consumer; 1 <appendix> member <vmtarget> ; # java/util/Collections$UnmodifiableMap$UnmodifiableEntrySet$$Lambda+0x000000002602e2b0
instanceKlass  @bci java/util/stream/Collectors uniqKeysMapMerger ()Ljava/util/function/BinaryOperator; 0 <appendix> argL0 ; # java/util/stream/Collectors$$Lambda+0x000000002602e060
instanceKlass  @bci java/util/stream/Collectors uniqKeysMapAccumulator (Ljava/util/function/Function;Ljava/util/function/Function;)Ljava/util/function/BiConsumer; 2 <appendix> member <vmtarget> ; # java/util/stream/Collectors$$Lambda+0x000000002602de20
instanceKlass  @bci java/util/stream/Collectors toMap (Ljava/util/function/Function;Ljava/util/function/Function;)Ljava/util/stream/Collector; 4 <appendix> argL0 ; # java/util/stream/Collectors$$Lambda+0x000000002602dbf8
instanceKlass  @bci jdk/xml/internal/XMLSecurityManager$StringMapper <init> (Ljava/util/Map;)V 30 <appendix> argL0 ; # jdk/xml/internal/XMLSecurityManager$StringMapper$$Lambda+0x000000002602d9b0
instanceKlass  @bci jdk/xml/internal/XMLSecurityManager$StringMapper <init> (Ljava/util/Map;)V 25 <appendix> argL0 ; # jdk/xml/internal/XMLSecurityManager$StringMapper$$Lambda+0x000000002602d768
instanceKlass  @cpi jdk/xml/internal/XMLSecurityManager$StringMapper 125 form vmentry <vmtarget> ; # java/lang/invoke/LambdaForm$DMH+0x00000000260b0800
instanceKlass java/util/Collections$UnmodifiableMap$UnmodifiableEntrySet$UnmodifiableEntrySetSpliterator
instanceKlass jdk/xml/internal/XMLSecurityManager$ValueMapper
instanceKlass jdk/xml/internal/XMLSecurityManager
instanceKlass java/nio/file/Paths
instanceKlass jdk/xml/internal/JdkXmlConfig
instanceKlass jdk/xml/internal/SecuritySupport
instanceKlass  @bci javax/xml/stream/FactoryFinder find (Ljava/lang/Class;Ljava/lang/String;Ljava/lang/ClassLoader;Ljava/lang/String;)Ljava/lang/Object; 1 <appendix> member <vmtarget> ; # javax/xml/stream/FactoryFinder$$Lambda+0x000000002602bd10
instanceKlass javax/xml/stream/FactoryFinder
instanceKlass javax/xml/stream/XMLInputFactory
instanceKlass sun/net/www/MessageHeader
instanceKlass java/net/URLConnection
instanceKlass javafx/fxml/FXMLLoader$ControllerAccessor
instanceKlass javafx/collections/MapChangeListener$Change
instanceKlass com/sun/javafx/collections/ObservableMapWrapper
instanceKlass com/sun/javafx/fxml/FXMLLoaderHelper
instanceKlass javafx/fxml/FXMLLoader$2
instanceKlass javafx/fxml/FXMLLoader$1
instanceKlass com/sun/javafx/application/PlatformImpl$2
instanceKlass javafx/application/Platform
instanceKlass javafx/util/Builder
instanceKlass javafx/fxml/JavaFXBuilderFactory
instanceKlass java/util/regex/Pattern$TreeInfo
instanceKlass  @bci java/util/regex/CharPredicates ASCII_SPACE ()Ljava/util/regex/Pattern$BmpCharPredicate; 0 <appendix> argL0 ; # java/util/regex/CharPredicates$$Lambda+0x800000025
instanceKlass  @bci javafx/fxml/FXMLLoader <clinit> ()V 13 <appendix> argL0 ; # javafx/fxml/FXMLLoader$$Lambda+0x00000000260b4a70
instanceKlass javafx/fxml/FXMLLoader$Element
instanceKlass javax/script/Bindings
instanceKlass jdk/internal/jimage/ImageLocation
instanceKlass jdk/internal/jimage/decompressor/Decompressor
instanceKlass jdk/internal/jimage/ImageStringsReader
instanceKlass jdk/internal/jimage/ImageStrings
instanceKlass jdk/internal/jimage/ImageHeader
instanceKlass jdk/internal/jimage/NativeImageBuffer$1
instanceKlass jdk/internal/jimage/NativeImageBuffer
instanceKlass jdk/internal/jimage/BasicImageReader$1
instanceKlass jdk/internal/jimage/BasicImageReader
instanceKlass jdk/internal/jimage/ImageReader
instanceKlass jdk/internal/jimage/ImageReaderFactory$1
instanceKlass jdk/internal/jimage/ImageReaderFactory
instanceKlass jdk/internal/module/SystemModuleFinders$SystemImage
instanceKlass jdk/internal/module/SystemModuleFinders$SystemModuleReader
instanceKlass javax/xml/stream/XMLStreamReader
instanceKlass javax/xml/stream/XMLStreamConstants
instanceKlass com/sun/javafx/fxml/FXMLLoaderHelper$FXMLLoaderAccessor
instanceKlass javafx/util/BuilderFactory
instanceKlass javafx/fxml/FXMLLoader
instanceKlass  @bci javafx/scene/Scene <clinit> ()V 76 <appendix> argL0 ; # javafx/scene/Scene$$Lambda+0x00000000260ada68
instanceKlass com/sun/javafx/scene/SceneHelper
instanceKlass javafx/scene/Scene$2
instanceKlass javafx/scene/input/InputMethodRequests
instanceKlass com/sun/javafx/tk/TKDropTargetListener
instanceKlass com/sun/javafx/tk/TKScenePaintListener
instanceKlass com/sun/javafx/tk/TKSceneListener
instanceKlass javafx/css/StyleableProperty
instanceKlass com/sun/glass/ui/Accessible$EventHandler
instanceKlass com/sun/javafx/scene/SceneHelper$SceneAccessor
instanceKlass com/sun/javafx/perf/PerformanceTracker$SceneAccessor
instanceKlass com/sun/javafx/scene/traversal/TraversalEngine
instanceKlass javafx/scene/Scene
instanceKlass  @bci com/sun/javafx/collections/VetoableListDecorator <init> (Ljavafx/collections/ObservableList;)V 14 <appendix> member <vmtarget> ; # com/sun/javafx/collections/VetoableListDecorator$$Lambda+0x000000002609c010
instanceKlass  @bci com/sun/javafx/collections/TrackableObservableList <init> ()V 13 <appendix> member <vmtarget> ; # com/sun/javafx/collections/TrackableObservableList$$Lambda+0x000000002609bde0
instanceKlass com/sun/javafx/collections/VetoableListDecorator$ModCountAccessor
instanceKlass com/sun/javafx/collections/VetoableListDecorator
instanceKlass com/sun/javafx/event/EventDispatchChainImpl
instanceKlass javafx/event/EventDispatchChain
instanceKlass com/sun/javafx/event/BasicEventDispatcher
instanceKlass javafx/event/EventDispatcher
instanceKlass java/util/EventObject
instanceKlass javafx/beans/binding/NumberBinding
instanceKlass javafx/stage/Window$TKBoundsConfigurator
instanceKlass com/sun/javafx/tk/TKPulseListener
instanceKlass javafx/stage/Stage$2
instanceKlass javafx/stage/Stage$1
instanceKlass com/sun/javafx/stage/WindowHelper
instanceKlass javafx/stage/Window$1
instanceKlass javafx/beans/binding/StringExpression
instanceKlass javafx/beans/value/ObservableStringValue
instanceKlass javafx/beans/value/WritableStringValue
instanceKlass com/sun/javafx/stage/WindowPeerListener
instanceKlass com/sun/javafx/tk/TKStageListener
instanceKlass com/sun/javafx/stage/StagePeerListener$StageAccessor
instanceKlass com/sun/javafx/stage/StageHelper$StageAccessor
instanceKlass com/sun/javafx/stage/WindowHelper$WindowAccessor
instanceKlass javafx/beans/value/WritableDoubleValue
instanceKlass javafx/beans/value/WritableNumberValue
instanceKlass  @bci com/sun/javafx/application/LauncherImpl launchApplication1 (Ljava/lang/Class;Ljava/lang/Class;[Ljava/lang/String;)V 413 <appendix> member <vmtarget> ; # com/sun/javafx/application/LauncherImpl$$Lambda+0x0000000026086cf8
instanceKlass  @bci com/sun/javafx/application/PlatformImpl setApplicationName (Ljava/lang/Class;)V 1 <appendix> member <vmtarget> ; # com/sun/javafx/application/PlatformImpl$$Lambda+0x0000000026086ac8
instanceKlass  @bci com/sun/javafx/application/LauncherImpl launchApplication1 (Ljava/lang/Class;Ljava/lang/Class;[Ljava/lang/String;)V 302 <appendix> member <vmtarget> ; # com/sun/javafx/application/LauncherImpl$$Lambda+0x0000000026086898
instanceKlass com/sun/javafx/application/LauncherImpl$1
instanceKlass  @bci com/sun/javafx/tk/quantum/WindowStage setScene (Lcom/sun/javafx/tk/TKScene;)V 40 <appendix> form vmentry <vmtarget> ; # java/lang/invoke/LambdaForm$DMH+0x0000000026082400
instanceKlass  @bci com/sun/javafx/application/LauncherImpl launchApplication (Ljava/lang/Class;Ljava/lang/Class;[Ljava/lang/String;)V 93 <appendix> member <vmtarget> ; # com/sun/javafx/application/LauncherImpl$$Lambda+0x0000000026086420
instanceKlass  @bci com/sun/javafx/application/LauncherImpl launchApplication (Ljava/lang/Class;[Ljava/lang/String;)V 8 <appendix> argL0 ; # com/sun/javafx/application/LauncherImpl$$Lambda+0x00000000260861f8
instanceKlass java/lang/StackTraceElement$HashedModules
# instanceKlass java/lang/invoke/LambdaForm$MH+0x0000000026082000
# instanceKlass java/lang/invoke/LambdaForm$MH+0x0000000026081c00
# instanceKlass java/lang/invoke/LambdaForm$MH+0x0000000026081800
instanceKlass  @bci org/example/App <clinit> ()V 12 <appendix> argL0 ; # org/example/App$$Lambda+0x0000000026085fd0
instanceKlass  @bci org/example/App <clinit> ()V 4 <appendix> argL0 ; # org/example/App$$Lambda+0x0000000026085da8
instanceKlass javafx/scene/Node
instanceKlass javafx/css/Styleable
instanceKlass javafx/stage/Window
instanceKlass javafx/event/EventTarget
# instanceKlass java/lang/invoke/LambdaForm$MH+0x0000000026081400
# instanceKlass java/lang/invoke/LambdaForm$MH+0x0000000026081000
# instanceKlass java/lang/invoke/LambdaForm$MH+0x0000000026080c00
instanceKlass  @bci com/sun/javafx/application/PlatformImpl lambda$runLater$11 (Ljava/lang/Runnable;Ljava/security/AccessControlContext;)V 1 <appendix> member <vmtarget> ; # com/sun/javafx/application/PlatformImpl$$Lambda+0x0000000026084470
instanceKlass com/sun/glass/ui/InvokeLaterDispatcher$Future
instanceKlass java/util/concurrent/LinkedBlockingDeque$Node
instanceKlass  @bci com/sun/javafx/application/PlatformImpl runLater (Ljava/lang/Runnable;Z)V 67 <appendix> member <vmtarget> ; # com/sun/javafx/application/PlatformImpl$$Lambda+0x0000000026084000
instanceKlass com/sun/scenario/animation/AbstractMasterTimer$MainLoop
instanceKlass com/sun/scenario/DelayedRunnable
instanceKlass  @bci com/sun/javafx/application/PlatformImpl runAndWait (Ljava/lang/Runnable;Z)V 42 <appendix> member <vmtarget> ; # com/sun/javafx/application/PlatformImpl$$Lambda+0x000000002607f860
instanceKlass com/sun/scenario/animation/shared/TimerReceiver
instanceKlass com/sun/scenario/animation/shared/PulseReceiver
instanceKlass  @bci com/sun/javafx/application/LauncherImpl launchApplicationWithArgs (Lcom/sun/javafx/application/ModuleAccess;Ljava/lang/String;Ljava/lang/String;[Ljava/lang/String;)V 54 <appendix> form vmentry <vmtarget> ; # java/lang/invoke/LambdaForm$DMH+0x0000000026080800
instanceKlass com/sun/javafx/animation/TickCalculation
instanceKlass  @bci com/sun/scenario/animation/AbstractMasterTimer <clinit> ()V 16 <appendix> argL0 ; # com/sun/scenario/animation/AbstractMasterTimer$$Lambda+0x000000002607ec18
instanceKlass  @bci com/sun/javafx/application/LauncherImpl launchApplicationWithArgs (Lcom/sun/javafx/application/ModuleAccess;Ljava/lang/String;Ljava/lang/String;[Ljava/lang/String;)V 54 <appendix> member <vmtarget> ; # com/sun/javafx/application/LauncherImpl$$Lambda+0x000000002607e9e8
instanceKlass  @cpi com/sun/javafx/application/LauncherImpl 514 form vmentry <vmtarget> ; # java/lang/invoke/LambdaForm$DMH+0x0000000026080400
instanceKlass com/sun/scenario/Settings
instanceKlass java/util/AbstractList$Itr
instanceKlass javafx/collections/ListChangeBuilder$SubChange
instanceKlass javafx/geometry/Rectangle2D
instanceKlass  @bci javafx/stage/Screen <clinit> ()V 29 <appendix> argL0 ; # javafx/stage/Screen$$Lambda+0x000000002607e120
instanceKlass  @cpi javafx/stage/Screen 203 form vmentry <vmtarget> ; # java/lang/invoke/LambdaForm$DMH+0x0000000026080000
instanceKlass com/sun/javafx/tk/TKScreenConfigurationListener
instanceKlass com/sun/javafx/binding/ExpressionHelperBase
instanceKlass javafx/collections/WeakListChangeListener
instanceKlass javafx/beans/WeakListener
instanceKlass  @bci javafx/collections/FXCollections$UnmodifiableObservableListImpl <init> (Ljavafx/collections/ObservableList;)V 11 <appendix> member <vmtarget> ; # javafx/collections/FXCollections$UnmodifiableObservableListImpl$$Lambda+0x000000002607cd88
instanceKlass javafx/collections/ListChangeListener
instanceKlass javafx/collections/ListChangeBuilder
instanceKlass javafx/collections/ListChangeListener$Change
instanceKlass javafx/util/Callback
instanceKlass com/sun/javafx/collections/SortableList
instanceKlass javafx/collections/FXCollections$EmptyObservableList$1
instanceKlass javafx/collections/ObservableIntegerArray
instanceKlass javafx/collections/ObservableFloatArray
instanceKlass javafx/collections/ObservableArray
instanceKlass javafx/collections/ObservableSet
instanceKlass javafx/collections/ObservableList
instanceKlass javafx/collections/ObservableMap
instanceKlass javafx/collections/FXCollections
instanceKlass javafx/stage/Screen
instanceKlass  @bci com/sun/javafx/tk/quantum/QuantumToolkit runToolkit ()V 55 <appendix> member <vmtarget> ; # com/sun/javafx/tk/quantum/QuantumToolkit$$Lambda+0x0000000026071000
instanceKlass  @bci com/sun/javafx/tk/quantum/QuantumToolkit runToolkit ()V 45 <appendix> member <vmtarget> ; # com/sun/javafx/tk/quantum/QuantumToolkit$$Lambda+0x0000000026073cc0
instanceKlass com/sun/prism/impl/ps/BaseShaderContext$State
instanceKlass com/sun/javafx/geom/Vec3d
instanceKlass com/sun/prism/impl/VertexBuffer
instanceKlass com/sun/javafx/geom/BaseBounds
instanceKlass com/sun/javafx/geom/transform/GeneralTransform3D
instanceKlass com/sun/javafx/geom/transform/BaseTransform
instanceKlass com/sun/javafx/geom/transform/CanTransformVec3d
instanceKlass com/sun/prism/MaskTextureGraphics
instanceKlass com/sun/prism/ReadbackGraphics
instanceKlass com/sun/prism/ps/ShaderGraphics
instanceKlass com/sun/prism/impl/BaseGraphics
instanceKlass com/sun/prism/RectShadowGraphics
instanceKlass com/sun/prism/Graphics
instanceKlass com/sun/prism/impl/BaseContext
instanceKlass com/sun/prism/ps/Shader
instanceKlass com/sun/prism/impl/TextureResourcePool
instanceKlass com/sun/prism/impl/ResourcePool
instanceKlass com/sun/prism/RTTexture
instanceKlass com/sun/prism/MeshView
instanceKlass com/sun/prism/Texture
instanceKlass com/sun/prism/Presentable
instanceKlass com/sun/prism/RenderTarget
instanceKlass com/sun/prism/Surface
instanceKlass com/sun/prism/PhongMaterial
instanceKlass com/sun/prism/Material
instanceKlass com/sun/prism/Mesh
instanceKlass com/sun/prism/shape/ShapeRep
instanceKlass java/util/concurrent/Executors$RunnableAdapter
instanceKlass java/util/concurrent/FutureTask$WaitNode
instanceKlass  @bci com/sun/javafx/tk/quantum/QuantumRenderer createResourceFactory ()V 16 <appendix> argL0 ; # com/sun/javafx/tk/quantum/QuantumRenderer$$Lambda+0x000000002606dc60
instanceKlass  @bci com/sun/javafx/tk/quantum/QuantumRenderer createResourceFactory ()V 10 <appendix> member <vmtarget> ; # com/sun/javafx/tk/quantum/QuantumRenderer$$Lambda+0x000000002606da30
instanceKlass java/util/concurrent/FutureTask
instanceKlass  @bci com/sun/glass/ui/Screen <clinit> ()V 4 <appendix> argL0 ; # com/sun/glass/ui/Screen$$Lambda+0x000000002606d2c8
instanceKlass  @bci com/sun/glass/ui/win/WinApplication lambda$runLoop$4 (ILjava/lang/Runnable;)Ljava/lang/Thread; 7 <appendix> member <vmtarget> ; # com/sun/glass/ui/win/WinApplication$$Lambda+0x000000002606d098
instanceKlass  @cpi com/sun/glass/ui/win/WinApplication 351 form vmentry <vmtarget> ; # java/lang/invoke/LambdaForm$DMH+0x0000000026070800
instanceKlass  @bci com/sun/glass/ui/win/WinApplication lambda$runLoop$4 (ILjava/lang/Runnable;)Ljava/lang/Thread; 7 <adapter> ; # java/lang/invoke/LambdaForm$MH+0x0000000026070400
instanceKlass  @bci com/sun/glass/ui/win/WinApplication lambda$runLoop$4 (ILjava/lang/Runnable;)Ljava/lang/Thread; 7 <appendix> form vmentry <vmtarget> ; # java/lang/invoke/LambdaForm$DMH+0x0000000026070000
instanceKlass  @bci com/sun/glass/ui/win/WinApplication runLoop (Ljava/lang/Runnable;)V 58 <appendix> member <vmtarget> ; # com/sun/glass/ui/win/WinApplication$$Lambda+0x000000002606ce68
instanceKlass  @bci com/sun/glass/ui/win/WinApplication getDesiredAwarenesslevel ()I 8 <appendix> argL0 ; # com/sun/glass/ui/win/WinApplication$$Lambda+0x000000002606cc40
instanceKlass  @bci com/sun/glass/ui/win/WinApplication runLoop (Ljava/lang/Runnable;)V 0 <appendix> argL0 ; # com/sun/glass/ui/win/WinApplication$$Lambda+0x000000002606ca18
instanceKlass  @bci com/sun/glass/ui/Application run (Ljava/lang/Runnable;)V 29 <appendix> member <vmtarget> ; # com/sun/glass/ui/Application$$Lambda+0x000000002606c7e8
instanceKlass java/util/concurrent/BlockingDeque
instanceKlass  @bci com/sun/glass/ui/win/WinApplication <init> ()V 4 <appendix> argL0 ; # com/sun/glass/ui/win/WinApplication$$Lambda+0x000000002606c268
instanceKlass java/lang/ProcessEnvironment$CheckedEntry
instanceKlass java/lang/ProcessEnvironment$CheckedEntrySet$1
instanceKlass java/lang/ProcessEnvironment$EntryComparator
instanceKlass java/lang/ProcessEnvironment$NameComparator
instanceKlass com/sun/glass/ui/win/WinApplication$1
instanceKlass com/sun/glass/ui/View
instanceKlass com/sun/glass/ui/Cursor
instanceKlass com/sun/glass/ui/Accessible
instanceKlass com/sun/glass/ui/Pixels
instanceKlass com/sun/glass/ui/Window
instanceKlass com/sun/glass/ui/GlassRobot
instanceKlass com/sun/glass/ui/Timer
instanceKlass com/sun/glass/ui/InvokeLaterDispatcher$InvokeLaterSubmitter
instanceKlass com/sun/glass/ui/delegate/MenuDelegate
instanceKlass com/sun/glass/ui/delegate/MenuBarDelegate
instanceKlass com/sun/glass/ui/delegate/MenuItemDelegate
instanceKlass com/sun/glass/ui/delegate/ClipboardDelegate
instanceKlass  @bci com/sun/glass/ui/Platform determinePlatform ()Ljava/lang/String; 6 <appendix> argL0 ; # com/sun/glass/ui/Platform$$Lambda+0x0000000026064a10
instanceKlass com/sun/glass/ui/Platform
instanceKlass com/sun/glass/ui/PlatformFactory
instanceKlass  @bci com/sun/javafx/tk/quantum/QuantumToolkit startup (Ljava/lang/Runnable;)V 16 <appendix> member <vmtarget> ; # com/sun/javafx/tk/quantum/QuantumToolkit$$Lambda+0x0000000026065ac0
instanceKlass  @bci com/sun/javafx/application/PlatformImpl startup (Ljava/lang/Runnable;Z)V 129 <appendix> member <vmtarget> ; # com/sun/javafx/application/PlatformImpl$$Lambda+0x0000000026065890
instanceKlass java/lang/Shutdown$Lock
instanceKlass java/lang/Shutdown
instanceKlass java/lang/ApplicationShutdownHooks$1
instanceKlass java/lang/ApplicationShutdownHooks
instanceKlass  @bci com/sun/javafx/tk/quantum/QuantumToolkit init ()Z 37 <appendix> member <vmtarget> ; # com/sun/javafx/tk/quantum/QuantumToolkit$$Lambda+0x0000000026065660
instanceKlass  @bci com/sun/javafx/tk/quantum/PaintCollector <clinit> ()V 16 <appendix> argL0 ; # com/sun/javafx/tk/quantum/PaintCollector$$Lambda+0x00000000260653c0
instanceKlass com/sun/javafx/tk/quantum/GlassScene
instanceKlass com/sun/javafx/tk/TKScene
instanceKlass com/sun/javafx/tk/quantum/PaintCollector
instanceKlass com/sun/javafx/tk/CompletionListener
instanceKlass java/util/concurrent/ForkJoinPool$DefaultForkJoinWorkerThreadFactory
instanceKlass java/util/concurrent/ForkJoinPool$1
instanceKlass jdk/internal/access/JavaUtilConcurrentFJPAccess
instanceKlass java/util/concurrent/ForkJoinTask
instanceKlass java/util/concurrent/ForkJoinPool$WorkQueue
instanceKlass java/util/concurrent/ForkJoinPool$ForkJoinWorkerThreadFactory
instanceKlass java/util/concurrent/ScheduledExecutorService
instanceKlass java/util/concurrent/ForkJoinPool$ManagedBlocker
instanceKlass  @bci com/sun/glass/ui/Application <clinit> ()V 4 <appendix> argL0 ; # com/sun/glass/ui/Application$$Lambda+0x0000000026067470
instanceKlass com/sun/glass/ui/Application
instanceKlass com/sun/glass/ui/View$Capability
instanceKlass com/sun/glass/ui/Screen
instanceKlass com/sun/prism/impl/BaseResourceFactory
instanceKlass com/sun/prism/ps/ShaderFactory
instanceKlass  @bci com/sun/prism/d3d/D3DPipeline <clinit> ()V 0 <appendix> argL0 ; # com/sun/prism/d3d/D3DPipeline$$Lambda+0x0000000026062780
instanceKlass com/sun/prism/ResourceFactory
instanceKlass com/sun/prism/GraphicsResource
instanceKlass java/util/Arrays$ArrayItr
instanceKlass com/sun/javafx/font/FontFactory
instanceKlass com/sun/prism/GraphicsPipeline
instanceKlass java/util/concurrent/locks/AbstractQueuedSynchronizer$Node
instanceKlass  @bci com/sun/javafx/tk/quantum/QuantumRenderer$QuantumThreadFactory lambda$newThread$1 (Lcom/sun/javafx/tk/quantum/QuantumRenderer$PipelineRunnable;)Ljava/lang/Thread; 31 <appendix> argL0 ; # com/sun/javafx/tk/quantum/QuantumRenderer$QuantumThreadFactory$$Lambda+0x0000000026061a00
instanceKlass  @bci com/sun/marlin/DMarlinRenderingEngine logSettings (Ljava/lang/String;)V 88 <appendix> form vmentry <vmtarget> ; # java/lang/invoke/LambdaForm$MH+0x0000000026064400
instanceKlass java/lang/Thread$ThreadNumbering
instanceKlass  @bci com/sun/javafx/tk/quantum/QuantumRenderer$QuantumThreadFactory newThread (Ljava/lang/Runnable;)Ljava/lang/Thread; 19 <appendix> member <vmtarget> ; # com/sun/javafx/tk/quantum/QuantumRenderer$QuantumThreadFactory$$Lambda+0x00000000260617d0
instanceKlass com/sun/javafx/tk/quantum/QuantumRenderer$PipelineRunnable
instanceKlass com/sun/javafx/tk/quantum/QuantumRenderer$QuantumThreadFactory
instanceKlass jdk/internal/vm/ThreadContainers
instanceKlass jdk/internal/vm/StackableScope
instanceKlass java/util/concurrent/Executors$DefaultThreadFactory
instanceKlass java/util/concurrent/Executors
instanceKlass java/util/concurrent/LinkedBlockingQueue$Node
instanceKlass java/util/concurrent/locks/AbstractQueuedSynchronizer$ConditionObject
instanceKlass java/util/concurrent/locks/Condition
instanceKlass java/util/concurrent/atomic/AtomicReference
instanceKlass  @bci com/sun/javafx/tk/quantum/QuantumRenderer <clinit> ()V 16 <appendix> argL0 ; # com/sun/javafx/tk/quantum/QuantumRenderer$$Lambda+0x0000000026061128
instanceKlass java/util/concurrent/ThreadPoolExecutor$AbortPolicy
instanceKlass java/util/concurrent/RejectedExecutionHandler
instanceKlass java/util/concurrent/RunnableFuture
instanceKlass java/util/concurrent/Future
instanceKlass java/util/concurrent/BlockingQueue
instanceKlass java/util/concurrent/AbstractExecutorService
instanceKlass java/util/concurrent/ExecutorService
instanceKlass java/util/concurrent/Executor
instanceKlass  @bci com/sun/javafx/tk/quantum/GlassSystemMenu <init> ()V 16 <appendix> member <vmtarget> ; # com/sun/javafx/tk/quantum/GlassSystemMenu$$Lambda+0x0000000026060ac8
instanceKlass  @cpi javafx/scene/control/skin/TextInputControlSkin$CaretBlinking 66 form vmentry <vmtarget> ; # java/lang/invoke/LambdaForm$DMH+0x0000000026064000
instanceKlass com/sun/glass/ui/MenuItem$Callback
instanceKlass javafx/scene/input/KeyCombination
instanceKlass com/sun/glass/ui/Menu$EventHandler
instanceKlass com/sun/javafx/menu/MenuItemBase
instanceKlass com/sun/javafx/tk/quantum/GlassSystemMenu
instanceKlass java/util/Collections$SynchronizedMap
instanceKlass  @bci com/sun/prism/impl/PrismSettings <clinit> ()V 0 <appendix> argL0 ; # com/sun/prism/impl/PrismSettings$$Lambda+0x000000002605f200
instanceKlass com/sun/prism/impl/PrismSettings
instanceKlass com/sun/javafx/tk/quantum/PerformanceTrackerHelper$1
instanceKlass com/sun/javafx/tk/quantum/PerformanceTrackerHelper
instanceKlass com/sun/javafx/tk/quantum/QuantumToolkit$PulseTask
instanceKlass com/sun/javafx/geom/PathConsumer2D
instanceKlass com/sun/javafx/geom/Shape
instanceKlass com/sun/prism/BasicStroke
instanceKlass com/sun/javafx/tk/quantum/QuantumToolkit$3
instanceKlass  @bci com/sun/javafx/tk/quantum/QuantumToolkit <clinit> ()V 149 <appendix> argL0 ; # com/sun/javafx/tk/quantum/QuantumToolkit$$Lambda+0x000000002605c5f0
instanceKlass  @bci com/sun/javafx/tk/quantum/QuantumToolkit <clinit> ()V 132 <appendix> argL0 ; # com/sun/javafx/tk/quantum/QuantumToolkit$$Lambda+0x000000002605c3c8
instanceKlass  @bci com/sun/javafx/tk/quantum/QuantumToolkit <clinit> ()V 115 <appendix> argL0 ; # com/sun/javafx/tk/quantum/QuantumToolkit$$Lambda+0x000000002605c1a0
instanceKlass  @bci com/sun/javafx/tk/quantum/QuantumToolkit <clinit> ()V 98 <appendix> argL0 ; # com/sun/javafx/tk/quantum/QuantumToolkit$$Lambda+0x000000002605bf78
instanceKlass  @bci com/sun/javafx/tk/quantum/QuantumToolkit <clinit> ()V 84 <appendix> argL0 ; # com/sun/javafx/tk/quantum/QuantumToolkit$$Lambda+0x000000002605bd50
instanceKlass  @bci com/sun/javafx/tk/quantum/QuantumToolkit <clinit> ()V 67 <appendix> argL0 ; # com/sun/javafx/tk/quantum/QuantumToolkit$$Lambda+0x000000002605bb28
instanceKlass  @bci com/sun/javafx/tk/quantum/QuantumToolkit <clinit> ()V 50 <appendix> argL0 ; # com/sun/javafx/tk/quantum/QuantumToolkit$$Lambda+0x000000002605b900
instanceKlass  @bci com/sun/javafx/tk/quantum/QuantumToolkit <clinit> ()V 33 <appendix> argL0 ; # com/sun/javafx/tk/quantum/QuantumToolkit$$Lambda+0x000000002605b6d8
instanceKlass  @bci com/sun/javafx/tk/quantum/QuantumToolkit <clinit> ()V 16 <appendix> argL0 ; # com/sun/javafx/tk/quantum/QuantumToolkit$$Lambda+0x000000002605b4b0
instanceKlass com/sun/javafx/tk/FontLoader
instanceKlass com/sun/javafx/tk/PlatformImage
instanceKlass com/sun/javafx/tk/ImageLoader
instanceKlass javafx/scene/shape/PathElement
instanceKlass com/sun/javafx/tk/TKSystemMenu
instanceKlass com/sun/javafx/scene/text/TextLayoutFactory
instanceKlass com/sun/scenario/animation/AbstractMasterTimer
instanceKlass com/sun/javafx/runtime/async/AbstractAsyncOperation
instanceKlass java/util/concurrent/Callable
instanceKlass com/sun/javafx/runtime/async/AsyncOperation
instanceKlass com/sun/scenario/effect/FilterContext
instanceKlass com/sun/scenario/effect/Filterable
instanceKlass com/sun/scenario/effect/LockableResource
instanceKlass com/sun/javafx/tk/AppletWindow
instanceKlass com/sun/javafx/tk/TKStage
instanceKlass com/sun/glass/ui/Screen$EventHandler
instanceKlass com/sun/glass/ui/Application$EventHandler
instanceKlass com/sun/javafx/tk/ScreenConfigurationAccessor
instanceKlass com/sun/javafx/perf/PerformanceTracker
instanceKlass sun/security/provider/ByteArrayAccess
instanceKlass sun/security/provider/ByteArrayAccess$LE
instanceKlass sun/security/util/MessageDigestSpi2
instanceKlass sun/security/jca/GetInstance$Instance
instanceKlass java/util/LinkedHashMap$LinkedHashIterator
instanceKlass sun/security/util/SecurityProviderConstants
instanceKlass java/security/Provider$UString
instanceKlass java/security/Provider$Service
instanceKlass sun/security/provider/NativePRNG$NonBlocking
instanceKlass sun/security/provider/NativePRNG$Blocking
instanceKlass sun/security/provider/NativePRNG
instanceKlass sun/security/provider/SunEntries
instanceKlass sun/security/util/SecurityConstants
instanceKlass javax/security/auth/login/Configuration$Parameters
instanceKlass java/security/Policy$Parameters
instanceKlass javax/crypto/KDFParameters
instanceKlass java/security/cert/CertStoreParameters
instanceKlass java/security/SecureRandomParameters
instanceKlass java/security/Provider$EngineDescription
instanceKlass  @bci java/security/Provider <clinit> ()V 28 <appendix> argL0 ; # java/security/Provider$$Lambda+0x000000002601da68
instanceKlass java/security/Provider$ServiceKey
instanceKlass sun/security/jca/ProviderConfig
instanceKlass sun/security/jca/ProviderList
instanceKlass sun/security/jca/Providers
instanceKlass sun/security/jca/GetInstance
instanceKlass java/security/MessageDigestSpi
instanceKlass java/util/Formatter$Flags
instanceKlass java/util/Formattable
instanceKlass java/util/Formatter$FormatSpecifier
instanceKlass java/util/Formatter$Conversion
instanceKlass java/util/Formatter$FormatString
instanceKlass java/util/Formatter
instanceKlass  @bci com/sun/javafx/font/PrismFontFactory getJDKFontDir ()Ljava/lang/String; 13 <appendix> form vmentry <vmtarget> ; # java/lang/invoke/LambdaForm$MH+0x0000000026055000
instanceKlass  @bci sun/misc/Unsafe callerAndLocation (Ljava/lang/Class;)Ljava/lang/String; 32 <appendix> form vmentry <vmtarget> ; # java/lang/invoke/LambdaForm$MH+0x0000000026054800
instanceKlass java/lang/StringConcatHelper$StringConcatBase
instanceKlass java/lang/invoke/StringConcatFactory$InlineHiddenClassStrategy$6
instanceKlass java/lang/invoke/StringConcatFactory$InlineHiddenClassStrategy$3$4
instanceKlass java/lang/invoke/StringConcatFactory$InlineHiddenClassStrategy$4
instanceKlass java/lang/invoke/StringConcatFactory$InlineHiddenClassStrategy$3$1
instanceKlass jdk/internal/classfile/impl/BytecodeHelpers$1
instanceKlass java/lang/invoke/StringConcatFactory$InlineHiddenClassStrategy$7
instanceKlass java/lang/invoke/StringConcatFactory$InlineHiddenClassStrategy$3$2
instanceKlass java/lang/invoke/StringConcatFactory$InlineHiddenClassStrategy$5
instanceKlass java/lang/invoke/StringConcatFactory$InlineHiddenClassStrategy$3$3
instanceKlass java/lang/invoke/StringConcatFactory$InlineHiddenClassStrategy$3
instanceKlass java/lang/invoke/StringConcatFactory$InlineHiddenClassStrategy$2
instanceKlass java/lang/invoke/StringConcatFactory$InlineHiddenClassStrategy$1
instanceKlass java/lang/invoke/StringConcatFactory$InlineHiddenClassStrategy
instanceKlass java/lang/StackStreamFactory$FrameBuffer
instanceKlass java/lang/StackStreamFactory
instanceKlass  @bci com/sun/glass/utils/NativeLibLoader loadLibrary (Ljava/lang/String;)V 10 <appendix> argL0 ; # com/sun/glass/utils/NativeLibLoader$$Lambda+0x0000000026056888
instanceKlass  @bci com/sun/glass/utils/NativeLibLoader <clinit> ()V 32 <appendix> argL0 ; # com/sun/glass/utils/NativeLibLoader$$Lambda+0x0000000026056660
instanceKlass com/sun/glass/utils/NativeLibLoader
instanceKlass jdk/internal/math/FloatingDecimal$ASCIIToBinaryBuffer
instanceKlass jdk/internal/math/MathUtils
instanceKlass jdk/internal/math/FloatingDecimal$PreparedASCIIToBinaryBuffer
instanceKlass jdk/internal/math/FloatingDecimal$ASCIIToBinaryConverter
instanceKlass jdk/internal/math/FloatingDecimal$BinaryToASCIIBuffer
instanceKlass jdk/internal/math/FloatingDecimal$ExceptionalBinaryToASCIIBuffer
instanceKlass jdk/internal/math/FloatingDecimal$BinaryToASCIIConverter
instanceKlass jdk/internal/math/FloatingDecimal
instanceKlass  @bci com/sun/javafx/PlatformUtil <clinit> ()V 64 <appendix> argL0 ; # com/sun/javafx/PlatformUtil$$Lambda+0x0000000026056228
instanceKlass  @bci com/sun/javafx/PlatformUtil <clinit> ()V 50 <appendix> argL0 ; # com/sun/javafx/PlatformUtil$$Lambda+0x0000000026056000
instanceKlass  @bci com/sun/javafx/PlatformUtil <clinit> ()V 33 <appendix> argL0 ; # com/sun/javafx/PlatformUtil$$Lambda+0x0000000026053d88
instanceKlass  @bci com/sun/javafx/PlatformUtil <clinit> ()V 16 <appendix> argL0 ; # com/sun/javafx/PlatformUtil$$Lambda+0x0000000026053b60
instanceKlass com/sun/javafx/PlatformUtil
instanceKlass  @bci com/sun/marlin/DTransformingPathConsumer2D$PathTracer <init> (Ljava/lang/String;)V 6 <appendix> form vmentry <vmtarget> ; # java/lang/invoke/LambdaForm$MH+0x0000000026054000
instanceKlass java/lang/invoke/StringConcatFactory
instanceKlass com/sun/javafx/runtime/VersionInfo
instanceKlass  @bci com/sun/javafx/tk/Toolkit getToolkit ()Lcom/sun/javafx/tk/Toolkit; 10 <appendix> argL0 ; # com/sun/javafx/tk/Toolkit$$Lambda+0x0000000026053518
instanceKlass  @bci java/util/regex/Pattern DOT ()Ljava/util/regex/Pattern$CharPredicate; 0 <appendix> argL0 ; # java/util/regex/Pattern$$Lambda+0x0000000026015f68
instanceKlass  @bci java/util/regex/Pattern Single (I)Ljava/util/regex/Pattern$BmpCharPredicate; 1 <appendix> member <vmtarget> ; # java/util/regex/Pattern$$Lambda+0x800000027
instanceKlass  @bci java/util/regex/Pattern union (Ljava/util/regex/Pattern$CharPredicate;Ljava/util/regex/Pattern$CharPredicate;Z)Ljava/util/regex/Pattern$CharPredicate; 6 <appendix> member <vmtarget> ; # java/util/regex/Pattern$$Lambda+0x800000030
instanceKlass java/util/regex/Pattern$BitClass
instanceKlass  @bci java/util/regex/CharPredicates ctype (I)Ljava/util/regex/Pattern$CharPredicate; 1 <appendix> member <vmtarget> ; # java/util/regex/CharPredicates$$Lambda+0x0000000026015ad0
instanceKlass java/util/regex/Pattern$BmpCharPredicate
instanceKlass java/util/regex/Pattern$CharPredicate
instanceKlass java/util/regex/CharPredicates
instanceKlass java/util/regex/Pattern$Node
instanceKlass java/util/regex/Pattern
instanceKlass javafx/scene/image/Image$1
instanceKlass javafx/beans/binding/NumberExpressionBase
instanceKlass javafx/beans/binding/NumberExpression
instanceKlass javafx/beans/value/ObservableDoubleValue
instanceKlass javafx/beans/value/ObservableNumberValue
instanceKlass javafx/scene/image/PixelReader
instanceKlass com/sun/javafx/tk/Toolkit$ImageAccessor
instanceKlass javafx/geometry/Bounds
instanceKlass com/sun/javafx/util/Utils
instanceKlass javafx/scene/image/Image
instanceKlass  @bci com/sun/javafx/tk/Toolkit <clinit> ()V 14 <appendix> argL0 ; # com/sun/javafx/tk/Toolkit$$Lambda+0x0000000026049698
instanceKlass javafx/animation/Interpolatable
instanceKlass javafx/scene/paint/Paint
instanceKlass com/sun/javafx/tk/TKClipboard
instanceKlass com/sun/javafx/tk/Toolkit
instanceKlass com/sun/javafx/application/PlatformImpl$1
instanceKlass  @bci com/sun/javafx/application/PlatformImpl startup (Ljava/lang/Runnable;Z)V 48 <appendix> argL0 ; # com/sun/javafx/application/PlatformImpl$$Lambda+0x000000002604b3e8
instanceKlass  @bci com/sun/javafx/application/PlatformImpl <clinit> ()V 176 <appendix> argL0 ; # com/sun/javafx/application/PlatformImpl$$Lambda+0x000000002604b1c0
instanceKlass  @bci com/sun/javafx/application/PlatformImpl <clinit> ()V 159 <appendix> argL0 ; # com/sun/javafx/application/PlatformImpl$$Lambda+0x000000002604af98
instanceKlass javafx/beans/InvalidationListener
instanceKlass javafx/beans/value/WritableObjectValue
instanceKlass javafx/beans/binding/ObjectExpression
instanceKlass javafx/beans/value/ObservableObjectValue
instanceKlass javafx/beans/binding/Binding
instanceKlass com/sun/javafx/tk/TKListener
instanceKlass java/security/Permission
instanceKlass java/security/Guard
instanceKlass javafx/beans/binding/BooleanExpression
instanceKlass javafx/beans/value/ObservableBooleanValue
instanceKlass javafx/beans/value/WritableBooleanValue
instanceKlass javafx/beans/property/Property
instanceKlass javafx/beans/value/WritableValue
instanceKlass javafx/beans/property/ReadOnlyProperty
instanceKlass javafx/beans/value/ObservableValue
instanceKlass javafx/beans/Observable
instanceKlass com/sun/javafx/application/PlatformImpl
instanceKlass  @bci com/sun/javafx/application/LauncherImpl startToolkit ()V 21 <appendix> member <vmtarget> ; # com/sun/javafx/application/LauncherImpl$$Lambda+0x0000000026044850
instanceKlass java/util/concurrent/CountDownLatch
# instanceKlass java/lang/invoke/LambdaForm$MH+0x0000000026048800
# instanceKlass java/lang/invoke/LambdaForm$MH+0x0000000026048400
instanceKlass java/lang/reflect/AnnotatedType
instanceKlass java/lang/reflect/TypeVariable
instanceKlass  @bci jdk/internal/reflect/DirectMethodHandleAccessor invokeImpl (Ljava/lang/Object;[Ljava/lang/Object;)Ljava/lang/Object; 92 <adapter> ; # java/lang/invoke/LambdaForm$MH+0x0000000026048000
# instanceKlass java/lang/invoke/LambdaForm$MH+0x0000000026047c00
# instanceKlass java/lang/invoke/LambdaForm$MH+0x0000000026047800
instanceKlass java/util/TreeMap$PrivateEntryIterator
instanceKlass java/util/TreeMap$Entry
instanceKlass java/lang/invoke/LambdaFormEditor$1
instanceKlass jdk/internal/event/Event
# instanceKlass java/lang/invoke/LambdaForm$MH+0x0000000026047400
# instanceKlass java/lang/invoke/LambdaForm$MH+0x0000000026047000
instanceKlass sun/net/NetHooks
instanceKlass  @cpi javafx/scene/control/SpinnerValueFactory$IntegerSpinnerValueFactory 97 form vmentry <vmtarget> ; # java/lang/invoke/LambdaForm$DMH+0x0000000026046c00
instanceKlass sun/net/spi/DefaultProxySelector$NonProxyInfo
instanceKlass java/io/FileInputStream$1
instanceKlass  @cpi org/postgresql/Driver 610 form vmentry <vmtarget> ; # java/lang/invoke/LambdaForm$DMH+0x0000000026046800
instanceKlass sun/net/NetProperties
instanceKlass java/security/AccessControlContext
instanceKlass java/net/Proxy
instanceKlass java/security/AccessController
instanceKlass  @bci com/sun/javafx/application/LauncherImpl <clinit> ()V 38 <appendix> argL0 ; # com/sun/javafx/application/LauncherImpl$$Lambda+0x0000000026044628
instanceKlass java/net/ProxySelector
instanceKlass  @cpi com/sun/marlin/DMarlinRenderingEngine 251 form vmentry <vmtarget> ; # java/lang/invoke/LambdaForm$DMH+0x0000000026046400
instanceKlass  @bci sun/nio/ch/NioSocketImpl closerFor (Ljava/io/FileDescriptor;)Ljava/lang/Runnable; 1 <appendix> member <vmtarget> ; # sun/nio/ch/NioSocketImpl$$Lambda+0x000000002600fbd0
instanceKlass  @cpi com/sun/javafx/scene/control/behavior/TableViewBehaviorBase 517 form vmentry <vmtarget> ; # java/lang/invoke/LambdaForm$DMH+0x0000000026046000
instanceKlass java/security/PrivilegedAction
instanceKlass java/util/concurrent/atomic/AtomicBoolean
instanceKlass jdk/internal/misc/MethodFinder
instanceKlass com/sun/javafx/application/ModuleAccess
instanceKlass javafx/application/Preloader$PreloaderNotification
instanceKlass com/sun/javafx/application/PlatformImpl$FinishListener
instanceKlass sun/net/ext/ExtendedSocketOptions
instanceKlass java/net/Inet6Address$Inet6AddressHolder
instanceKlass jdk/internal/lang/stable/StableValueImpl
instanceKlass java/lang/StableValue
instanceKlass sun/nio/ch/Net$1
instanceKlass java/net/ProtocolFamily
instanceKlass sun/nio/ch/Net
instanceKlass javafx/application/Application$Parameters
instanceKlass java/net/SocksConsts
instanceKlass com/sun/javafx/application/LauncherImpl
instanceKlass sun/net/PlatformSocketImpl
instanceKlass java/net/SocketImpl
instanceKlass java/net/SocketOptions
instanceKlass java/net/InetSocketAddress$InetSocketAddressHolder
instanceKlass sun/launcher/LauncherHelper$FXHelper
instanceKlass javafx/application/Application
instanceKlass java/net/InetAddress$PlatformResolver
instanceKlass java/net/spi/InetAddressResolver
instanceKlass java/net/spi/InetAddressResolver$LookupPolicy
instanceKlass java/net/Inet4AddressImpl
instanceKlass java/net/Inet6AddressImpl
instanceKlass java/net/InetAddressImpl
instanceKlass java/util/concurrent/ConcurrentSkipListMap$Node
instanceKlass java/util/concurrent/ConcurrentSkipListMap$Index
instanceKlass java/util/concurrent/ConcurrentNavigableMap
instanceKlass java/util/NavigableMap
instanceKlass java/util/SortedMap
instanceKlass java/util/NavigableSet
instanceKlass java/util/SortedSet
instanceKlass java/net/InetAddress$InetAddressHolder
instanceKlass java/security/Security$2
instanceKlass jdk/internal/access/JavaSecurityPropertiesAccess
instanceKlass java/util/concurrent/ConcurrentHashMap$MapEntry
instanceKlass java/util/Properties$LineReader
instanceKlass java/util/concurrent/locks/ReentrantReadWriteLock$WriteLock
instanceKlass java/util/concurrent/locks/ReentrantReadWriteLock$ReadLock
instanceKlass sun/nio/fs/WindowsLinkSupport
instanceKlass java/util/concurrent/locks/ReentrantReadWriteLock
instanceKlass java/util/concurrent/locks/ReadWriteLock
instanceKlass java/nio/file/FileSystems$DefaultFileSystemHolder
instanceKlass java/security/Security$SecPropLoader
instanceKlass java/security/Security
instanceKlass sun/security/util/SecurityProperties
instanceKlass jdk/internal/util/Exceptions
instanceKlass java/net/InetAddress$1
instanceKlass jdk/internal/access/JavaNetInetAddressAccess
instanceKlass jdk/internal/module/ModuleReferences$SafeCloseModuleReader
instanceKlass java/net/InetAddress
instanceKlass java/net/SocketAddress
instanceKlass jdk/internal/module/Resources
instanceKlass jdk/internal/module/ModulePatcher$PatchedModuleReader
instanceKlass jdk/internal/module/ModuleReferences$ExplodedModuleReader
instanceKlass jdk/internal/loader/BuiltinClassLoader$2
instanceKlass jdk/internal/invoke/MhUtil
instanceKlass java/net/Socket
instanceKlass sun/nio/cs/SingleByte
instanceKlass sun/nio/cs/MS1252$Holder
instanceKlass sun/nio/cs/ArrayDecoder
instanceKlass sun/launcher/LauncherHelper
instanceKlass java/io/Reader
instanceKlass com/intellij/rt/execution/application/AppMainV2
instanceKlass  @bci jdk/internal/reflect/DirectConstructorHandleAccessor invokeImpl ([Ljava/lang/Object;)Ljava/lang/Object; 88 <adapter> ; # java/lang/invoke/LambdaForm$MH+0x0000000026042800
# instanceKlass java/lang/invoke/LambdaForm$MH+0x0000000026042400
# instanceKlass java/lang/invoke/LambdaForm$MH+0x0000000026042000
# instanceKlass java/lang/invoke/LambdaForm$MH+0x0000000026041c00
instanceKlass  @bci java/sql/DriverManager getConnection (Ljava/lang/String;Ljava/util/Properties;Ljava/lang/Class;)Ljava/sql/Connection; 49 <appendix> form vmentry <vmtarget> ; # java/lang/invoke/LambdaForm$MH+0x0000000026041800
# instanceKlass java/lang/invoke/LambdaForm$MH+0x0000000026041400
instanceKlass  @cpi com/sun/javafx/scene/control/behavior/BehaviorBase 118 form vmentry <vmtarget> ; # java/lang/invoke/LambdaForm$DMH+0x0000000026041000
instanceKlass com/intellij/rt/execution/application/AppMainV2$Agent
instanceKlass java/security/PermissionCollection
instanceKlass java/security/SecureClassLoader$1
instanceKlass java/util/zip/Checksum$1
instanceKlass java/util/zip/CRC32
instanceKlass java/util/zip/Checksum
instanceKlass sun/nio/ByteBuffered
instanceKlass java/lang/Package$VersionInfo
instanceKlass java/lang/NamedPackage
instanceKlass java/util/jar/Attributes
instanceKlass jdk/internal/loader/Resource
instanceKlass java/nio/charset/CoderResult
instanceKlass java/nio/charset/CharsetDecoder
instanceKlass java/lang/Readable
instanceKlass jdk/internal/loader/FileURLMapper
instanceKlass jdk/internal/loader/URLClassPath$Loader
instanceKlass sun/net/util/URLUtil
instanceKlass sun/instrument/TransformerManager$TransformerInfo
instanceKlass sun/instrument/TransformerManager
instanceKlass jdk/internal/reflect/Reflection$1Holder
instanceKlass sun/instrument/InstrumentationImpl
instanceKlass java/lang/instrument/Instrumentation
instanceKlass jdk/internal/vm/ContinuationSupport
instanceKlass jdk/internal/module/ModuleBootstrap$SafeModuleFinder
instanceKlass java/lang/ModuleLayer$Controller
instanceKlass java/util/concurrent/CopyOnWriteArrayList
instanceKlass jdk/internal/module/ServicesCatalog$ServiceProvider
instanceKlass jdk/internal/loader/AbstractClassLoaderValue$Memoizer
instanceKlass java/util/ArrayList$Itr
instanceKlass java/util/SequencedMap
instanceKlass java/util/SequencedSet
instanceKlass java/util/HashMap$HashMapSpliterator
instanceKlass java/util/stream/ForEachOps$ForEachOp
instanceKlass java/util/stream/ForEachOps
instanceKlass  @bci java/lang/module/ModuleFinder$2 findAll ()Ljava/util/Set; 50 <appendix> member <vmtarget> ; # java/lang/module/ModuleFinder$2$$Lambda+0x800000011
instanceKlass  @bci java/lang/module/ModuleFinder$2 findAll ()Ljava/util/Set; 38 <appendix> argL0 ; # java/lang/module/ModuleFinder$2$$Lambda+0x800000012
instanceKlass  @bci java/lang/module/ModuleFinder$2 find (Ljava/lang/String;)Ljava/util/Optional; 62 <appendix> member <vmtarget> ; # java/lang/module/ModuleFinder$2$$Lambda+0x800000010
instanceKlass  @bci jdk/internal/module/ModuleReferences newExplodedModule (Ljdk/internal/module/ModuleInfo$Attributes;Ljdk/internal/module/ModulePatcher;Ljava/nio/file/Path;)Ljava/lang/module/ModuleReference; 1 <appendix> member <vmtarget> ; # jdk/internal/module/ModuleReferences$$Lambda+0x0000000026007490
instanceKlass java/lang/module/ModuleReader
instanceKlass java/util/StringJoiner
instanceKlass sun/nio/fs/BasicFileAttributesHolder
instanceKlass  @bci jdk/internal/module/ModulePath explodedPackages (Ljava/nio/file/Path;)Ljava/util/Set; 57 <appendix> argL0 ; # jdk/internal/module/ModulePath$$Lambda+0x800000051
instanceKlass  @bci jdk/internal/module/ModulePath explodedPackages (Ljava/nio/file/Path;)Ljava/util/Set; 47 <appendix> member <vmtarget> ; # jdk/internal/module/ModulePath$$Lambda+0x0000000026006b00
instanceKlass  @bci jdk/internal/module/ModulePath explodedPackages (Ljava/nio/file/Path;)Ljava/util/Set; 35 <appendix> member <vmtarget> ; # jdk/internal/module/ModulePath$$Lambda+0x00000000260068b0
instanceKlass java/lang/classfile/constantpool/InterfaceMethodRefEntry
instanceKlass  @cpi com/sun/javafx/scene/control/LambdaMultiplePropertyChangeListenerHandler 78 form vmentry <vmtarget> ; # java/lang/invoke/LambdaForm$DMH+0x0000000026040800
instanceKlass  @bci java/nio/file/Files find (Ljava/nio/file/Path;ILjava/util/function/BiPredicate;[Ljava/nio/file/FileVisitOption;)Ljava/util/stream/Stream; 57 <appendix> argL0 ; # java/nio/file/Files$$Lambda+0x0000000026006668
instanceKlass  @bci java/nio/file/Files find (Ljava/nio/file/Path;ILjava/util/function/BiPredicate;[Ljava/nio/file/FileVisitOption;)Ljava/util/stream/Stream; 47 <appendix> member <vmtarget> ; # java/nio/file/Files$$Lambda+0x0000000026006408
instanceKlass  @bci java/nio/file/Files find (Ljava/nio/file/Path;ILjava/util/function/BiPredicate;[Ljava/nio/file/FileVisitOption;)Ljava/util/stream/Stream; 33 <appendix> member <vmtarget> ; # java/nio/file/Files$$Lambda+0x00000000260061d8
instanceKlass  @cpi java/nio/file/Files 1118 form vmentry <vmtarget> ; # java/lang/invoke/LambdaForm$DMH+0x0000000026040400
instanceKlass java/util/Spliterators$IteratorSpliterator
instanceKlass java/nio/file/FileTreeWalker$Event
instanceKlass sun/nio/fs/WindowsDirectoryStream$WindowsDirectoryIterator
instanceKlass java/nio/file/FileTreeWalker$DirectoryNode
instanceKlass sun/nio/fs/WindowsDirectoryStream
instanceKlass java/nio/file/DirectoryStream
instanceKlass java/nio/file/Files$AcceptAllFilter
instanceKlass java/nio/file/DirectoryStream$Filter
instanceKlass java/nio/file/FileTreeWalker
instanceKlass java/nio/file/FileTreeIterator
instanceKlass  @bci jdk/internal/module/ModulePath explodedPackages (Ljava/nio/file/Path;)Ljava/util/Set; 15 <appendix> member <vmtarget> ; # jdk/internal/module/ModulePath$$Lambda+0x00000000260041d0
instanceKlass java/util/function/BiPredicate
instanceKlass sun/nio/ch/IOStatus
instanceKlass sun/nio/ch/Util$BufferCache
instanceKlass sun/nio/ch/Util
instanceKlass jdk/internal/misc/Blocker
instanceKlass sun/nio/ch/NativeThread
instanceKlass  @bci jdk/internal/module/ModulePath readExplodedModule (Ljava/nio/file/Path;)Ljava/lang/module/ModuleReference; 30 <appendix> member <vmtarget> ; # jdk/internal/module/ModulePath$$Lambda+0x0000000026003ba0
instanceKlass sun/nio/ch/SelChImpl
instanceKlass java/nio/channels/NetworkChannel
instanceKlass sun/nio/ch/Streams
instanceKlass java/nio/channels/Channels
instanceKlass sun/nio/ch/FileChannelImpl$Closer
instanceKlass sun/nio/ch/NativeThreadSet
instanceKlass java/nio/channels/spi/AbstractInterruptibleChannel$1
instanceKlass sun/nio/ch/Interruptible
instanceKlass sun/nio/ch/IOUtil
instanceKlass sun/nio/ch/NativeDispatcher
instanceKlass java/nio/channels/ScatteringByteChannel
instanceKlass java/nio/channels/GatheringByteChannel
instanceKlass java/nio/channels/SeekableByteChannel
instanceKlass java/nio/channels/ByteChannel
instanceKlass java/nio/channels/WritableByteChannel
instanceKlass java/nio/channels/ReadableByteChannel
instanceKlass java/nio/channels/spi/AbstractInterruptibleChannel
instanceKlass java/nio/channels/InterruptibleChannel
instanceKlass java/nio/channels/Channel
instanceKlass java/util/Collections$EmptyIterator
instanceKlass sun/nio/fs/WindowsChannelFactory$Flags
instanceKlass sun/nio/fs/WindowsChannelFactory$1
instanceKlass sun/nio/fs/WindowsChannelFactory
instanceKlass sun/nio/fs/WindowsSecurityDescriptor
instanceKlass java/nio/file/attribute/FileAttribute
instanceKlass sun/nio/fs/WindowsPath$1
instanceKlass java/io/RandomAccessFile$1
instanceKlass java/util/WeakHashMap$HashIterator
instanceKlass jdk/internal/module/ModuleReferences$2
instanceKlass jdk/internal/module/ModuleReferences$1
instanceKlass java/net/URI$Parser
instanceKlass sun/nio/fs/WindowsUriSupport
instanceKlass jdk/internal/module/ModuleReferences
instanceKlass jdk/internal/module/ModuleInfo$Attributes
instanceKlass java/util/Collections$UnmodifiableCollection$1
instanceKlass java/util/stream/Streams
instanceKlass java/util/stream/Stream$Builder
instanceKlass java/util/stream/Streams$AbstractStreamBuilderImpl
instanceKlass jdk/internal/module/Checks
instanceKlass java/util/stream/ReduceOps$AccumulatingSink
instanceKlass java/util/stream/ReduceOps$Box
instanceKlass java/util/stream/ReduceOps$ReduceOp
instanceKlass java/util/stream/ReduceOps
instanceKlass  @bci java/util/stream/Collectors castingIdentity ()Ljava/util/function/Function; 0 <appendix> argL0 ; # java/util/stream/Collectors$$Lambda+0x800000042
instanceKlass  @bci java/util/stream/Collectors toSet ()Ljava/util/stream/Collector; 14 <appendix> argL0 ; # java/util/stream/Collectors$$Lambda+0x800000040
instanceKlass java/util/function/BinaryOperator
instanceKlass  @bci java/util/stream/Collectors toSet ()Ljava/util/stream/Collector; 9 <appendix> argL0 ; # java/util/stream/Collectors$$Lambda+0x800000038
instanceKlass java/util/function/BiConsumer
instanceKlass  @bci java/util/stream/Collectors toSet ()Ljava/util/stream/Collector; 4 <appendix> argL0 ; # java/util/stream/Collectors$$Lambda+0x800000045
instanceKlass java/util/stream/Collector
instanceKlass java/util/Collections$UnmodifiableCollection
instanceKlass java/util/stream/Collectors
instanceKlass  @bci jdk/internal/module/ModulePath jarPackages (Ljava/util/jar/JarFile;)Ljava/util/Set; 35 <appendix> argL0 ; # jdk/internal/module/ModulePath$$Lambda+0x800000052
instanceKlass  @bci jdk/internal/module/ModulePath jarPackages (Ljava/util/jar/JarFile;)Ljava/util/Set; 25 <appendix> member <vmtarget> ; # jdk/internal/module/ModulePath$$Lambda+0x800000054
instanceKlass  @bci jdk/internal/module/ModulePath jarPackages (Ljava/util/jar/JarFile;)Ljava/util/Set; 14 <appendix> argL0 ; # jdk/internal/module/ModulePath$$Lambda+0x800000053
instanceKlass  @bci jdk/internal/module/ModulePath jarPackages (Ljava/util/jar/JarFile;)Ljava/util/Set; 4 <appendix> argL0 ; # jdk/internal/module/ModulePath$$Lambda+0x00000000260023f8
instanceKlass  @bci java/util/zip/ZipFile jarStream ()Ljava/util/stream/Stream; 25 <appendix> member <vmtarget> ; # java/util/zip/ZipFile$$Lambda+0x80000004a
instanceKlass java/util/function/IntFunction
instanceKlass java/util/Spliterators$AbstractSpliterator
instanceKlass java/lang/module/ModuleDescriptor$Builder
instanceKlass jdk/internal/module/ModuleInfo$ConstantPool$Entry
instanceKlass jdk/internal/module/ModuleInfo$ConstantPool
instanceKlass java/lang/invoke/VarHandle$AccessDescriptor
instanceKlass java/lang/invoke/VarForm
instanceKlass java/lang/invoke/VarHandleGuards
instanceKlass java/lang/invoke/VarHandles
instanceKlass jdk/internal/util/ByteArray
instanceKlass jdk/internal/module/ModuleInfo$CountingDataInput
instanceKlass jdk/internal/module/ModuleInfo
instanceKlass  @bci jdk/internal/module/ModulePath readJar (Ljava/nio/file/Path;)Ljava/lang/module/ModuleReference; 99 <appendix> member <vmtarget> ; # jdk/internal/module/ModulePath$$Lambda+0x0000000026001000
instanceKlass java/lang/invoke/TypeConvertingMethodAdapter
instanceKlass java/lang/invoke/InnerClassLambdaMetafactory$6
instanceKlass java/lang/invoke/InnerClassLambdaMetafactory$3
instanceKlass java/lang/classfile/Interfaces
instanceKlass java/util/ImmutableCollections$Access$1
instanceKlass jdk/internal/access/JavaUtilCollectionAccess
instanceKlass java/util/ImmutableCollections$Access
instanceKlass java/lang/invoke/InnerClassLambdaMetafactory$1
instanceKlass sun/security/util/Debug
instanceKlass sun/security/util/SignatureFileVerifier
instanceKlass java/util/zip/ZipFile$InflaterCleanupAction
instanceKlass java/util/zip/Inflater$InflaterZStreamRef
instanceKlass java/util/zip/Inflater
instanceKlass java/util/zip/ZipEntry
instanceKlass jdk/internal/perf/PerfCounter$CoreCounters
instanceKlass java/util/Locale$LocaleCache
instanceKlass jdk/internal/util/ReferencedKeyMap$1
instanceKlass sun/util/locale/BaseLocale$1InterningCache
instanceKlass sun/util/locale/LocaleUtils
instanceKlass java/util/Locale
instanceKlass java/nio/file/attribute/FileTime
instanceKlass java/util/zip/ZipUtils
instanceKlass java/util/zip/ZipFile$Source$End
instanceKlass java/io/RandomAccessFile$2
instanceKlass jdk/internal/access/JavaIORandomAccessFileAccess
instanceKlass java/io/RandomAccessFile
instanceKlass java/io/DataInput
instanceKlass java/io/DataOutput
instanceKlass java/util/zip/ZipFile$Source$Key
instanceKlass java/util/zip/ZipFile$Source
instanceKlass java/util/zip/ZipFile$CleanableResource
instanceKlass java/util/zip/ZipCoder
instanceKlass sun/nio/fs/WindowsNativeDispatcher$CompletionStatus
instanceKlass sun/nio/fs/WindowsNativeDispatcher$AclInformation
instanceKlass sun/nio/fs/WindowsNativeDispatcher$Account
instanceKlass sun/nio/fs/WindowsNativeDispatcher$DiskFreeSpace
instanceKlass sun/nio/fs/WindowsNativeDispatcher$VolumeInformation
instanceKlass sun/nio/fs/WindowsNativeDispatcher$FirstStream
instanceKlass sun/nio/fs/WindowsNativeDispatcher$FirstFile
instanceKlass java/util/Enumeration
instanceKlass java/util/concurrent/ConcurrentHashMap$Traverser
instanceKlass jdk/internal/loader/NativeLibraries$2
instanceKlass jdk/internal/loader/NativeLibrary
instanceKlass java/util/ArrayDeque$DeqIterator
instanceKlass jdk/internal/loader/NativeLibraries$NativeLibraryContext$1
instanceKlass jdk/internal/loader/NativeLibraries$NativeLibraryContext
instanceKlass jdk/internal/loader/NativeLibraries$1
instanceKlass jdk/internal/loader/NativeLibraries$LibraryPaths
instanceKlass sun/nio/fs/WindowsNativeDispatcher
instanceKlass sun/nio/fs/NativeBuffer$Deallocator
instanceKlass java/lang/ref/Cleaner$Cleanable
instanceKlass jdk/internal/ref/CleanerImpl$CleanableList$Node
instanceKlass jdk/internal/ref/CleanerImpl$CleanableList
instanceKlass jdk/internal/ref/CleanerImpl
instanceKlass java/lang/ref/Cleaner$1
instanceKlass java/lang/ref/Cleaner
instanceKlass jdk/internal/ref/CleanerFactory$1
instanceKlass java/util/concurrent/ThreadFactory
instanceKlass jdk/internal/ref/CleanerFactory
instanceKlass sun/nio/fs/NativeBuffer
instanceKlass java/lang/ThreadLocal$ThreadLocalMap
instanceKlass java/lang/ThreadLocal
instanceKlass sun/nio/fs/NativeBuffers
instanceKlass sun/nio/fs/WindowsFileAttributes
instanceKlass java/nio/file/attribute/DosFileAttributes
instanceKlass sun/nio/fs/AbstractBasicFileAttributeView
instanceKlass sun/nio/fs/DynamicFileAttributeView
instanceKlass sun/nio/fs/WindowsFileAttributeViews
instanceKlass sun/nio/fs/Util
instanceKlass java/nio/file/attribute/BasicFileAttributeView
instanceKlass java/nio/file/attribute/FileAttributeView
instanceKlass java/nio/file/attribute/AttributeView
instanceKlass java/nio/file/Files
instanceKlass java/nio/file/CopyOption
instanceKlass java/nio/file/attribute/BasicFileAttributes
instanceKlass  @bci java/util/stream/MatchOps makeRef (Ljava/util/function/Predicate;Ljava/util/stream/MatchOps$MatchKind;)Ljava/util/stream/TerminalOp; 20 <appendix> member <vmtarget> ; # java/util/stream/MatchOps$$Lambda+0x800000004
instanceKlass java/util/stream/MatchOps$BooleanTerminalSink
instanceKlass java/util/stream/MatchOps$MatchOp
instanceKlass java/util/stream/MatchOps
instanceKlass java/util/Spliterators$EmptySpliterator
instanceKlass java/util/Spliterators
instanceKlass java/util/stream/Sink$ChainedReference
instanceKlass java/util/stream/ReferencePipeline$7$1FlatMap
instanceKlass java/util/stream/FindOps$FindOp
instanceKlass java/util/stream/TerminalOp
instanceKlass  @bci java/util/stream/FindOps$FindSink$OfRef <clinit> ()V 6 <appendix> argL0 ; # java/util/stream/FindOps$FindSink$OfRef$$Lambda+0x800000048
instanceKlass  @bci java/util/stream/FindOps$FindSink$OfRef <clinit> ()V 0 <appendix> argL0 ; # java/util/stream/FindOps$FindSink$OfRef$$Lambda+0x800000049
instanceKlass java/util/function/Predicate
instanceKlass java/util/stream/FindOps$FindSink
instanceKlass java/util/stream/TerminalSink
instanceKlass java/util/stream/Sink
instanceKlass java/util/stream/FindOps
instanceKlass  @bci java/lang/module/ModuleFinder$2 find (Ljava/lang/String;)Ljava/util/Optional; 43 <appendix> argL0 ; # java/lang/module/ModuleFinder$2$$Lambda+0x800000013
instanceKlass  @bci java/lang/module/ModuleFinder$2 find (Ljava/lang/String;)Ljava/util/Optional; 33 <appendix> member <vmtarget> ; # java/lang/module/ModuleFinder$2$$Lambda+0x800000014
instanceKlass java/lang/invoke/LambdaProxyClassArchive
instanceKlass java/lang/invoke/InfoFromMemberName
instanceKlass java/lang/invoke/MethodHandleInfo
instanceKlass java/lang/invoke/AbstractValidatingLambdaMetafactory
instanceKlass java/lang/invoke/BootstrapMethodInvoker
instanceKlass java/lang/invoke/LambdaMetafactory
# instanceKlass java/lang/invoke/LambdaForm$MH+0x0000000026040000
instanceKlass jdk/internal/util/ModifiedUtf
instanceKlass java/lang/StringCoding
instanceKlass jdk/internal/classfile/impl/ClassReaderImpl
instanceKlass java/lang/classfile/ClassReader
instanceKlass jdk/internal/classfile/impl/ClassHierarchyImpl$CachedClassHierarchyResolver$1
instanceKlass java/lang/classfile/ClassHierarchyResolver$ClassHierarchyInfo
instanceKlass jdk/internal/classfile/impl/ClassHierarchyImpl$CachedClassHierarchyResolver
instanceKlass jdk/internal/classfile/impl/ClassHierarchyImpl$ClassLoadingClassHierarchyResolver$1
instanceKlass jdk/internal/classfile/impl/ClassHierarchyImpl$ClassLoadingClassHierarchyResolver
instanceKlass java/lang/classfile/ClassHierarchyResolver
instanceKlass jdk/internal/classfile/impl/ClassHierarchyImpl
instanceKlass jdk/internal/classfile/impl/RawBytecodeHelper$1
instanceKlass jdk/internal/classfile/impl/RawBytecodeHelper
instanceKlass jdk/internal/classfile/impl/StackMapGenerator$Frame
instanceKlass jdk/internal/classfile/impl/StackMapGenerator
instanceKlass jdk/internal/classfile/impl/AnnotationReader
instanceKlass java/lang/classfile/CustomAttribute
instanceKlass jdk/internal/classfile/impl/TerminalFieldBuilder
instanceKlass java/lang/classfile/FieldBuilder
instanceKlass java/lang/invoke/InvokerBytecodeGenerator$2
instanceKlass jdk/internal/classfile/impl/BytecodeHelpers
instanceKlass java/lang/classfile/constantpool/MethodRefEntry
instanceKlass sun/invoke/empty/Empty
instanceKlass sun/invoke/util/VerifyType
instanceKlass jdk/internal/classfile/impl/DirectCodeBuilder$8
instanceKlass java/lang/classfile/instruction/LabelTarget
instanceKlass java/lang/classfile/Label
instanceKlass jdk/internal/classfile/impl/BufWriterImpl
instanceKlass java/lang/classfile/BufWriter
instanceKlass java/lang/classfile/instruction/LocalVariableType
instanceKlass java/lang/classfile/instruction/LocalVariable
instanceKlass java/lang/classfile/instruction/CharacterRange
instanceKlass java/lang/classfile/PseudoInstruction
instanceKlass java/lang/classfile/CodeElement
instanceKlass jdk/internal/classfile/impl/TerminalCodeBuilder
instanceKlass jdk/internal/classfile/impl/LabelContext
instanceKlass java/lang/classfile/CodeBuilder
instanceKlass java/lang/invoke/InvokerBytecodeGenerator$4$1
instanceKlass java/lang/classfile/constantpool/FieldRefEntry
instanceKlass java/lang/classfile/constantpool/MemberRefEntry
instanceKlass java/lang/classfile/constantpool/NameAndTypeEntry
instanceKlass jdk/internal/classfile/impl/TerminalMethodBuilder
instanceKlass jdk/internal/classfile/impl/MethodInfo
instanceKlass java/lang/classfile/MethodBuilder
instanceKlass java/lang/invoke/InvokerBytecodeGenerator$4
instanceKlass java/lang/classfile/attribute/SourceFileAttribute
instanceKlass java/lang/classfile/Superclass
instanceKlass jdk/internal/classfile/impl/AttributeHolder
instanceKlass java/lang/classfile/ClassBuilder
instanceKlass java/lang/classfile/ClassFileBuilder
instanceKlass jdk/internal/classfile/impl/AbstractDirectBuilder
instanceKlass java/lang/invoke/InvokerBytecodeGenerator$1
instanceKlass jdk/internal/classfile/impl/ClassFileImpl
instanceKlass java/lang/classfile/ClassFile
instanceKlass java/lang/invoke/InvokerBytecodeGenerator$3
instanceKlass java/util/function/Consumer
instanceKlass java/lang/classfile/constantpool/ClassEntry
instanceKlass java/lang/classfile/constantpool/LoadableConstantEntry
instanceKlass jdk/internal/classfile/impl/Util
instanceKlass jdk/internal/classfile/impl/EntryMap
instanceKlass jdk/internal/classfile/impl/BootstrapMethodEntryImpl
instanceKlass java/lang/classfile/BootstrapMethodEntry
instanceKlass jdk/internal/classfile/impl/SplitConstantPool
instanceKlass java/lang/invoke/LambdaFormBuffer
instanceKlass java/lang/invoke/LambdaFormEditor$TransformKey
instanceKlass java/lang/invoke/LambdaFormEditor
instanceKlass java/lang/invoke/Invokers$Holder
instanceKlass java/lang/invoke/DelegatingMethodHandle$Holder
instanceKlass java/lang/invoke/DirectMethodHandle$2
instanceKlass java/lang/invoke/ClassSpecializer$Factory
instanceKlass java/lang/invoke/ClassSpecializer$SpeciesData
instanceKlass java/lang/invoke/ClassSpecializer$1
instanceKlass jdk/internal/vm/annotation/Stable
instanceKlass java/lang/invoke/ClassSpecializer
instanceKlass java/lang/invoke/InvokerBytecodeGenerator$8
instanceKlass jdk/internal/classfile/impl/AbstractAttributeMapper
instanceKlass java/lang/classfile/AttributeMapper
instanceKlass java/lang/classfile/Attributes
instanceKlass jdk/internal/classfile/impl/Util$Writable
instanceKlass jdk/internal/classfile/impl/AbstractElement
instanceKlass java/lang/classfile/attribute/RuntimeVisibleAnnotationsAttribute
instanceKlass java/lang/classfile/FieldElement
instanceKlass java/lang/classfile/MethodElement
instanceKlass java/lang/classfile/ClassElement
instanceKlass java/lang/classfile/Attribute
instanceKlass java/lang/classfile/ClassFileElement
instanceKlass java/lang/classfile/constantpool/Utf8Entry
instanceKlass java/lang/classfile/constantpool/AnnotationConstantValueEntry
instanceKlass java/lang/classfile/constantpool/PoolEntry
instanceKlass jdk/internal/classfile/impl/AbstractPoolEntry
instanceKlass jdk/internal/classfile/impl/TemporaryConstantPool
instanceKlass java/lang/classfile/constantpool/ConstantPoolBuilder
instanceKlass java/lang/classfile/constantpool/ConstantPool
instanceKlass java/lang/classfile/Annotation
instanceKlass java/lang/classfile/AnnotationElement
instanceKlass java/lang/invoke/InvokerBytecodeGenerator
instanceKlass java/lang/invoke/LambdaForm$Holder
instanceKlass java/lang/invoke/LambdaForm$Name
instanceKlass java/lang/reflect/Array
instanceKlass java/lang/invoke/Invokers
instanceKlass sun/invoke/util/ValueConversions
instanceKlass java/lang/invoke/DirectMethodHandle$Holder
instanceKlass java/lang/constant/DynamicConstantDesc
instanceKlass jdk/internal/constant/DirectMethodHandleDescImpl$1
instanceKlass jdk/internal/constant/DirectMethodHandleDescImpl
instanceKlass java/lang/constant/DirectMethodHandleDesc
instanceKlass java/lang/constant/MethodHandleDesc$1
instanceKlass java/lang/constant/MethodHandleDesc
instanceKlass jdk/internal/constant/MethodTypeDescImpl
instanceKlass java/lang/constant/MethodTypeDesc
instanceKlass jdk/internal/constant/ConstantUtils
instanceKlass jdk/internal/constant/ArrayClassDescImpl
instanceKlass jdk/internal/constant/ClassOrInterfaceDescImpl
instanceKlass java/lang/constant/ClassDesc
instanceKlass java/lang/constant/ConstantDescs
instanceKlass sun/invoke/util/Wrapper$Format
instanceKlass java/lang/invoke/MethodHandleImpl$1
instanceKlass jdk/internal/access/JavaLangInvokeAccess
instanceKlass java/lang/invoke/LambdaForm$NamedFunction
instanceKlass jdk/internal/reflect/MethodHandleAccessorFactory$LazyStaticHolder
instanceKlass java/lang/invoke/MethodTypeForm
instanceKlass jdk/internal/util/StrongReferenceKey
instanceKlass jdk/internal/util/ReferenceKey
instanceKlass jdk/internal/util/ReferencedKeyMap
instanceKlass java/lang/invoke/MethodType$1
instanceKlass sun/reflect/annotation/AnnotationParser
instanceKlass java/lang/PublicMethods$Key
instanceKlass java/lang/PublicMethods$MethodList
instanceKlass java/util/EnumMap$1
instanceKlass java/util/stream/StreamOpFlag$MaskBuilder
instanceKlass java/util/stream/Stream
instanceKlass java/util/stream/BaseStream
instanceKlass java/util/stream/PipelineHelper
instanceKlass java/util/stream/StreamSupport
instanceKlass java/util/AbstractList$RandomAccessSpliterator
instanceKlass java/util/Spliterator
instanceKlass java/lang/module/ModuleFinder$1
instanceKlass java/lang/module/Resolver
instanceKlass java/lang/module/ModuleFinder$2
instanceKlass jdk/internal/loader/BuiltinClassLoader$LoadedModule
instanceKlass java/lang/Module$EnableNativeAccess
instanceKlass jdk/internal/loader/BootLoader
instanceKlass jdk/internal/module/ModuleResolution
instanceKlass jdk/internal/module/ModuleHashes$Builder
instanceKlass java/util/ImmutableCollections$Set12$1
instanceKlass java/util/ImmutableCollections$ListItr
instanceKlass java/util/ListIterator
instanceKlass java/util/ImmutableCollections$SetN$SetNIterator
instanceKlass jdk/internal/module/Builder
instanceKlass jdk/internal/module/SystemModules$all
instanceKlass jdk/internal/module/SystemModules
instanceKlass jdk/internal/module/SystemModulesMap
instanceKlass jdk/internal/module/SystemModuleFinders
instanceKlass jdk/internal/loader/AbstractClassLoaderValue
instanceKlass jdk/internal/module/ServicesCatalog
instanceKlass java/util/Deque
instanceKlass java/util/Queue
instanceKlass sun/net/util/IPAddressUtil$MASKS
instanceKlass sun/net/util/IPAddressUtil
instanceKlass java/net/URLStreamHandler
instanceKlass sun/net/www/ParseUtil
instanceKlass java/net/URL$1
instanceKlass jdk/internal/access/JavaNetURLAccess
instanceKlass java/net/URL$DefaultFactory
instanceKlass java/net/URLStreamHandlerFactory
instanceKlass jdk/internal/loader/URLClassPath
instanceKlass java/util/concurrent/ConcurrentHashMap$CollectionView
instanceKlass jdk/internal/loader/ClassLoaderHelper
instanceKlass jdk/internal/loader/NativeLibraries
instanceKlass java/security/Principal
instanceKlass java/lang/ClassLoader$ParallelLoaders
instanceKlass java/security/cert/Certificate
instanceKlass jdk/internal/loader/ArchivedClassLoaders
instanceKlass java/net/URI$1
instanceKlass jdk/internal/access/JavaNetUriAccess
instanceKlass java/util/Optional
instanceKlass java/lang/Runtime$Version
instanceKlass java/util/jar/JavaUtilJarAccessImpl
instanceKlass jdk/internal/access/JavaUtilJarAccess
instanceKlass java/util/zip/ZipFile$1
instanceKlass jdk/internal/access/JavaUtilZipFileAccess
instanceKlass java/util/BitSet
instanceKlass java/util/zip/ZipFile
instanceKlass java/util/zip/ZipConstants
instanceKlass java/nio/Bits$1
instanceKlass jdk/internal/misc/VM$BufferPool
instanceKlass java/nio/Bits
instanceKlass sun/nio/ch/DirectBuffer
instanceKlass jdk/internal/perf/Perf
instanceKlass jdk/internal/perf/PerfCounter
instanceKlass jdk/internal/module/ModulePath
instanceKlass sun/nio/fs/WindowsPath
instanceKlass java/lang/StringUTF16
instanceKlass sun/nio/fs/WindowsPathParser
instanceKlass java/nio/file/FileSystem
instanceKlass java/nio/file/OpenOption
instanceKlass java/nio/file/spi/FileSystemProvider
instanceKlass sun/nio/fs/DefaultFileSystemProvider
instanceKlass java/nio/file/FileSystems
instanceKlass java/nio/file/Path
instanceKlass java/nio/file/Watchable
instanceKlass jdk/internal/module/ArchivedBootLayer
instanceKlass jdk/internal/module/ModuleBootstrap$Counters
instanceKlass jdk/internal/module/ModuleLoaderMap$Modules
instanceKlass jdk/internal/module/ModuleLoaderMap
instanceKlass jdk/internal/module/ModulePatcher
instanceKlass jdk/internal/util/DecimalDigits
instanceKlass java/io/FileSystem
instanceKlass java/io/DefaultFileSystem
instanceKlass java/io/File
instanceKlass java/lang/module/ModuleDescriptor$1
instanceKlass jdk/internal/access/JavaLangModuleAccess
instanceKlass sun/invoke/util/VerifyAccess
instanceKlass java/util/KeyValueHolder
instanceKlass java/util/ImmutableCollections$MapN$MapNIterator
instanceKlass java/lang/invoke/MethodHandles$Lookup
instanceKlass java/lang/invoke/MemberName$Factory
instanceKlass java/lang/invoke/MethodHandles
instanceKlass jdk/internal/module/ModuleBootstrap
instanceKlass java/util/HexFormat
instanceKlass jdk/internal/util/ClassFileDumper
instanceKlass java/lang/CharacterData
instanceKlass java/lang/invoke/MethodHandleStatics
instanceKlass java/util/Collections
instanceKlass java/lang/Thread$ThreadIdentifiers
instanceKlass sun/io/Win32ErrorMode
instanceKlass jdk/internal/misc/OSEnvironment
instanceKlass jdk/internal/misc/Signal$NativeHandler
instanceKlass java/util/Hashtable$Entry
instanceKlass jdk/internal/misc/Signal
instanceKlass java/lang/Terminator$1
instanceKlass jdk/internal/misc/Signal$Handler
instanceKlass java/lang/Terminator
instanceKlass java/nio/ByteOrder
instanceKlass java/nio/Buffer$2
instanceKlass jdk/internal/access/JavaNioAccess
instanceKlass java/nio/Buffer$1
instanceKlass jdk/internal/misc/ScopedMemoryAccess
instanceKlass java/nio/charset/CodingErrorAction
instanceKlass java/nio/charset/CharsetEncoder
instanceKlass java/io/Writer
instanceKlass java/io/OutputStream
instanceKlass java/io/Flushable
instanceKlass java/io/FileDescriptor$1
instanceKlass jdk/internal/access/JavaIOFileDescriptorAccess
instanceKlass java/io/FileDescriptor
instanceKlass jdk/internal/util/StaticProperty
instanceKlass jdk/internal/reflect/MethodHandleAccessorFactory
instanceKlass jdk/internal/reflect/Reflection
instanceKlass java/lang/reflect/Modifier
instanceKlass java/lang/Class$Atomic
instanceKlass java/lang/Class$ReflectionData
instanceKlass java/nio/charset/StandardCharsets
instanceKlass sun/nio/cs/HistoricallyNamedCharset
instanceKlass java/util/Arrays
instanceKlass jdk/internal/util/Preconditions$3
instanceKlass jdk/internal/util/Preconditions$2
instanceKlass jdk/internal/util/Preconditions$4
instanceKlass java/util/function/BiFunction
instanceKlass jdk/internal/util/Preconditions$1
instanceKlass jdk/internal/util/Preconditions
instanceKlass java/nio/charset/spi/CharsetProvider
instanceKlass java/nio/charset/Charset
instanceKlass java/util/HashMap$HashIterator
instanceKlass java/util/concurrent/locks/LockSupport
instanceKlass java/util/concurrent/ConcurrentHashMap$Node
instanceKlass java/util/concurrent/ConcurrentHashMap$CounterCell
instanceKlass java/util/concurrent/locks/ReentrantLock
instanceKlass java/util/concurrent/locks/Lock
instanceKlass java/lang/Runtime
instanceKlass java/lang/VersionProps
instanceKlass java/lang/StringConcatHelper
instanceKlass jdk/internal/util/ArraysSupport
instanceKlass java/lang/StringLatin1
instanceKlass java/lang/StrictMath
instanceKlass jdk/internal/util/SystemProps$Raw
instanceKlass jdk/internal/util/SystemProps
instanceKlass java/lang/System$1
instanceKlass jdk/internal/access/JavaLangAccess
instanceKlass java/lang/ref/ReferenceQueue$Lock
instanceKlass java/lang/ref/ReferenceQueue
instanceKlass java/lang/ref/Reference$1
instanceKlass jdk/internal/access/JavaLangRefAccess
instanceKlass java/lang/Math
instanceKlass java/io/ObjectStreamClass
instanceKlass jdk/internal/reflect/ReflectionFactory
instanceKlass jdk/internal/access/SharedSecrets
instanceKlass java/lang/reflect/ReflectAccess
instanceKlass jdk/internal/access/JavaLangReflectAccess
instanceKlass java/util/Objects
instanceKlass jdk/internal/misc/CDS
instanceKlass java/lang/Module$ArchivedData
instanceKlass jdk/internal/misc/VM
instanceKlass java/lang/String$CaseInsensitiveComparator
instanceKlass java/util/Comparator
instanceKlass java/io/ObjectStreamField
instanceKlass jdk/internal/math/FDBigInteger
instanceKlass java/lang/ModuleLayer
instanceKlass java/util/ImmutableCollections
instanceKlass jdk/internal/module/ModuleLoaderMap$Mapper
instanceKlass java/util/function/Function
instanceKlass java/lang/module/ResolvedModule
instanceKlass java/lang/module/Configuration
instanceKlass java/util/HashMap$Node
instanceKlass java/util/Map$Entry
instanceKlass java/util/Collections$UnmodifiableMap
instanceKlass jdk/internal/module/ModuleHashes
instanceKlass jdk/internal/module/ModuleTarget
instanceKlass java/lang/module/ModuleDescriptor$Opens
instanceKlass jdk/internal/module/SystemModuleFinders$2
instanceKlass jdk/internal/module/ModuleHashes$HashSupplier
instanceKlass jdk/internal/module/SystemModuleFinders$1
instanceKlass java/util/function/Supplier
instanceKlass java/net/URI
instanceKlass java/lang/module/ModuleDescriptor$Provides
instanceKlass java/lang/module/ModuleDescriptor$Exports
instanceKlass java/lang/module/ModuleDescriptor$Requires
instanceKlass java/lang/module/ModuleDescriptor$Version
instanceKlass java/lang/module/ModuleDescriptor
instanceKlass java/lang/module/ModuleReference
instanceKlass java/util/Set
instanceKlass jdk/internal/module/SystemModuleFinders$SystemModuleFinder
instanceKlass java/lang/module/ModuleFinder
instanceKlass jdk/internal/module/ArchivedModuleGraph
instanceKlass sun/util/locale/BaseLocale
instanceKlass java/util/jar/Attributes$Name
instanceKlass java/lang/Character$CharacterCache
instanceKlass java/lang/Short$ShortCache
instanceKlass java/lang/Byte$ByteCache
instanceKlass java/lang/Long$LongCache
instanceKlass java/lang/Integer$IntegerCache
instanceKlass jdk/internal/vm/FillerObject
instanceKlass jdk/internal/vm/vector/VectorSupport$VectorPayload
instanceKlass jdk/internal/vm/vector/VectorSupport
instanceKlass java/lang/reflect/RecordComponent
instanceKlass java/util/Iterator
instanceKlass java/lang/Void
instanceKlass java/lang/Number
instanceKlass java/lang/Character
instanceKlass java/lang/Boolean
instanceKlass java/util/concurrent/locks/AbstractOwnableSynchronizer
instanceKlass java/lang/LiveStackFrame
instanceKlass java/lang/ClassFrameInfo
instanceKlass java/lang/StackWalker$StackFrame
instanceKlass java/lang/StackStreamFactory$AbstractStackWalker
instanceKlass java/lang/StackWalker
instanceKlass java/nio/Buffer
instanceKlass java/lang/StackTraceElement
instanceKlass java/util/RandomAccess
instanceKlass java/util/List
instanceKlass java/util/SequencedCollection
instanceKlass java/util/AbstractCollection
instanceKlass java/util/Collection
instanceKlass java/lang/Iterable
instanceKlass java/util/concurrent/ConcurrentMap
instanceKlass java/util/AbstractMap
instanceKlass java/security/CodeSource
instanceKlass jdk/internal/loader/ClassLoaders
instanceKlass java/util/jar/Manifest
instanceKlass java/lang/Enum
instanceKlass java/net/URL
instanceKlass java/io/InputStream
instanceKlass java/io/Closeable
instanceKlass java/lang/AutoCloseable
instanceKlass jdk/internal/module/Modules
instanceKlass jdk/internal/misc/Unsafe
instanceKlass jdk/internal/misc/UnsafeConstants
instanceKlass java/lang/AbstractStringBuilder
instanceKlass java/lang/Appendable
instanceKlass java/lang/AssertionStatusDirectives
instanceKlass jdk/internal/foreign/abi/ABIDescriptor
instanceKlass jdk/internal/foreign/abi/NativeEntryPoint
instanceKlass java/lang/invoke/CallSite
instanceKlass java/lang/invoke/MethodType
instanceKlass java/lang/invoke/TypeDescriptor$OfMethod
instanceKlass java/lang/invoke/LambdaForm
instanceKlass java/lang/invoke/MethodHandleNatives
instanceKlass java/lang/invoke/MethodHandleImpl
instanceKlass java/lang/invoke/ResolvedMethodName
instanceKlass java/lang/invoke/MemberName
instanceKlass java/lang/invoke/VarHandle
instanceKlass java/lang/invoke/MethodHandle
instanceKlass jdk/internal/reflect/ConstructorAccessorImpl
instanceKlass jdk/internal/reflect/ConstructorAccessor
instanceKlass jdk/internal/reflect/CallerSensitive
instanceKlass java/lang/annotation/Annotation
instanceKlass jdk/internal/reflect/ConstantPool
instanceKlass jdk/internal/reflect/MethodAccessorImpl
instanceKlass jdk/internal/reflect/MethodAccessor
instanceKlass jdk/internal/vm/StackChunk
instanceKlass jdk/internal/vm/Continuation
instanceKlass jdk/internal/vm/ContinuationScope
instanceKlass java/lang/reflect/Parameter
instanceKlass java/lang/reflect/Member
instanceKlass java/lang/reflect/AccessibleObject
instanceKlass java/lang/Module
instanceKlass java/util/Map
instanceKlass java/util/Dictionary
instanceKlass java/lang/ThreadGroup
instanceKlass java/lang/Thread$UncaughtExceptionHandler
instanceKlass java/lang/Thread$Constants
instanceKlass java/lang/Thread$FieldHolder
instanceKlass java/lang/Thread
instanceKlass java/lang/Runnable
instanceKlass java/lang/ref/Reference
instanceKlass java/lang/Record
instanceKlass java/security/ProtectionDomain
instanceKlass java/lang/Throwable
instanceKlass java/lang/System
instanceKlass java/lang/ClassLoader
instanceKlass java/lang/Cloneable
instanceKlass java/lang/Class
instanceKlass java/lang/invoke/TypeDescriptor$OfField
instanceKlass java/lang/invoke/TypeDescriptor
instanceKlass java/lang/reflect/Type
instanceKlass java/lang/reflect/GenericDeclaration
instanceKlass java/lang/reflect/AnnotatedElement
instanceKlass java/lang/String
instanceKlass java/lang/constant/ConstantDesc
instanceKlass java/lang/constant/Constable
instanceKlass java/lang/CharSequence
instanceKlass java/lang/Comparable
instanceKlass java/io/Serializable
ciInstanceKlass java/lang/Object 1 1 115 7 1 10 12 1 1 10 7 12 1 1 1 10 7 12 1 1 1 10 12 1 1 8 1 10 12 1 1 10 7 12 1 1 1 10 12 1 10 12 1 1 100 1 8 1 10 12 1 10 7 12 1 1 1 7 1 10 12 1 7 1 10 12 1 1 8 1 3 8 1 100 1 5 0 1 1 1 1 1 1 1 1 1 1 1 1 1 1 1 1 100 1 1 1 1 1 1 1 1 1 1 1 1 1 100 1 1 1 1 1 1 3 1 1
ciMethod java/lang/Object equals (Ljava/lang/Object;)Z 1024 0 12080 0 -1
ciMethod java/lang/Object hashCode ()I 256 0 128 0 -1
ciInstanceKlass java/io/Serializable 1 0 7 100 1 100 1 1 1
ciInstanceKlass java/lang/System 1 1 591 10 100 12 1 1 1 10 7 12 1 1 1 10 12 1 1 10 12 1 9 12 1 1 10 7 12 1 1 1 11 100 12 1 1 1 10 100 12 1 1 1 10 12 1 1 100 1 8 1 10 12 1 9 12 1 1 9 12 1 1 10 7 12 1 1 1 10 7 12 1 1 1 10 12 1 1 10 12 1 10 7 12 1 1 1 10 12 1 10 12 1 1 7 1 10 12 1 1 100 1 8 1 10 10 12 1 1 100 1 8 1 10 10 7 12 1 1 10 12 10 7 12 1 1 10 7 12 1 1 1 100 1 8 1 10 10 7 12 1 1 1 10 7 12 1 1 1 100 1 10 100 12 1 1 1 10 12 1 1 10 7 12 1 1 1 10 12 1 1 10 12 1 10 12 1 8 1 10 12 1 1 10 12 1 1 8 1 10 12 1 7 1 7 1 10 12 1 9 7 12 1 1 1 10 7 12 1 1 1 10 12 1 10 12 1 10 7 12 1 1 1 100 1 8 1 10 9 12 1 1 9 12 1 10 12 1 10 100 12 1 1 10 12 1 10 12 1 1 100 1 10 8 1 10 12 1 1 10 12 1 10 12 1 1 10 12 1 1 8 1 11 7 12 1 1 10 12 11 12 1 1 11 7 12 1 1 1 11 7 12 1 1 11 12 1 1 7 1 11 12 1 10 12 1 8 1 10 12 1 1 8 1 8 1 8 1 8 1 11 12 1 10 12 1 1 10 12 1 10 12 1 8 1 10 12 1 1 8 1 9 12 1 8 1 10 7 12 1 1 8 1 7 1 9 7 12 1 1 1 10 12 1 7 1 9 12 10 9 12 7 1 10 12 9 12 1 1 8 1 10 12 1 1 8 1 9 12 1 10 7 12 1 1 10 12 1 10 12 1 1 11 7 12 1 1 10 12 10 7 12 1 1 1 9 12 1 1 100 1 100 1 8 1 10 12 1 1 10 12 1 8 1 8 1 10 8 1 8 1 8 1 8 1 8 1 10 8 1 10 7 12 1 1 1 10 7 12 1 1 1 10 12 1 1 7 1 10 10 12 1 10 12 1 9 12 1 1 1 1 1 1 1 1 1 1 1 1 100 1 1 100 1 1 1 1 1 1 1 1 1 1 3 1 1 1 1 1 1 1 1 1 1 1 1 1 1 1 1 1 1 1 1 1 1 1 1 1 1 1 1 1 1 1 1 1 1 1 1 1 1 1 1 1 1 1 1 1 1 1 1 1 1 1 100 1 1 1 1 1 1 1 1 1 1 1 1 1 1 1 1 1 1 1 1 1 1 1 1 1 100 1 100 1 1 1 1 1 1 1 1
staticfield java/lang/System in Ljava/io/InputStream; java/io/BufferedInputStream
staticfield java/lang/System out Ljava/io/PrintStream; java/io/PrintStream
staticfield java/lang/System err Ljava/io/PrintStream; java/io/PrintStream
instanceKlass java/security/Provider
instanceKlass java/security/Security$1
ciInstanceKlass java/util/Properties 1 1 690 10 7 12 1 1 1 100 1 10 7 12 1 1 7 1 10 12 1 9 12 1 1 9 12 1 1 9 12 1 1 10 7 12 1 1 1 10 12 1 1 8 1 10 7 12 1 1 1 7 1 10 12 1 10 12 1 1 8 1 10 12 1 7 1 10 12 10 12 1 1 9 12 1 1 10 12 1 1 7 1 10 12 1 10 12 1 10 12 1 1 100 1 8 1 10 12 1 10 12 1 10 12 1 1 10 12 1 100 1 3 10 10 100 12 1 1 1 10 12 1 10 12 1 1 8 1 10 12 1 10 12 1 1 8 1 10 100 12 1 1 10 12 1 1 10 12 1 10 12 1 1 100 1 10 12 1 10 12 1 1 100 1 9 100 12 1 1 1 10 12 1 10 12 1 1 10 12 1 1 10 12 1 1 100 1 9 12 1 1 7 1 100 1 10 12 1 100 1 11 7 12 1 1 1 11 12 1 1 11 100 12 1 1 1 11 7 12 1 1 1 11 12 1 1 11 12 1 11 12 1 10 12 1 1 8 1 10 12 1 10 100 12 1 1 10 12 1 100 1 10 10 12 1 10 12 1 100 1 10 10 12 1 1 10 100 12 1 1 9 100 12 1 1 10 12 1 1 10 100 12 1 1 1 100 1 100 1 100 1 10 8 1 8 1 10 12 1 10 12 1 10 12 1 1 10 10 12 1 1 10 12 1 1 7 1 10 10 12 1 11 7 12 1 1 10 7 12 1 1 1 8 1 10 100 12 1 1 11 11 7 1 8 1 10 100 1 11 10 12 1 10 10 12 1 10 12 1 1 10 12 1 1 10 12 1 1 10 12 1 10 12 1 10 10 12 1 10 12 1 10 12 1 10 10 12 1 1 10 12 1 1 10 10 12 1 10 12 1 10 12 1 10 12 1 10 12 1 1 10 12 1 1 10 12 1 10 12 1 10 12 1 1 10 12 10 12 1 1 10 12 1 1 10 12 1 10 12 1 1 10 12 1 1 10 12 10 11 12 1 4 11 10 12 1 1 10 100 12 1 1 11 12 1 10 12 1 1 10 100 12 1 1 10 12 1 100 1 8 1 10 12 1 10 10 100 12 1 1 1 100 1 6 0 10 12 1 1 11 100 12 1 1 1 10 12 1 10 12 1 1 1 1 1 5 0 1 1 1 1 1 1 1 1 1 1 1 1 1 1 1 1 1 1 1 1 1 1 1 1 1 1 1 1 1 1 1 1 1 1 1 1 1 1 1 100 1 1 1 1 1 1 1 1 1 1 1 1 1 1 1 1 1 1 1 1 100 1 1 1 1 1 1 1 1 1 1 1 1 100 1 100 1 1 1 1 1 100 1 1 1 1 1 1 1 1 1 1 1 1 1 1 1 1 1 1 1 1 1 1 1 1 1 1 1 1 1 1 1 1 1 1 1 1 1 1 1 1 1 1 1 1 1 1 1 1 1 1 1 1 1 1 1 1 1 1 1 1 1 1 1 1 1 1 1 1 1 1 1 1 1 1 1 1 1 100 1 1 1 1 1 1 1 1 1 1 1 100 1 1
staticfield java/util/Properties UNSAFE Ljdk/internal/misc/Unsafe; jdk/internal/misc/Unsafe
instanceKlass java/util/Hashtable
ciInstanceKlass java/util/Dictionary 1 1 36 10 7 12 1 1 1 100 1 1 1 1 1 1 1 1 1 1 1 1 1 1 1 1 1 1 1 1 1 1 1 1 1 1 1 1
instanceKlass java/util/Properties
ciInstanceKlass java/util/Hashtable 1 1 516 100 1 10 7 12 1 1 1 9 7 12 1 1 1 100 1 100 1 10 8 1 10 12 1 1 10 12 1 10 12 1 1 10 12 1 10 7 12 1 1 1 8 1 10 12 1 9 12 1 1 7 1 9 12 1 1 4 10 7 12 1 1 1 9 12 1 4 10 12 1 11 100 12 1 1 1 10 12 1 1 10 12 1 1 9 12 1 10 12 1 1 100 1 10 9 12 1 1 10 7 12 1 1 1 9 12 1 1 10 12 1 10 12 1 3 9 12 1 9 12 1 3 10 12 1 10 12 1 10 12 1 1 11 12 1 1 11 100 12 1 1 1 11 100 12 1 1 1 11 12 1 100 1 11 12 1 11 12 1 10 12 1 1 10 12 1 1 10 12 1 9 12 1 1 9 12 9 12 1 1 10 100 1 100 1 10 12 1 10 8 1 10 10 12 1 8 1 10 8 1 10 100 12 1 1 1 7 1 10 12 1 10 12 1 100 1 10 12 1 10 12 1 1 100 1 10 100 1 10 10 12 1 1 11 12 1 1 11 12 1 100 1 10 10 10 100 12 1 1 11 100 12 1 1 1 100 1 10 11 100 12 1 1 11 100 12 1 10 12 1 10 12 1 1 10 100 12 1 1 10 12 1 1 10 12 1 1 10 12 1 1 10 100 12 1 1 1 8 10 100 12 1 1 100 1 8 1 10 4 4 10 12 1 1 10 12 1 8 1 4 10 12 10 100 12 1 1 1 100 1 11 100 12 1 1 1 10 100 12 1 1 1 10 12 1 10 12 1 1 10 100 1 100 1 1 1 1 1 1 5 0 1 1 1 1 1 3 1 3 1 3 1 1 1 1 1 1 1 1 1 1 1 1 1 1 1 1 1 1 1 1 1 1 1 1 1 100 1 1 1 1 1 1 1 1 1 1 1 1 1 1 1 1 1 1 1 1 1 1 1 1 1 1 1 1 1 100 1 1 1 1 1 1 1 1 1 1 1 1 1 1 100 1 1 1 1 1 1 1 1 1 1 1 1 1 1 1 1 1 1 1 1 1 1 1 1 1 1 1 1 1 1 1 1 1 1 1 1 1 1 1 1 1 1 1 1 100 1 1 1 100 1 1 1 1 1 100 1 1 1 1 1 1 1 1 1 1 1 1 1 1 1 1 1 1
ciInstanceKlass java/util/Map 1 1 263 11 7 12 1 1 1 11 12 1 1 10 7 12 1 1 11 12 1 1 11 7 12 1 1 1 11 100 12 1 1 1 11 12 1 1 7 1 11 12 1 11 12 1 100 1 100 1 10 12 1 1 11 100 12 1 1 1 11 100 12 1 1 1 11 12 1 11 12 1 10 12 1 1 11 12 1 11 7 12 1 9 7 12 1 1 1 7 1 10 12 7 1 7 1 10 12 1 7 1 10 7 1 11 12 1 11 12 1 1 11 12 1 1 7 1 11 12 1 1 1 1 1 1 1 1 1 1 1 1 1 1 1 1 1 1 1 1 1 1 1 1 1 1 1 1 1 1 1 1 1 1 1 1 1 1 1 1 1 1 1 1 1 1 1 1 1 1 1 1 1 1 1 1 1 1 1 1 1 1 1 1 1 1 1 1 1 1 1 1 1 1 1 1 1 1 1 1 1 1 1 1 1 1 1 1 1 1 1 1 1 1 1 1 1 1 1 1 1 1 1 1 1 1 1 1 1 1 1 1 1 1 1 1 1 1 1 1 1 1 1 1 1 1 100 1 1 1 1 1 1 1 1 1 1 1 1 1 1 1 1 1 1
ciInstanceKlass java/lang/String 1 1 1471 10 7 12 1 1 1 8 1 9 7 12 1 1 1 9 12 1 1 9 12 1 1 9 12 1 1 10 12 1 10 12 1 1 10 12 1 1 9 12 1 10 7 12 1 1 1 10 12 1 1 10 12 1 10 7 12 1 1 1 10 12 1 1 10 12 1 1 10 12 1 10 12 1 1 10 12 1 10 7 12 1 1 1 7 1 9 7 12 1 1 1 10 7 12 1 1 1 10 12 1 1 10 12 1 1 10 7 12 1 1 1 10 12 1 1 9 7 12 1 1 10 12 9 7 12 1 1 10 12 1 1 3 10 12 1 1 7 1 11 12 1 1 11 12 1 11 12 1 1 10 7 12 1 1 1 10 12 1 1 9 7 12 1 1 1 10 12 1 1 10 12 1 11 12 1 1 10 12 1 10 12 10 12 1 1 100 1 100 1 10 12 1 10 12 1 10 7 12 1 1 1 10 12 1 1 100 1 10 12 1 1 100 1 10 12 1 1 10 12 1 1 10 12 1 10 10 12 1 100 1 100 1 100 1 10 12 1 10 12 1 1 10 12 1 1 10 12 1 10 12 1 1 10 12 1 1 10 100 12 1 1 100 1 11 10 7 12 1 1 11 12 1 11 12 1 10 12 1 10 12 1 10 12 10 12 1 1 10 10 7 12 1 1 1 10 7 12 1 1 10 12 1 1 10 7 12 1 1 10 12 1 10 12 1 1 10 12 1 1 10 12 1 10 12 1 10 12 1 1 100 1 10 12 1 1 10 12 10 12 1 10 12 1 1 10 12 1 1 10 100 12 1 1 1 10 12 1 10 12 1 1 10 12 1 10 12 1 3 3 10 12 1 1 10 12 1 10 12 1 1 10 12 1 1 10 12 1 1 10 12 1 10 12 1 1 10 12 1 1 10 12 1 10 12 1 10 12 1 10 12 1 1 10 12 1 10 12 1 10 12 1 10 12 1 10 12 1 10 12 1 10 100 1 10 8 1 10 12 1 1 10 12 1 8 1 10 12 1 1 10 12 10 12 1 8 1 10 10 12 1 1 10 12 1 1 100 1 5 0 100 1 8 1 10 10 12 1 1 5 0 5 0 5 0 10 12 1 1 10 100 1 10 10 12 1 10 12 1 10 12 1 10 10 12 1 10 12 1 10 12 1 10 12 1 10 12 1 10 12 1 10 12 1 1 10 12 1 1 10 12 1 1 10 10 12 1 1 10 10 12 1 100 1 10 9 100 12 1 1 1 11 100 12 1 1 1 10 12 1 1 10 12 1 1 10 7 1 10 12 1 10 12 1 10 7 12 1 1 1 10 12 1 10 12 1 1 10 12 1 11 7 1 11 12 10 12 1 10 12 1 1 10 12 1 1 10 10 12 1 10 12 1 9 12 1 1 11 7 12 1 1 1 10 12 10 10 12 1 10 12 1 1 10 10 12 1 10 12 1 10 12 1 1 10 12 1 1 10 10 12 1 1 10 10 7 12 1 1 1 10 12 1 10 12 1 10 12 10 10 12 10 10 12 1 10 12 1 10 10 12 10 12 1 1 10 12 10 10 12 10 12 1 10 12 10 12 10 10 12 1 10 12 1 1 10 12 1 1 10 10 12 1 10 7 12 1 1 1 10 12 1 1 10 10 7 12 1 1 1 11 10 12 1 10 12 1 1 10 12 1 1 10 7 12 1 1 1 10 12 1 10 12 1 10 12 1 10 12 1 10 12 1 10 12 1 100 1 10 10 12 1 10 12 1 1 8 1 10 12 1 3 3 10 12 1 10 12 1 1 10 12 7 1 10 10 12 1 1 10 12 10 12 1 10 12 1 10 12 1 1 10 12 1 1 11 7 12 1 1 1 7 1 10 12 1 10 12 1 1 8 1 10 12 1 1 10 12 1 11 100 12 1 1 1 11 100 12 1 1 11 12 1 10 12 1 10 12 1 1 10 10 7 12 1 1 1 10 12 1 10 12 1 10 10 12 10 12 1 1 10 10 12 1 10 10 12 1 10 10 12 1 10 10 12 1 10 12 1 1 10 10 12 1 8 1 10 12 1 1 18 12 1 1 11 100 12 1 1 1 3 18 12 1 18 12 1 8 1 10 100 12 1 1 1 11 12 1 1 10 12 10 10 12 1 10 11 12 1 1 10 12 1 1 11 12 1 18 3 11 10 11 11 10 12 1 10 12 1 1 8 1 10 12 1 10 12 1 10 12 1 1 10 10 12 1 11 100 12 1 7 1 100 1 10 12 100 1 10 10 7 12 1 1 1 100 1 10 7 1 10 10 12 1 10 10 12 1 8 1 10 10 12 1 8 1 8 1 10 12 1 10 12 1 10 10 12 10 100 12 1 1 10 100 12 1 1 10 100 12 1 1 8 1 10 12 1 10 12 1 10 9 12 1 10 12 9 7 12 1 1 1 10 12 1 10 12 1 10 12 1 10 12 10 12 1 10 12 1 8 1 10 100 12 1 1 1 10 12 10 12 1 1 10 12 10 12 10 12 7 1 9 12 1 1 7 1 10 100 1 100 1 100 1 100 1 1 1 1 1 1 5 0 1 1 1 1 1 3 1 3 1 1 1 1 1 1 1 1 1 1 1 1 1 1 1 100 1 1 1 1 1 1 1 1 1 1 1 1 1 1 1 1 1 1 1 1 1 1 1 1 1 1 1 1 1 1 1 100 1 1 1 1 1 1 1 1 1 1 1 1 100 1 1 1 1 1 1 1 1 1 1 1 1 1 1 1 1 1 1 1 1 1 1 1 1 1 1 1 1 1 1 1 1 1 1 1 1 1 1 1 1 1 1 1 1 1 1 1 1 1 1 1 1 1 1 1 1 1 1 1 1 1 1 1 1 1 1 1 1 1 1 1 1 1 1 1 1 1 1 1 1 1 1 1 1 1 1 1 1 1 1 1 1 1 1 1 1 1 1 1 1 1 1 1 1 1 1 1 1 1 1 1 1 1 1 1 1 1 1 1 1 1 1 1 1 1 1 1 1 1 1 1 1 1 1 1 1 1 1 1 1 1 1 1 1 1 1 1 1 1 1 1 1 1 1 1 1 1 1 1 1 1 1 1 1 1 1 1 1 1 1 1 1 1 1 1 1 1 1 1 100 1 1 1 1 1 1 1 1 1 1 1 1 1 1 1 1 1 1 1 1 1 1 1 100 1 1 1 1 1 1 1 1 1 1 1 1 1 1 1 100 1 1 1 1 1 1 1 1 1 1 1 1 1 1 1 16 15 10 12 16 15 10 12 15 10 12 15 10 12 15 10 100 12 1 1 1 1 100 1 1 1 1 1 100 1 100 1 1 1
staticfield java/lang/String COMPACT_STRINGS Z 1
staticfield java/lang/String serialPersistentFields [Ljava/io/ObjectStreamField; 0 [Ljava/io/ObjectStreamField;
staticfield java/lang/String CASE_INSENSITIVE_ORDER Ljava/util/Comparator; java/lang/String$CaseInsensitiveComparator
ciMethod java/lang/String equals (Ljava/lang/Object;)Z 4312 0 35730 0 448
ciMethod java/lang/String hashCode ()I 768 0 19084 0 760
ciInstanceKlass java/lang/Comparable 1 0 12 100 1 100 1 1 1 1 1 1 1 1
ciInstanceKlass java/lang/CharSequence 1 1 145 11 7 12 1 1 1 18 12 1 1 100 1 10 100 12 1 1 1 18 10 100 12 1 1 1 11 12 1 1 11 100 1 11 12 1 1 10 100 12 1 1 1 11 12 1 1 10 12 1 1 10 12 1 100 1 10 12 1 1 10 100 12 1 1 1 100 1 10 10 12 1 1 100 1 1 1 1 1 1 1 1 1 1 1 1 1 1 1 1 1 1 1 1 1 1 1 1 1 1 1 1 1 1 1 1 1 1 1 1 1 1 1 1 16 1 15 11 12 16 15 11 12 15 10 100 12 1 1 1 1 1 100 1 100 1 1 100 1 1 100 1 100 1 1
ciMethod java/lang/String isEmpty ()Z 1024 0 49381 0 112
ciInstanceKlass java/lang/constant/Constable 1 0 11 100 1 100 1 1 1 1 1 1 1
ciInstanceKlass java/lang/constant/ConstantDesc 1 0 37 100 1 100 1 1 1 1 100 1 1 1 1 100 1 100 1 100 1 100 1 100 1 100 1 100 1 100 1 100 1 1 100 1 100 1 1
ciInstanceKlass java/lang/AutoCloseable 1 0 12 100 1 100 1 1 1 1 100 1 1 1
ciInstanceKlass java/io/Closeable 1 0 14 100 1 100 1 100 1 1 1 1 100 1 1 1
ciInstanceKlass java/lang/Appendable 1 0 14 100 1 100 1 1 1 1 100 1 1 1 1 1
ciInstanceKlass java/util/Set 1 1 144 100 1 10 7 12 1 1 1 9 7 12 1 1 1 7 1 10 12 1 1 10 12 1 7 1 7 1 10 12 1 7 1 7 1 11 7 12 1 1 1 11 12 1 1 7 1 10 12 1 10 12 1 1 11 12 1 1 1 1 1 1 1 1 1 1 1 1 1 1 1 1 1 1 1 1 1 1 1 1 1 1 1 1 1 1 1 1 1 1 1 1 1 1 1 1 1 1 1 1 1 1 1 1 1 1 1 1 1 1 1 1 1 1 1 1 1 1 1 1 1 1 1 1 1 1 1 1 1 1 1 1 1 1 1 1 1 1 1 1 1 1 1 1
ciInstanceKlass java/util/Iterator 1 1 53 100 1 8 1 10 12 1 1 10 7 12 1 1 1 11 7 12 1 1 1 11 12 1 1 11 7 12 1 1 1 100 1 1 1 1 1 1 1 1 1 1 1 1 1 1 1 1 1 1 1 1 1
ciInstanceKlass java/util/Map$Entry 1 0 178 18 12 1 1 100 1 100 1 18 10 100 12 1 1 1 18 12 1 18 100 1 11 100 12 1 1 1 11 12 1 11 100 12 1 1 1 10 100 12 1 1 1 10 100 12 1 1 1 8 1 10 12 1 1 8 1 8 1 8 1 10 12 1 10 12 1 8 10 100 1 10 12 1 8 10 12 1 8 1 10 12 1 8 10 12 1 8 1 10 12 1 1 8 1 100 1 8 1 10 12 1 1 11 12 100 1 11 12 1 1 1 1 1 1 1 1 1 1 1 1 1 1 1 1 1 1 1 1 1 1 1 1 1 1 1 1 1 1 1 1 1 1 1 1 1 1 1 16 15 11 12 16 3 3 15 11 12 15 11 12 15 11 12 15 10 100 12 1 1 1 1 1 100 1 100 1 1
instanceKlass sun/security/ssl/SSLSocketImpl$AppInputStream
instanceKlass org/postgresql/core/VisibleBufferedInputStream
instanceKlass org/postgresql/gss/GSSInputStream
instanceKlass com/sun/javafx/iio/png/PNGIDATChunkInputStream
instanceKlass java/io/SequenceInputStream
instanceKlass sun/nio/ch/NioSocketImpl$1
instanceKlass java/net/Socket$SocketInputStream
instanceKlass sun/nio/ch/ChannelInputStream
instanceKlass java/util/zip/ZipFile$ZipFileInputStream
instanceKlass java/io/FilterInputStream
instanceKlass java/io/FileInputStream
instanceKlass java/io/ByteArrayInputStream
ciInstanceKlass java/io/InputStream 1 1 197 100 1 10 7 12 1 1 1 100 1 10 10 7 12 1 1 1 10 7 12 1 1 1 10 12 1 100 1 100 1 3 10 12 1 1 100 1 8 1 10 12 1 10 7 12 1 1 1 3 100 1 8 1 10 10 7 12 1 1 1 7 1 10 11 7 12 1 1 1 10 12 1 1 11 12 1 1 11 7 12 1 1 1 11 12 1 1 7 1 10 7 12 1 1 1 5 0 10 12 1 10 12 1 1 100 1 10 8 1 10 8 1 8 1 10 12 1 1 10 100 12 1 1 1 100 1 5 0 10 12 1 100 1 100 1 1 1 1 3 1 3 1 1 1 1 1 1 1 1 1 1 1 1 1 1 1 1 1 1 1 1 1 1 1 1 1 1 1 1 1 1 1 1 1 1 1 1 1 1 1 1 1 1 1 1 1 1 1 1 1 1 1 1 1 1 1
instanceKlass java/security/SecureClassLoader
ciInstanceKlass java/lang/ClassLoader 1 1 1076 9 7 12 1 1 1 10 7 12 1 1 1 9 12 1 1 10 7 12 1 1 1 7 1 10 12 1 1 10 12 1 1 9 12 1 1 10 12 1 1 100 1 10 12 1 10 12 1 1 10 7 12 1 1 1 100 1 8 1 10 12 1 10 7 1 10 7 1 7 1 7 1 10 12 1 10 12 1 9 12 1 1 10 10 7 12 1 1 1 9 12 1 1 9 12 1 9 12 1 1 9 12 1 9 12 1 1 9 12 1 1 7 1 10 12 1 9 12 1 1 10 12 1 1 10 7 12 1 1 1 9 12 1 9 12 1 1 9 12 1 10 12 1 1 9 12 10 12 1 1 7 1 10 8 1 10 12 1 1 10 12 1 10 7 1 7 1 10 7 12 1 1 1 10 7 12 1 1 1 8 1 10 12 1 10 12 1 10 12 1 1 10 12 1 1 10 12 1 1 10 12 1 1 10 12 1 1 10 12 1 100 1 10 12 1 10 100 12 1 1 1 10 12 1 1 10 12 1 10 12 1 10 12 1 10 12 1 10 12 1 1 10 10 12 1 10 12 1 10 10 12 1 1 10 12 1 1 100 1 8 1 10 8 1 10 12 1 10 12 1 100 1 8 1 10 12 1 1 10 12 1 1 10 10 12 1 1 10 12 1 1 10 12 1 1 10 7 1 10 12 1 10 12 1 1 10 12 1 1 10 12 1 1 10 12 1 1 10 12 1 1 10 12 1 1 10 12 1 1 10 7 12 1 1 1 10 12 1 10 12 1 10 12 1 1 10 12 1 10 12 1 10 12 1 10 12 1 1 10 12 1 10 12 1 1 8 1 9 12 1 10 12 1 1 8 1 8 1 10 7 12 1 1 100 1 10 10 12 10 12 1 10 12 1 10 12 1 10 12 1 1 10 7 12 1 1 10 12 1 10 7 1 7 1 10 12 1 1 10 12 1 10 7 1 10 12 1 100 1 18 12 1 10 100 12 1 1 1 10 100 12 1 1 1 10 7 12 1 1 10 12 1 10 12 1 100 1 10 12 1 8 1 10 10 12 1 1 10 12 1 10 12 1 1 100 1 10 12 1 1 10 100 12 1 1 10 12 1 10 7 12 1 1 10 12 1 8 1 100 1 10 10 12 1 9 12 1 10 7 12 1 1 10 12 1 100 1 8 1 10 12 1 10 8 1 8 1 10 12 1 1 10 12 1 1 10 12 1 1 10 100 12 1 1 100 1 100 1 10 12 1 1 100 1 100 1 10 100 12 1 1 10 12 1 10 12 1 10 12 1 10 12 1 10 12 1 1 10 12 1 8 1 7 1 18 12 1 1 10 12 1 1 10 12 1 10 12 1 10 12 1 8 1 10 12 1 10 12 1 18 12 1 11 100 12 1 1 1 100 1 10 12 1 1 10 12 1 10 11 12 1 1 10 18 10 12 1 1 11 100 12 1 18 12 1 11 12 1 1 10 12 1 10 12 1 1 10 12 1 1 7 1 8 1 10 10 12 1 8 1 8 1 10 100 12 1 1 10 12 1 100 1 10 10 12 1 8 1 8 1 8 1 10 12 1 10 12 1 10 12 1 1 10 12 1 1 10 12 1 10 100 12 1 1 1 11 100 12 1 1 100 1 10 11 10 12 1 10 12 1 10 12 1 1 9 100 12 1 1 9 12 1 1 9 12 9 12 1 9 12 1 9 12 1 8 10 12 1 1 10 7 12 1 1 1 10 12 1 1 10 12 1 1 10 12 1 1 8 1 10 12 1 1 8 10 12 1 1 8 8 10 12 1 10 12 1 10 12 1 11 12 1 1 10 100 12 1 1 1 100 1 10 12 1 10 12 1 10 12 1 1 1 1 1 1 1 1 1 1 1 1 1 1 1 1 1 1 1 1 1 1 1 1 1 1 100 1 1 1 1 1 1 1 1 1 1 1 1 1 1 1 1 1 1 1 1 1 1 1 1 1 100 1 1 1 1 1 1 1 1 1 1 1 1 1 1 1 1 1 1 1 1 1 1 1 1 1 1 1 1 1 1 1 1 1 1 1 1 1 1 1 1 1 1 1 100 1 1 1 1 1 1 1 1 1 1 1 1 1 1 1 1 1 1 1 1 1 100 1 1 1 1 1 1 1 1 1 1 1 1 1 1 1 1 1 1 1 1 1 1 1 1 1 1 1 1 1 1 1 1 1 1 1 1 1 1 1 1 1 1 1 1 100 1 1 1 1 1 1 1 1 1 1 1 1 1 1 1 1 1 1 1 1 1 1 1 1 1 1 1 1 1 1 1 1 1 1 1 1 1 1 1 1 1 1 1 1 1 1 1 1 1 1 1 16 1 15 10 12 16 1 16 15 10 12 16 1 16 1 15 10 12 16 15 10 12 16 15 10 12 16 15 10 7 12 1 1 1 1 1 100 1 100 1 1
staticfield java/lang/ClassLoader nocerts [Ljava/security/cert/Certificate; 0 [Ljava/security/cert/Certificate;
staticfield java/lang/ClassLoader $assertionsDisabled Z 1
instanceKlass com/sun/scenario/effect/ImageData$1
instanceKlass com/sun/scenario/effect/impl/ImagePool$1
instanceKlass com/sun/prism/impl/PrismTrace$1
instanceKlass java/util/logging/LogManager$Cleaner
instanceKlass com/sun/glass/ui/InvokeLaterDispatcher
instanceKlass java/util/concurrent/ForkJoinWorkerThread
instanceKlass java/util/concurrent/DelayScheduler
instanceKlass com/sun/javafx/tk/quantum/PerformanceTrackerHelper$1$1
instanceKlass com/sun/javafx/tk/quantum/QuantumToolkit$1
instanceKlass com/intellij/rt/execution/application/AppMainV2$1
instanceKlass jdk/internal/misc/InnocuousThread
instanceKlass java/lang/ref/Finalizer$FinalizerThread
instanceKlass java/lang/ref/Reference$ReferenceHandler
instanceKlass java/lang/BaseVirtualThread
ciInstanceKlass java/lang/Thread 1 1 761 9 7 12 1 1 1 9 7 12 1 1 1 9 12 1 9 12 1 10 12 1 1 9 12 1 1 10 7 12 1 1 10 12 1 10 100 12 1 1 100 1 8 1 10 12 1 1 9 12 1 1 9 12 1 9 12 1 1 100 1 10 12 1 1 10 12 1 100 1 10 12 10 12 1 1 9 12 1 1 10 12 1 100 1 10 12 1 10 12 1 1 10 12 1 1 10 12 1 10 12 1 1 100 1 8 1 10 9 100 12 1 1 1 10 12 1 1 10 3 8 1 100 1 5 0 10 7 12 1 1 1 9 12 1 10 12 1 1 10 7 1 100 1 8 1 10 10 12 1 10 12 1 1 10 12 1 1 10 7 12 1 1 10 12 1 10 12 1 10 7 12 1 1 5 0 9 12 1 10 7 12 1 1 1 10 12 1 1 9 12 1 1 10 100 12 1 1 10 100 12 1 1 1 10 12 1 10 12 1 1 9 12 1 1 10 7 12 1 1 9 12 1 8 1 9 100 12 1 1 1 5 0 100 1 10 100 1 10 100 1 10 7 1 10 8 1 10 12 1 1 10 7 12 1 10 12 1 10 12 1 100 1 8 1 10 10 12 1 10 12 1 1 10 100 12 1 1 1 10 100 12 1 1 1 10 12 1 7 1 9 12 1 1 100 1 10 10 12 1 9 12 1 1 10 12 1 1 10 12 1 1 10 12 1 10 12 1 9 12 1 1 10 10 12 1 1 10 12 1 1 11 7 12 1 1 10 100 12 1 1 9 12 1 1 9 12 1 1 10 100 12 1 1 10 12 1 1 10 12 1 10 100 12 1 1 10 12 1 100 1 10 9 12 1 1 10 12 1 11 100 12 1 1 11 12 1 10 12 1 10 12 1 10 12 1 9 12 1 10 10 12 1 10 12 1 1 9 12 1 9 12 10 12 1 8 1 10 12 1 10 12 1 10 12 1 10 12 1 10 12 1 1 10 12 1 10 12 1 1 10 100 12 1 1 10 12 1 10 12 1 10 12 1 10 12 1 1 9 7 12 1 1 1 8 1 10 9 12 1 10 12 1 7 1 8 1 10 10 12 1 8 1 10 12 1 1 9 12 8 1 10 10 12 1 10 12 1 8 1 10 12 1 10 8 1 9 12 1 1 10 12 1 1 10 10 12 1 10 12 1 100 10 7 12 1 1 1 10 12 1 1 10 12 1 1 10 100 12 1 1 1 11 100 12 1 1 1 10 12 1 1 9 12 1 10 12 1 10 12 1 1 11 100 12 1 1 1 10 12 1 1 1 1 3 1 3 1 3 1 3 1 1 1 1 1 1 1 1 1 1 1 1 1 1 1 1 1 1 1 1 1 1 1 1 1 1 1 100 1 1 1 1 1 1 1 1 1 1 1 1 1 1 1 1 1 1 100 1 1 1 1 1 1 1 1 1 1 1 1 1 1 1 100 1 1 1 1 1 1 1 1 1 1 1 1 1 1 1 1 1 1 1 1 1 1 1 1 1 1 1 1 1 1 1 1 1 1 1 1 1 1 1 1 1 1 1 1 1 1 1 1 1 1 1 1 1 1 1 1 1 1 1 1 1 1 1 1 1 1 1 1 1 1 100 100 1 1 1 1 1 1 1 1 1 1 1 1 1 1 1 1 1 1 1 1 1 1 1 100 1 100 1 100 1 1 1 1 100 1 1 1 1 1 1 1 1 1 1 1 1
staticfield java/lang/Thread NEW_THREAD_BINDINGS Ljava/lang/Object; java/lang/Class
staticfield java/lang/Thread EMPTY_STACK_TRACE [Ljava/lang/StackTraceElement; 0 [Ljava/lang/StackTraceElement;
ciInstanceKlass java/lang/Runnable 1 1 11 100 1 100 1 1 1 1 1 1 1
ciMethod java/lang/System arraycopy (Ljava/lang/Object;ILjava/lang/Object;II)V 256 0 128 0 -1
ciInstanceKlass java/lang/Class 1 1 1652 10 7 12 1 1 1 10 7 12 1 1 9 12 1 1 9 12 1 1 9 12 1 1 9 12 1 1 9 12 1 1 10 12 1 1 8 1 10 12 1 8 1 8 1 10 12 1 1 10 7 12 1 1 1 10 12 1 7 1 10 10 12 1 10 12 1 1 10 12 1 1 10 12 1 1 10 7 12 1 1 10 12 1 10 12 1 10 12 1 1 10 12 1 8 1 10 12 1 8 1 10 12 1 8 1 8 1 10 12 1 1 10 7 12 1 1 1 18 12 1 1 11 7 12 1 1 1 8 1 8 1 8 1 10 7 12 1 1 1 11 12 1 1 8 1 10 12 1 10 10 12 1 1 10 12 1 8 1 10 12 1 1 8 1 10 12 1 10 12 1 1 11 100 12 1 1 1 11 100 12 1 1 1 11 8 1 18 8 1 10 12 1 10 7 12 1 1 10 12 1 1 10 7 12 1 1 1 10 12 1 1 10 12 1 1 10 7 12 1 1 1 10 7 12 1 10 12 1 1 10 7 1 10 12 1 8 1 10 8 1 8 1 8 1 8 1 8 1 8 1 8 1 8 1 9 100 12 1 1 9 100 1 9 100 1 9 100 1 9 100 1 9 100 1 9 100 1 9 100 1 9 100 1 9 12 1 1 7 1 8 1 10 12 1 10 12 1 1 100 1 10 12 1 1 10 7 12 1 1 1 10 7 12 1 1 1 7 1 7 1 10 10 12 1 1 10 12 1 1 100 1 10 100 12 1 1 1 10 12 1 1 10 12 1 1 10 12 9 12 1 1 10 12 1 9 12 1 1 9 12 1 1 10 12 1 1 10 7 1 10 12 1 10 12 1 1 10 9 12 1 10 12 1 8 1 10 12 1 1 10 12 1 1 10 12 1 10 12 1 10 12 1 1 9 7 12 1 1 1 10 12 1 10 7 12 1 1 10 12 1 10 12 1 10 12 1 10 12 1 9 100 12 1 1 1 9 12 1 10 12 1 10 12 1 1 9 12 1 1 10 7 10 12 1 1 10 100 12 1 1 10 12 1 10 12 1 1 10 100 12 1 1 1 10 12 1 10 12 1 1 10 12 1 10 12 1 10 12 1 1 10 7 1 10 10 12 1 1 10 12 1 1 10 12 10 10 12 1 1 100 1 8 1 10 10 12 1 1 10 12 1 100 1 11 12 1 10 12 1 10 12 1 10 100 12 1 1 10 10 12 1 1 8 1 10 12 1 8 1 9 12 1 10 12 1 10 12 1 10 12 1 10 12 100 1 9 12 1 10 12 1 9 12 1 10 12 1 10 12 1 10 12 1 10 10 12 1 10 12 1 10 12 1 10 12 1 10 12 1 10 12 1 7 1 10 10 12 1 10 12 1 11 100 12 1 1 11 12 1 1 10 12 1 1 10 12 1 1 10 12 1 1 10 12 1 1 10 12 1 1 10 12 1 1 7 1 10 10 12 1 1 10 12 1 1 10 12 1 1 10 10 12 1 10 12 1 1 10 12 1 1 10 12 1 1 10 12 1 1 10 12 10 12 1 1 10 7 12 1 1 1 10 12 1 10 12 1 1 10 12 1 10 7 12 1 1 1 10 12 1 1 10 10 12 1 1 7 1 10 10 12 1 1 10 100 12 1 1 1 100 1 100 1 10 12 1 1 10 12 1 10 10 12 1 1 10 12 1 10 12 1 10 12 1 10 100 12 1 1 1 11 7 12 1 1 10 12 1 10 12 1 9 7 12 1 1 8 1 10 12 1 10 12 1 10 12 1 10 12 1 1 9 12 1 9 12 1 1 10 7 12 1 1 9 12 1 10 12 1 1 10 10 12 1 10 7 12 1 1 1 10 7 12 1 1 10 7 12 1 1 9 12 1 1 10 12 1 9 12 1 10 12 1 10 12 1 1 9 12 1 1 9 12 1 10 12 1 10 12 1 1 9 12 1 100 1 10 10 12 1 1 7 1 10 100 11 100 1 9 12 1 1 9 12 1 10 12 1 9 12 1 1 9 12 1 10 12 1 10 12 1 1 9 12 1 7 1 10 10 12 1 1 10 10 12 1 10 12 10 10 12 1 9 12 1 10 12 1 1 10 12 1 8 10 7 8 1 18 8 1 8 1 10 12 1 9 12 1 9 12 1 1 10 12 1 7 1 100 1 10 12 1 9 12 1 1 10 10 12 1 9 12 1 8 1 10 12 1 10 10 12 1 1 100 1 100 1 9 12 1 100 1 8 1 10 10 7 12 1 1 1 10 12 11 7 12 1 1 1 10 12 1 10 12 1 1 10 8 1 10 12 1 8 1 10 12 1 1 9 7 12 1 1 11 12 7 1 11 100 12 1 1 9 12 1 10 100 12 1 1 1 10 7 12 1 1 10 12 1 1 9 12 1 9 10 12 1 1 10 12 1 1 10 12 1 1 10 12 1 1 10 12 1 1 11 12 1 11 12 1 1 11 7 12 1 1 11 12 1 7 1 11 12 1 10 7 12 1 1 1 10 12 1 11 12 1 10 7 12 1 1 1 10 12 1 10 7 12 1 1 1 11 12 1 11 12 1 1 10 12 1 10 12 1 1 9 12 1 1 10 12 1 10 100 12 1 1 1 10 12 1 1 10 12 1 10 12 1 10 12 1 10 7 12 1 1 1 10 12 1 8 1 10 12 1 10 12 1 10 12 1 8 1 8 1 10 7 12 1 1 10 100 12 1 1 100 1 10 12 10 100 12 1 1 1 10 100 12 1 1 1 10 12 1 1 10 12 1 18 12 1 1 11 12 1 1 18 11 12 1 18 12 1 11 12 1 10 12 1 10 12 1 10 12 1 10 12 10 12 1 8 1 10 12 1 7 1 9 12 1 1 100 1 100 1 100 1 100 1 1 1 3 1 3 1 3 1 1 1 1 1 1 1 1 1 5 0 1 1 1 1 1 1 1 1 1 1 1 1 1 1 1 1 1 1 1 1 1 1 1 1 1 1 1 100 1 1 1 1 1 1 1 1 1 1 1 100 1 1 1 1 1 7 1 1 1 1 1 1 1 1 1 1 1 1 1 1 1 1 1 1 1 1 1 1 1 1 1 1 1 1 1 1 1 1 1 1 100 1 1 1 1 1 1 1 1 1 1 1 1 1 1 1 1 1 1 1 1 1 1 1 1 1 1 1 1 1 1 1 100 1 1 1 1 1 1 1 1 1 1 1 1 1 1 1 1 1 1 1 1 1 1 1 1 1 1 1 1 1 1 1 1 1 1 1 1 1 1 1 1 1 1 1 1 1 1 1 1 1 1 1 1 1 1 1 1 1 1 1 1 1 100 1 100 1 1 1 1 1 1 1 1 1 1 1 1 1 1 1 1 1 1 1 1 1 1 1 1 1 1 1 1 1 1 1 1 1 1 1 1 1 1 1 1 1 1 1 1 1 1 1 1 1 1 1 1 1 1 1 1 1 1 1 1 1 1 1 1 1 1 1 1 1 1 1 1 1 1 1 1 1 1 1 1 1 1 1 1 1 1 1 1 1 1 1 1 1 1 1 1 1 1 1 1 1 1 1 1 1 1 1 1 1 1 1 1 1 1 1 1 1 1 1 1 16 15 10 12 16 15 11 12 16 1 15 10 12 16 16 15 10 12 16 15 16 1 15 10 12 16 15 10 7 12 1 1 1 1 1 100 1 1 1 1 1 1 1 1 100 1 1 100 1 100 1 1 100 1 100 1 1
staticfield java/lang/Class EMPTY_CLASS_ARRAY [Ljava/lang/Class; 0 [Ljava/lang/Class;
staticfield java/lang/Class serialPersistentFields [Ljava/io/ObjectStreamField; 0 [Ljava/io/ObjectStreamField;
ciInstanceKlass java/lang/reflect/AnnotatedElement 1 1 165 11 7 12 1 1 1 11 12 1 1 100 1 10 100 12 1 1 1 10 12 1 1 10 12 1 1 10 12 1 10 100 12 1 1 1 11 12 1 1 11 100 12 1 1 10 100 12 1 1 1 10 12 1 10 100 12 1 1 1 18 12 1 1 11 100 12 1 1 18 12 1 18 12 1 1 10 100 12 1 1 1 11 100 12 1 1 1 100 1 10 100 12 1 1 1 1 1 1 1 1 1 1 1 1 1 1 1 1 1 1 1 1 1 1 1 1 1 1 100 1 1 1 1 1 1 1 1 1 1 1 16 15 16 1 16 1 15 11 12 16 16 1 15 10 100 12 1 1 1 16 1 15 10 100 12 1 1 1 1 100 1 100 1 1
ciInstanceKlass java/lang/reflect/Type 1 1 17 11 100 12 1 1 1 100 1 1 1 1 1 1 1 1 1
ciInstanceKlass java/lang/invoke/TypeDescriptor 1 0 17 100 1 100 1 1 1 1 1 1 100 1 100 1 1 1 1
ciInstanceKlass java/lang/invoke/TypeDescriptor$OfField 1 0 21 100 1 100 1 100 1 1 1 1 1 1 1 1 1 1 1 1 1 1 1
ciInstanceKlass java/lang/reflect/GenericDeclaration 1 0 30 100 1 100 1 100 1 1 1 1 1 1 1 1 100 1 8 1 1 12 10 1 1 1 8 1 1 1 8 1
ciInstanceKlass java/lang/Module 1 1 1076 10 7 12 1 1 1 9 7 12 1 1 1 10 7 12 1 1 1 9 12 1 9 12 1 1 9 12 1 1 10 12 1 1 10 12 1 10 12 1 1 10 7 12 1 1 1 7 1 10 7 12 1 1 1 10 12 1 1 11 7 12 1 1 1 10 12 1 1 10 12 1 8 1 10 7 12 1 1 1 10 7 12 1 1 1 10 7 12 1 1 1 10 12 1 1 10 12 1 9 12 1 1 10 7 12 1 1 1 9 7 12 1 1 1 7 1 10 8 1 10 12 1 1 10 12 1 10 12 8 1 10 7 12 1 1 1 10 7 12 1 1 1 10 7 12 1 1 1 8 1 10 12 1 8 1 9 12 1 100 1 8 1 10 12 1 10 8 1 8 1 8 1 10 7 12 1 1 1 8 1 10 7 12 1 1 1 8 1 10 12 1 9 12 1 1 11 12 1 9 7 12 1 1 10 7 12 1 1 1 10 7 12 1 1 1 10 12 1 1 8 1 10 12 1 1 10 12 1 10 12 1 1 9 7 12 1 1 1 10 12 1 1 10 12 1 1 9 12 1 10 12 1 10 12 1 9 12 1 1 11 7 12 1 1 10 12 1 1 9 12 1 9 12 1 10 12 1 10 12 1 100 1 8 1 10 10 12 1 1 10 12 1 8 1 10 12 1 1 8 1 8 1 10 12 1 1 10 12 1 10 12 1 1 10 12 1 18 12 1 1 10 12 1 1 11 12 1 9 12 1 11 12 7 1 10 12 1 18 12 1 11 12 1 1 11 12 1 1 11 12 1 10 12 1 1 10 12 1 1 9 12 1 10 12 10 7 12 1 1 10 7 1 18 12 1 1 11 100 12 1 1 1 18 12 1 11 12 1 1 10 100 12 1 1 1 11 12 1 1 10 7 12 1 1 11 12 1 1 10 12 1 1 7 1 11 12 1 7 1 7 1 10 12 1 10 7 12 1 1 1 10 7 12 1 1 1 10 11 7 12 1 8 1 10 12 1 10 12 1 1 10 7 12 1 1 10 12 1 10 12 1 7 1 10 12 1 10 11 12 1 10 12 11 12 1 1 11 7 12 1 1 11 12 1 1 10 12 1 1 9 12 1 1 100 1 10 10 12 1 1 11 7 1 10 12 1 1 11 12 1 10 11 10 12 1 11 10 12 1 1 10 12 1 1 10 12 1 1 10 7 12 1 1 10 12 1 10 12 1 1 10 10 12 1 1 10 12 1 18 12 1 11 12 1 18 12 1 10 12 1 10 12 1 10 12 7 1 10 12 1 10 12 1 10 12 1 9 12 1 7 1 10 10 10 10 12 1 10 12 1 10 12 1 10 12 1 1 10 12 1 1 10 12 1 9 12 1 10 12 1 100 1 8 1 10 12 1 1 10 12 1 10 100 12 1 1 100 1 10 12 1 1 100 1 8 1 100 1 9 100 12 1 1 1 11 100 12 1 1 10 12 1 1 11 12 1 1 18 12 1 1 11 12 1 1 100 1 10 12 1 10 12 1 1 100 1 100 1 10 12 8 1 10 12 1 1 10 12 1 1 10 7 12 1 1 10 12 1 1 10 12 1 10 12 10 12 1 1 7 1 10 10 12 1 1 10 100 12 1 1 1 100 1 10 100 12 1 1 1 10 100 12 1 1 8 1 18 12 1 1 100 1 100 1 9 12 1 1 9 12 1 9 12 1 11 100 12 1 1 1 100 1 11 12 1 1 100 1 10 12 1 8 1 10 12 1 10 12 10 12 1 8 1 10 10 100 12 1 1 10 12 1 1 7 1 10 10 12 1 10 7 12 1 1 9 12 1 9 12 1 9 12 1 9 12 1 9 12 1 10 12 10 12 1 100 1 1 1 1 1 1 1 1 1 1 1 1 1 1 1 1 1 1 1 1 1 1 1 1 1 1 1 1 1 1 1 1 1 1 1 1 1 1 1 1 1 1 1 1 1 1 1 1 1 1 1 1 1 1 1 1 1 1 1 1 1 1 1 1 1 1 1 1 1 1 1 1 1 1 1 1 1 1 1 1 1 1 1 1 1 1 1 1 1 1 1 1 1 1 1 1 1 1 1 1 1 1 1 1 1 1 1 1 100 100 1 1 1 1 1 1 1 1 1 1 1 1 1 1 1 1 1 1 1 1 1 1 1 1 1 1 100 1 7 1 1 1 1 1 1 1 1 1 1 1 1 1 1 1 1 1 1 100 1 1 1 1 1 1 1 1 1 1 1 1 1 1 1 1 1 1 1 1 1 1 1 1 1 1 1 16 15 10 12 16 15 10 12 16 1 16 15 10 12 16 16 15 10 16 1 15 10 12 16 1 15 10 12 16 1 16 1 15 10 12 16 15 10 7 12 1 1 1 15 10 100 12 1 1 1 1 1 1 1 1 1 1 1 1 1 100 1 100 1 1
staticfield java/lang/Module ALL_UNNAMED_MODULE Ljava/lang/Module; java/lang/Module
staticfield java/lang/Module ALL_UNNAMED_MODULE_SET Ljava/util/Set; java/util/ImmutableCollections$Set12
staticfield java/lang/Module EVERYONE_MODULE Ljava/lang/Module; java/lang/Module
staticfield java/lang/Module EVERYONE_SET Ljava/util/Set; java/util/ImmutableCollections$Set12
staticfield java/lang/Module $assertionsDisabled Z 1
ciInstanceKlass java/lang/StringLatin1 1 1 400 7 1 10 100 12 1 1 1 10 12 1 1 100 1 10 7 12 1 1 1 10 100 12 1 1 1 10 12 1 10 7 12 1 1 1 10 12 1 1 10 7 12 1 1 1 10 7 12 1 1 1 10 12 1 1 10 12 1 1 10 10 12 1 10 12 1 10 9 7 12 1 1 1 10 12 1 1 10 7 12 1 1 1 10 12 10 12 1 1 10 12 1 1 10 12 1 10 12 1 1 10 12 1 10 7 12 1 1 10 12 1 10 12 1 1 9 12 1 1 100 1 10 10 12 1 1 10 7 12 1 1 1 10 12 1 10 12 1 100 1 100 1 8 1 10 12 1 8 1 10 12 1 1 100 1 10 10 12 1 10 7 12 1 1 1 8 1 8 1 8 1 10 12 1 1 10 12 10 100 12 1 1 10 12 1 10 12 1 1 10 12 1 1 10 12 1 1 10 12 1 10 12 10 12 10 12 1 10 12 10 10 12 1 10 12 1 10 12 1 10 100 12 1 1 1 10 100 12 1 1 1 10 12 1 1 10 10 7 12 1 1 1 1 1 1 1 1 1 1 1 1 1 1 1 1 1 1 1 1 1 1 1 1 1 1 1 1 1 1 1 1 1 1 1 1 1 1 1 1 1 1 1 1 1 1 1 1 1 1 1 1 1 1 100 1 1 1 1 1 1 1 1 1 1 1 1 1 1 1 1 1 1 1 1 1 1 1 1 1 1 1 1 1 1 1 1 1 1 1 1 1 1 1 1 1 1 1 100 1 1 1 1 1 1 1 1 1 1 1 1 1 1 1 1 1 1 1 1 1 1 1 100 1 1 1 1 1 1 1 1 1 1 1 1 1 1 1 1 1 1 1 1 1 1 1 1 1 1 1 1 1 1 1 1 100 1 1 1 1
staticfield java/lang/StringLatin1 $assertionsDisabled Z 1
ciInstanceKlass jdk/internal/util/ArraysSupport 1 1 396 7 1 100 1 8 1 10 12 1 1 10 12 1 1 10 100 12 1 1 9 7 12 1 1 1 9 12 1 1 10 7 12 1 1 1 9 12 1 1 10 7 12 1 1 1 9 12 1 10 12 9 12 1 10 12 1 1 10 12 10 12 1 1 10 7 12 1 1 1 9 12 1 1 11 7 12 1 1 1 10 7 12 1 1 1 7 1 10 12 1 1 10 12 1 100 1 10 12 1 10 12 100 1 10 12 1 100 1 10 12 1 100 1 100 1 10 8 1 10 12 1 1 10 12 1 10 12 1 1 10 9 12 1 1 9 12 1 10 12 1 1 9 12 1 9 12 1 9 12 1 9 12 1 9 12 1 9 12 1 9 12 1 10 12 1 1 10 100 12 1 1 1 9 12 1 9 12 1 10 12 1 1 10 12 1 9 12 1 10 12 1 10 100 12 1 1 1 9 12 1 9 12 1 10 12 1 10 12 1 10 7 12 1 1 1 3 10 12 1 100 1 8 1 8 1 8 1 10 10 100 12 1 1 1 11 100 12 1 1 1 10 12 1 10 100 12 1 1 1 10 12 1 1 10 12 1 1 9 12 1 10 12 1 9 12 1 9 12 1 9 12 1 9 12 1 9 12 1 9 12 1 9 12 1 10 7 12 1 1 1 1 1 3 1 3 1 3 1 3 1 3 1 3 1 3 1 3 1 1 1 1 1 1 1 1 1 1 1 1 1 1 1 1 1 1 1 1 1 1 1 1 1 1 1 1 1 1 1 1 1 1 1 1 1 1 1 1 1 1 1 1 1 1 1 1 1 1 1 1 1 1 1 1 1 1 1 1 1 1 1 1 1 1 1 1 1 1 1 1 1 1 1 1 1 1 1 1 1 1 1 100 1 1 1 1
staticfield jdk/internal/util/ArraysSupport U Ljdk/internal/misc/Unsafe; jdk/internal/misc/Unsafe
staticfield jdk/internal/util/ArraysSupport BIG_ENDIAN Z 0
staticfield jdk/internal/util/ArraysSupport LOG2_ARRAY_BOOLEAN_INDEX_SCALE I 0
staticfield jdk/internal/util/ArraysSupport LOG2_ARRAY_BYTE_INDEX_SCALE I 0
staticfield jdk/internal/util/ArraysSupport LOG2_ARRAY_CHAR_INDEX_SCALE I 1
staticfield jdk/internal/util/ArraysSupport LOG2_ARRAY_SHORT_INDEX_SCALE I 1
staticfield jdk/internal/util/ArraysSupport LOG2_ARRAY_INT_INDEX_SCALE I 2
staticfield jdk/internal/util/ArraysSupport LOG2_ARRAY_LONG_INDEX_SCALE I 3
staticfield jdk/internal/util/ArraysSupport LOG2_ARRAY_FLOAT_INDEX_SCALE I 2
staticfield jdk/internal/util/ArraysSupport LOG2_ARRAY_DOUBLE_INDEX_SCALE I 3
staticfield jdk/internal/util/ArraysSupport LOG2_BYTE_BIT_SIZE I 3
staticfield jdk/internal/util/ArraysSupport JLA Ljdk/internal/access/JavaLangAccess; java/lang/System$1
ciMethod java/lang/StringLatin1 equals ([B[B)Z 770 674 6206 0 -1
ciMethod java/lang/StringLatin1 hashCode ([B)I 72 0 11925 0 632
ciInstanceKlass java/lang/StringUTF16 1 1 603 100 1 7 1 10 100 12 1 1 1 10 7 12 1 1 1 100 1 10 3 100 1 100 1 10 8 1 10 12 1 1 10 12 1 8 1 10 12 1 1 10 12 1 9 12 1 1 10 12 1 1 100 1 8 1 10 12 1 9 12 1 1 9 12 1 10 10 12 1 1 10 12 1 1 10 7 12 1 1 1 10 12 1 10 12 1 1 10 12 1 1 10 12 1 1 10 12 1 1 10 12 1 10 12 1 1 10 12 1 1 10 12 1 1 10 12 1 1 10 12 1 1 10 12 1 10 7 12 1 1 1 10 12 1 1 10 100 12 1 1 1 10 12 1 1 10 12 1 10 12 1 1 10 12 1 1 10 12 1 1 10 12 1 10 12 1 100 1 10 12 1 10 10 12 1 10 12 1 1 10 12 1 10 100 12 1 1 1 10 12 1 1 10 12 10 12 1 1 10 12 1 10 12 1 1 10 12 1 10 12 1 10 12 1 10 12 1 10 7 12 1 1 1 3 10 12 1 10 12 1 10 12 1 10 12 1 10 12 1 10 12 1 1 9 12 1 10 12 1 10 12 10 12 1 1 10 12 1 10 12 1 10 12 1 10 10 12 10 12 10 10 12 1 1 10 12 1 10 12 1 10 12 1 100 1 8 1 8 1 10 12 1 1 100 1 10 10 7 12 1 1 1 10 7 12 1 1 8 1 8 1 8 1 10 12 1 1 10 12 1 1 10 12 10 100 12 1 1 10 12 1 1 10 12 1 1 10 12 1 10 12 10 12 10 12 1 10 12 10 12 1 10 12 1 10 12 1 10 12 1 10 100 12 1 1 1 10 100 12 1 1 1 10 12 1 1 11 100 12 1 1 10 12 1 1 10 12 1 10 12 10 12 10 7 12 1 1 1 10 7 12 1 1 1 10 12 1 1 1 1 1 1 1 1 1 1 1 1 1 1 1 1 1 1 1 1 1 1 1 1 1 1 1 1 1 1 100 1 1 1 1 1 1 1 1 1 1 1 1 1 1 1 1 1 1 1 1 1 1 1 1 1 1 1 1 1 1 1 1 1 1 1 1 1 1 1 1 1 1 1 1 1 1 1 1 1 1 1 1 1 1 1 1 1 1 1 1 1 1 1 1 1 1 1 1 1 1 1 1 1 1 1 1 1 1 1 1 1 1 1 1 1 1 1 1 1 100 1 1 1 1 1 1 1 1 1 1 1 1 1 1 1 1 1 100 1 1 1 1 1 1 1 1 1 1 1 1 1 1 1 1 1 1 1 1 1 1 1 1 1 1 1 1 1 1 1 1 1 1 1 1 1 1 1 1 1 1 1 1 1 1 1 1 1 100 1 100 1 1 1 1 1
staticfield java/lang/StringUTF16 HI_BYTE_SHIFT I 0
staticfield java/lang/StringUTF16 LO_BYTE_SHIFT I 8
staticfield java/lang/StringUTF16 $assertionsDisabled Z 1
ciInstanceKlass jdk/internal/misc/Unsafe 1 1 1248 10 7 12 1 1 1 10 7 12 1 1 9 12 1 1 9 12 1 1 10 12 1 1 10 100 12 1 1 1 10 12 1 1 10 12 1 1 10 12 1 1 10 12 1 1 10 12 1 1 10 12 1 1 10 12 1 1 10 12 1 1 10 12 1 1 10 12 1 1 10 12 1 1 10 12 1 1 10 12 1 1 10 12 1 10 12 1 100 1 10 10 12 1 1 10 12 1 1 5 0 10 12 1 1 10 12 1 1 10 7 12 1 1 1 10 12 1 1 10 12 1 10 12 1 10 12 1 1 10 12 1 1 10 12 1 10 12 1 100 1 100 1 10 8 1 10 12 1 1 10 12 1 8 1 10 12 1 1 10 12 1 10 12 1 10 12 1 1 10 12 1 10 12 1 1 10 12 1 1 10 12 1 10 12 1 10 12 1 10 12 1 1 10 12 1 10 12 1 10 12 1 1 10 12 1 5 0 5 0 5 0 10 12 1 10 12 1 10 12 1 10 12 1 10 12 1 10 12 1 10 12 1 10 12 1 10 12 1 1 10 12 1 10 12 1 100 1 8 1 10 100 1 10 10 12 1 1 10 12 1 1 10 12 1 10 12 1 1 10 12 1 1 10 12 1 10 12 1 1 10 12 1 9 7 12 1 1 9 12 1 100 1 10 10 12 1 1 8 1 10 8 1 8 1 10 12 1 1 9 7 12 1 1 1 9 100 1 9 7 1 9 7 1 9 9 100 1 9 7 1 9 100 1 10 12 1 1 10 12 1 1 10 12 1 1 10 12 1 1 5 0 5 0 9 12 1 1 10 12 1 10 12 1 10 12 1 1 10 12 1 1 10 12 1 8 1 3 10 12 1 1 10 12 1 1 10 12 1 10 12 1 1 10 12 1 1 10 12 1 10 12 1 10 12 1 10 12 1 10 12 1 10 12 1 1 10 12 1 1 10 12 1 10 12 1 10 12 1 10 12 1 10 12 1 10 12 1 1 10 12 1 1 10 12 1 10 12 1 10 12 1 10 12 1 10 12 1 10 12 1 1 10 12 1 1 10 12 1 1 10 12 1 1 10 12 1 10 12 1 10 12 1 10 12 1 10 12 1 10 12 1 10 12 1 1 10 12 1 1 10 12 1 10 12 1 10 12 1 10 12 1 10 12 1 10 12 1 10 12 1 1 10 12 1 1 10 12 1 10 12 1 10 12 1 10 12 1 10 12 1 10 12 1 10 12 1 10 12 1 1 10 12 1 10 12 1 10 12 1 10 12 1 10 12 1 1 10 12 1 10 12 1 10 12 1 10 12 1 10 12 1 10 12 1 10 12 1 10 12 1 1 10 12 1 10 12 1 10 12 1 10 12 1 10 12 1 10 12 1 1 10 12 1 10 12 1 10 12 1 1 10 12 1 10 12 1 10 12 1 10 12 1 10 12 1 10 12 1 10 12 1 10 12 1 10 12 1 10 12 1 10 12 1 10 12 1 10 12 1 10 12 1 10 12 1 10 12 1 10 12 1 10 12 1 10 12 1 10 12 1 10 12 1 10 12 1 10 12 1 100 1 10 100 1 10 9 12 1 5 0 10 12 1 1 5 0 10 12 1 5 0 10 12 1 10 12 1 10 12 1 1 10 12 1 1 10 12 1 10 12 1 10 12 1 10 12 1 1 10 12 1 10 12 1 10 12 1 10 12 1 10 12 1 1 10 12 1 10 12 1 10 12 1 10 12 1 1 10 12 1 10 12 1 10 12 1 1 10 12 1 10 12 1 10 12 1 10 12 1 1 10 12 1 10 10 12 1 1 10 12 1 10 12 1 1 10 12 1 10 12 5 0 5 0 5 0 10 12 1 1 10 12 1 10 12 1 10 12 10 100 12 1 1 8 1 100 1 11 12 1 1 8 1 11 12 1 1 10 100 12 1 1 10 12 1 10 7 1 10 12 1 1 9 12 1 1 7 1 9 12 1 7 1 9 12 1 7 1 9 12 1 7 1 9 12 1 7 1 9 12 1 7 1 9 12 1 7 1 9 12 1 7 1 9 12 1 10 12 1 9 12 1 9 12 1 9 12 1 9 12 1 9 12 1 9 12 1 9 12 1 9 12 1 9 12 1 9 12 1 1 1 5 0 1 1 1 1 1 1 1 1 1 1 1 1 1 1 1 1 1 1 1 1 1 1 1 1 1 1 1 1 1 1 1 1 1 1 1 1 1 1 1 1 1 1 1 1 1 1 1 1 1 1 1 1 1 1 1 1 1 1 1 1 1 1 1 1 1 1 1 1 1 1 1 1 1 1 1 1 1 1 1 1 1 1 1 1 1 1 1 1 1 1 100 1 1 1 1 1 1 1 1 1 1 1 1 1 1 1 1 1 1 1 1 1 1 1 1 1 1 1 1 1 1 1 1 1 1 1 1 1 1 1 1 1 1 1 1 1 1 1 1 1 1 1 1 1 1 1 1 1 1 1 1 1 1 1 1 1 1 1 1 1 1 1 1 1 1 1 1 1 1 1 1 1 1 1 1 1 1 1 1 1 1 1 1 1 1 1 1 1 1 1 1 1 1 1 1 1 1 1 1 1 1 1 1 1 1 1 1 1 1 1 1 1 1 1 1 1 1 1 1 1 1 1 1 1 1 1 1 1 1 1 1 1 1 1 1 1 1 1 1 1 1 1 1 1 1 1 1 1 1 1 1 1 1 1 1 1 1 1 1 1 1 1 1 1 1 1 1 1 1 1 1 1 1 1 1 1 1 1 1 1 1 1 1 1 1 1 1 1 1 1 1 1 1 1 1 1 1 1 1 1 1 1 1 1
staticfield jdk/internal/misc/Unsafe theUnsafe Ljdk/internal/misc/Unsafe; jdk/internal/misc/Unsafe
staticfield jdk/internal/misc/Unsafe ARRAY_BOOLEAN_BASE_OFFSET J 16
staticfield jdk/internal/misc/Unsafe ARRAY_BYTE_BASE_OFFSET J 16
staticfield jdk/internal/misc/Unsafe ARRAY_SHORT_BASE_OFFSET J 16
staticfield jdk/internal/misc/Unsafe ARRAY_CHAR_BASE_OFFSET J 16
staticfield jdk/internal/misc/Unsafe ARRAY_INT_BASE_OFFSET J 16
staticfield jdk/internal/misc/Unsafe ARRAY_LONG_BASE_OFFSET J 16
staticfield jdk/internal/misc/Unsafe ARRAY_FLOAT_BASE_OFFSET J 16
staticfield jdk/internal/misc/Unsafe ARRAY_DOUBLE_BASE_OFFSET J 16
staticfield jdk/internal/misc/Unsafe ARRAY_OBJECT_BASE_OFFSET J 16
staticfield jdk/internal/misc/Unsafe ARRAY_BOOLEAN_INDEX_SCALE I 1
staticfield jdk/internal/misc/Unsafe ARRAY_BYTE_INDEX_SCALE I 1
staticfield jdk/internal/misc/Unsafe ARRAY_SHORT_INDEX_SCALE I 2
staticfield jdk/internal/misc/Unsafe ARRAY_CHAR_INDEX_SCALE I 2
staticfield jdk/internal/misc/Unsafe ARRAY_INT_INDEX_SCALE I 4
staticfield jdk/internal/misc/Unsafe ARRAY_LONG_INDEX_SCALE I 8
staticfield jdk/internal/misc/Unsafe ARRAY_FLOAT_INDEX_SCALE I 4
staticfield jdk/internal/misc/Unsafe ARRAY_DOUBLE_INDEX_SCALE I 8
staticfield jdk/internal/misc/Unsafe ARRAY_OBJECT_INDEX_SCALE I 4
staticfield jdk/internal/misc/Unsafe ADDRESS_SIZE I 8
ciMethod java/lang/StringUTF16 hashCode ([B)I 0 0 8 0 0
ciInstanceKlass java/lang/Thread$FieldHolder 1 1 55 10 7 12 1 1 1 9 7 12 1 1 1 9 12 1 1 9 12 1 1 9 12 1 1 9 12 1 1 1 1 1 1 1 1 1 1 1 1 100 1 100 1 1 1 1 100 1 1 1 100 1 100 1 1
ciInstanceKlass java/lang/Thread$Constants 0 0 47 100 1 10 100 12 1 1 1 10 12 1 1 10 12 1 1 10 100 12 1 1 8 1 10 12 1 9 100 12 1 1 1 1 1 1 1 1 1 1 1 1 1 1 1 1 1
ciInstanceKlass java/lang/ThreadGroup 1 1 380 10 7 12 1 1 1 9 7 12 1 1 1 8 1 9 12 1 1 100 1 9 12 1 1 9 12 1 1 10 7 12 1 1 1 10 12 1 1 10 12 1 10 12 1 1 10 12 1 1 10 12 1 10 12 1 10 12 1 10 100 12 1 1 1 10 12 1 1 18 12 1 1 11 100 12 1 1 1 10 12 1 1 10 12 1 1 10 12 1 1 10 100 12 1 1 1 10 12 1 11 12 1 1 11 100 12 1 1 11 12 1 1 10 12 1 1 10 12 1 10 12 1 11 12 1 11 12 1 1 10 12 1 100 1 10 18 12 1 1 11 100 12 1 1 1 11 12 1 1 9 100 12 1 1 1 10 12 1 1 8 1 10 100 12 1 1 1 10 100 12 1 1 1 10 12 1 1 11 12 10 12 1 1 10 12 1 1 11 100 1 9 12 1 100 1 10 8 1 10 12 1 1 10 12 1 1 8 1 10 12 1 10 100 12 1 1 1 10 12 1 1 10 7 1 8 1 10 8 1 10 12 1 10 12 1 8 1 9 12 1 1 9 12 1 10 100 12 1 1 1 100 9 12 1 1 7 1 9 12 1 10 12 10 12 1 1 100 10 12 9 12 1 10 12 1 100 1 10 100 1 10 10 12 1 10 12 1 1 1 1 1 1 1 1 1 1 1 1 1 1 1 1 3 1 1 1 1 1 1 1 1 1 1 1 100 1 1 1 1 1 1 1 1 1 1 1 1 1 1 1 1 1 1 1 1 1 1 1 1 1 1 1 1 1 1 1 1 1 1 1 1 1 1 1 1 16 15 10 12 16 16 15 10 12 16 15 10 100 12 1 1 1 1 1 100 1 100 1 1
staticfield java/lang/ThreadGroup $assertionsDisabled Z 1
ciInstanceKlass java/lang/Thread$UncaughtExceptionHandler 1 0 16 100 1 100 1 1 1 1 1 1 1 1 100 1 1 1
instanceKlass java/lang/ThreadBuilders$BoundVirtualThread
instanceKlass java/lang/VirtualThread
ciInstanceKlass java/lang/BaseVirtualThread 0 0 36 10 100 12 1 1 1 100 1 1 1 1 1 1 1 1 1 1 1 1 1 1 1 1 1 1 1 1 100 1 100 1 1 100 1 1
ciInstanceKlass java/lang/VirtualThread 0 0 928 9 100 12 1 1 1 9 12 1 1 10 100 12 1 1 1 10 100 12 1 1 1 10 100 12 1 1 1 9 12 1 1 100 1 10 12 1 9 12 1 1 18 12 1 1 9 12 1 1 10 12 1 1 100 1 10 12 1 10 12 1 1 10 12 1 1 10 12 1 10 12 1 1 9 12 1 1 10 12 1 10 100 12 1 10 12 1 10 12 1 10 12 1 10 12 1 9 12 1 1 11 100 12 1 1 1 10 10 12 1 11 100 12 1 1 1 10 12 1 100 1 10 12 1 1 100 1 9 12 1 1 5 0 10 100 12 1 1 1 9 12 1 100 1 100 1 10 10 100 12 1 1 1 10 100 12 1 1 1 10 12 1 1 10 12 1 10 12 1 1 10 12 1 10 12 10 12 1 100 1 10 10 12 1 10 12 1 1 9 12 1 1 10 12 1 1 9 12 1 1 10 12 1 9 12 1 10 100 12 1 1 10 9 10 10 12 1 1 10 12 1 1 10 100 12 1 1 10 100 1 10 9 10 100 1 10 12 1 1 10 12 1 10 10 12 1 1 9 12 1 10 12 1 10 12 1 9 12 1 1 10 12 1 10 12 1 10 12 1 1 9 12 1 1 10 12 1 10 12 1 1 10 12 1 10 12 1 1 9 12 1 18 9 100 12 1 1 1 10 12 1 1 9 12 1 10 12 1 10 12 1 1 10 12 1 9 12 1 1 18 12 1 9 12 1 9 12 1 10 12 9 12 1 1 10 100 12 1 1 10 12 1 10 12 1 1 10 100 12 1 1 10 12 1 100 1 8 1 10 12 1 10 12 1 1 10 12 1 10 12 1 10 12 1 10 100 12 1 1 10 12 1 10 12 1 10 12 1 10 12 1 10 100 12 1 1 8 1 10 12 1 10 12 1 10 12 1 10 12 1 1 10 12 1 10 12 10 12 1 100 1 10 10 12 1 10 12 1 1 10 12 1 1 10 12 1 10 12 1 10 12 1 1 10 12 1 1 11 100 12 1 1 11 12 1 10 12 9 100 12 1 1 1 9 12 1 10 12 1 1 9 12 1 9 12 1 9 12 1 9 12 1 100 1 10 10 12 1 1 10 12 1 100 1 100 1 10 8 1 10 12 1 1 10 12 1 10 12 1 10 10 12 1 8 1 10 10 12 1 10 12 1 10 100 12 1 1 8 1 8 1 10 12 1 1 10 10 9 100 12 1 1 1 10 12 1 1 10 12 1 10 10 12 9 12 1 10 12 1 1 10 12 1 9 12 1 10 12 1 1 9 12 1 10 12 1 1 9 12 1 10 12 1 1 18 12 1 1 8 1 10 12 1 1 8 1 8 1 10 100 12 1 1 1 10 100 12 1 1 1 10 12 1 10 12 1 1 10 12 1 18 12 1 1 18 12 1 1 5 0 9 12 1 10 12 1 10 12 1 10 100 1 10 12 1 1 9 12 1 9 12 1 1 10 12 1 1 10 12 1 10 12 10 12 1 1 10 100 12 1 1 10 12 1 1 100 1 8 1 10 10 12 1 8 10 12 1 1 8 8 9 12 1 8 8 10 12 1 10 12 1 1 8 1 18 12 1 10 100 12 1 1 10 12 1 10 12 1 3 1 3 1 3 1 3 1 3 1 3 1 3 1 3 1 3 1 3 1 3 1 3 1 3 3 1 3 3 1 3 3 1 3 3 1 3 1 1 1 1 1 1 1 1 1 1 1 1 1 1 1 1 1 100 1 1 1 1 1 1 1 1 1 1 1 1 1 1 1 1 1 1 1 1 100 1 1 1 1 1 1 1 1 1 1 1 1 1 1 1 1 1 1 1 1 1 1 1 1 1 1 1 1 1 1 1 1 1 100 1 1 1 1 1 1 1 1 1 1 1 1 1 1 1 1 1 1 1 1 1 1 1 1 1 1 1 100 1 1 1 1 1 1 1 1 1 1 1 1 1 1 1 1 1 1 1 1 1 1 100 1 1 16 15 10 12 15 10 12 15 10 12 16 15 10 12 16 15 10 12 16 15 10 12 16 15 10 12 15 10 100 12 1 1 1 1 1 1 1 100 1 1 1 100 1 100 1 1
ciInstanceKlass java/lang/ThreadBuilders$BoundVirtualThread 0 0 132 10 100 12 1 1 1 9 100 12 1 1 1 10 100 12 1 1 1 9 12 1 1 10 12 1 1 10 12 1 1 9 12 1 1 10 100 12 1 1 1 10 12 1 1 100 1 8 1 10 12 1 10 12 1 1 10 12 1 1 10 12 1 1 10 100 12 1 1 1 8 1 10 12 1 8 1 10 12 1 1 10 100 12 1 1 9 100 12 1 1 1 10 12 1 1 10 10 12 1 1 1 1 1 1 1 1 1 1 1 1 1 1 1 1 1 1 1 1 1 1 1 1 1 1 1 1 100 1 1 1 1
instanceKlass java/lang/Exception
instanceKlass java/lang/Error
ciInstanceKlass java/lang/Throwable 1 1 403 10 7 12 1 1 1 9 7 12 1 1 1 9 12 1 1 9 12 1 9 12 1 1 9 12 1 10 12 1 1 9 12 1 1 10 12 1 1 10 100 12 1 1 1 9 12 1 1 10 12 1 1 10 12 1 100 1 100 1 10 8 1 10 12 1 1 8 1 10 100 12 1 1 10 10 12 1 100 1 8 1 10 10 7 12 1 1 10 12 1 8 1 9 100 12 1 1 1 10 12 1 1 100 1 10 12 10 12 1 100 1 10 10 7 12 1 1 1 11 100 12 1 1 1 10 100 12 1 1 1 10 12 1 1 10 12 1 1 8 1 10 12 1 10 12 1 1 8 1 8 1 10 12 1 1 10 12 1 8 1 8 1 9 12 1 10 100 12 1 1 100 1 10 11 12 1 8 1 8 1 10 7 12 1 1 8 1 10 12 1 8 1 100 1 10 12 1 9 12 1 1 10 12 1 10 7 12 1 9 12 1 1 10 12 1 1 100 1 8 1 10 12 1 10 100 12 1 1 10 12 1 1 100 1 10 100 12 1 1 1 10 12 1 11 100 12 1 1 1 11 100 12 1 1 1 11 12 1 8 1 10 12 1 1 8 1 10 10 9 100 12 1 1 1 8 1 10 12 1 1 11 10 100 1 8 1 10 11 12 1 1 8 1 9 12 1 10 100 12 1 1 11 9 12 1 1 11 12 1 1 100 10 12 1 10 12 1 1 100 1 1 1 1 5 0 1 1 1 1 1 1 1 1 1 1 1 1 100 1 1 1 1 1 1 1 1 1 1 1 1 1 1 1 1 1 1 1 1 1 1 1 1 1 1 1 1 1 1 1 1 1 1 1 1 1 1 1 1 1 1 1 100 1 100 1 1 1 1 1 1 1 1 1 1 1 1 1 1 1 1 1 1
staticfield java/lang/Throwable UNASSIGNED_STACK [Ljava/lang/StackTraceElement; 0 [Ljava/lang/StackTraceElement;
staticfield java/lang/Throwable SUPPRESSED_SENTINEL Ljava/util/List; java/util/Collections$EmptyList
staticfield java/lang/Throwable EMPTY_THROWABLE_ARRAY [Ljava/lang/Throwable; 0 [Ljava/lang/Throwable;
staticfield java/lang/Throwable $assertionsDisabled Z 1
ciInstanceKlass jdk/internal/vm/ContinuationScope 0 0 50 10 100 12 1 1 1 10 100 12 1 1 1 100 1 9 100 12 1 1 1 10 12 1 1 10 100 12 1 1 1 10 12 1 1 10 12 1 1 1 1 1 1 1 1 1 1 1 1 1
ciInstanceKlass jdk/internal/vm/StackChunk 1 1 32 10 100 12 1 1 1 9 100 12 1 1 1 9 12 1 1 9 12 1 1 1 1 1 1 1 1 1 1 1 1 1
ciInstanceKlass java/lang/Boolean 1 1 146 10 7 12 1 1 1 9 7 12 1 1 1 10 12 1 1 10 12 1 8 1 10 7 12 1 1 9 12 1 1 9 12 1 10 12 1 1 10 12 1 1 10 12 1 1 10 12 1 10 7 12 1 1 1 10 12 1 1 9 100 12 1 1 9 12 10 100 12 1 1 1 10 12 1 1 8 1 10 7 12 1 1 1 9 12 1 1 100 1 100 1 100 1 1 1 1 1 1 5 0 1 1 1 1 1 1 1 1 1 1 1 1 1 1 1 1 1 1 1 1 1 1 1 1 1 1 1 1 1 1 1 1 1 1 1 100 1 1 1 1 1 1 1 1 1
staticfield java/lang/Boolean TRUE Ljava/lang/Boolean; java/lang/Boolean
staticfield java/lang/Boolean FALSE Ljava/lang/Boolean; java/lang/Boolean
staticfield java/lang/Boolean TYPE Ljava/lang/Class; java/lang/Class
ciInstanceKlass java/lang/Character 1 1 603 7 1 100 1 100 1 9 12 1 1 8 1 9 12 1 1 100 1 9 12 1 1 10 100 12 1 1 1 10 100 12 1 1 1 10 100 12 1 1 1 10 7 12 1 1 1 9 7 12 1 1 1 10 12 1 10 12 1 1 10 12 1 1 10 7 12 1 1 10 12 1 1 3 3 3 3 3 10 12 1 1 10 12 1 3 11 7 12 1 1 1 11 12 1 1 10 12 1 1 10 12 1 1 100 1 10 10 12 1 3 10 12 1 1 10 12 1 10 12 1 1 100 1 8 1 10 12 1 1 10 12 1 10 12 1 10 12 1 10 100 12 1 1 1 10 12 1 10 12 1 10 12 1 1 10 12 1 10 7 12 1 1 10 10 12 1 10 10 12 1 10 12 1 1 10 12 1 10 10 12 1 10 12 1 10 12 1 10 12 1 10 12 1 10 12 1 10 12 1 10 12 10 10 12 10 10 12 1 10 10 12 1 10 10 12 1 10 10 12 1 10 12 1 10 12 1 10 12 1 10 12 1 10 12 1 10 12 1 10 10 12 1 10 10 12 1 10 10 12 1 1 10 10 12 1 10 5 0 10 12 1 10 12 1 10 10 12 1 10 10 12 1 1 10 10 12 1 10 10 12 1 9 12 1 1 100 1 10 10 12 1 10 12 1 1 3 10 100 12 1 1 1 10 12 1 10 100 12 1 1 100 1 10 10 12 1 1 10 12 1 1 10 12 1 1 8 1 10 12 1 9 100 12 1 1 1 10 12 1 10 10 12 1 10 12 1 1 10 12 1 10 10 12 1 1 10 10 12 1 1 100 1 8 1 10 12 1 1 10 7 12 1 1 1 8 1 10 12 1 1 9 12 1 1 100 1 100 1 100 1 1 1 1 3 1 3 1 3 1 3 1 1 1 1 1 3 1 1 3 1 3 1 3 1 3 1 3 1 3 1 3 1 3 1 3 1 3 1 3 1 3 1 3 1 3 1 3 1 3 1 3 1 3 1 3 1 3 1 3 1 3 1 3 1 3 1 3 1 3 1 3 1 3 1 1 1 1 1 1 1 1 1 1 1 1 1 1 1 1 1 1 1 3 1 1 1 1 1 1 1 3 1 1 3 1 1 1 1 1 3 1 1 5 0 1 1 1 1 1 1 1 1 1 1 1 1 1 1 1 1 1 1 1 1 1 1 1 1 1 1 1 1 1 1 1 1 1 1 1 1 1 1 1 1 1 1 1 1 1 1 1 1 1 1 1 1 1 1 1 1 1 1 1 1 1 1 1 1 1 1 1 1 1 1 1 1 1 1 1 1 1 1 1 1 1 1 1 1 1 1 1 1 1 100 1 100 1 1 1 1 1 1
staticfield java/lang/Character TYPE Ljava/lang/Class; java/lang/Class
staticfield java/lang/Character $assertionsDisabled Z 1
ciInstanceKlass java/lang/Float 1 1 277 7 1 100 1 10 7 12 1 1 1 10 7 12 1 1 1 4 100 1 10 12 1 1 10 12 1 1 8 1 8 1 10 100 12 1 1 1 10 12 1 1 10 12 1 1 10 7 1 4 10 7 12 1 1 9 12 1 1 10 12 1 1 10 12 1 10 10 12 1 1 10 12 1 10 12 1 3 3 100 1 4 4 4 3 10 12 1 1 9 12 1 1 100 1 10 3 3 4 4 10 12 1 3 3 3 10 12 1 1 10 12 1 1 10 12 1 10 100 12 1 1 1 10 12 1 1 10 12 1 1 10 7 12 1 1 1 8 1 10 12 1 1 9 12 1 1 100 1 100 1 100 1 1 1 1 4 1 4 1 1 1 4 1 1 3 1 3 1 3 1 3 1 3 1 1 1 1 5 0 1 1 1 1 1 1 1 1 1 1 100 1 1 1 1 1 1 1 1 1 1 1 1 1 1 1 1 1 1 1 1 1 1 1 1 1 1 1 1 1 1 1 1 1 1 1 1 1 1 1 1 1 1 1 1 1 1 1 1 1 1 1 1 1 1 1 1 1 1 1 1 1 1 1 1 1 1 1 1 1 1 1 1 1 100 1 1 1 1 1 1 1 100 1 100 1 1
staticfield java/lang/Float TYPE Ljava/lang/Class; java/lang/Class
staticfield java/lang/Float $assertionsDisabled Z 1
instanceKlass java/math/BigDecimal
instanceKlass java/math/BigInteger
instanceKlass java/util/concurrent/atomic/Striped64
instanceKlass java/util/concurrent/atomic/AtomicLong
instanceKlass java/util/concurrent/atomic/AtomicInteger
instanceKlass java/lang/Long
instanceKlass java/lang/Integer
instanceKlass java/lang/Short
instanceKlass java/lang/Byte
instanceKlass java/lang/Double
instanceKlass java/lang/Float
ciInstanceKlass java/lang/Number 1 1 37 10 7 12 1 1 1 10 100 12 1 1 1 100 1 1 1 1 5 0 1 1 1 1 1 1 1 1 1 1 1 1 1 1 1 1 1
ciInstanceKlass java/lang/Double 1 1 288 7 1 100 1 10 7 12 1 1 1 10 12 1 1 10 100 1 10 12 1 1 10 7 12 1 1 1 6 0 8 1 10 12 1 1 8 1 10 12 1 1 8 1 6 0 10 12 1 1 100 1 5 0 5 0 8 1 8 1 10 7 12 1 1 1 10 100 12 1 1 1 8 1 10 12 1 1 8 1 8 1 8 1 10 12 1 1 10 12 1 10 12 1 1 10 12 1 10 12 1 10 12 1 1 10 12 1 10 7 1 6 0 10 7 12 1 1 9 12 1 1 10 12 1 10 12 1 10 12 1 10 12 1 10 12 1 5 0 10 12 1 1 10 12 1 10 12 1 10 100 12 1 1 1 10 12 1 1 10 12 1 1 8 1 10 7 12 1 1 1 9 12 1 1 100 1 100 1 100 1 1 1 6 0 1 6 0 1 6 0 1 1 1 6 0 1 1 3 1 3 1 3 1 3 1 3 1 1 1 1 5 0 1 1 1 1 1 1 1 1 1 1 1 1 1 1 1 1 100 1 1 1 1 1 1 1 1 1 1 1 1 1 1 1 1 1 1 1 1 1 1 1 1 1 1 1 1 1 1 1 1 1 1 1 1 1 1 1 1 1 1 1 1 1 100 1 1 1 1 1 1 1 100 1 100 1 1
staticfield java/lang/Double TYPE Ljava/lang/Class; java/lang/Class
ciInstanceKlass java/lang/Byte 1 1 212 7 1 100 1 10 100 12 1 1 1 9 12 1 1 8 1 9 12 1 1 100 1 10 12 1 1 10 12 1 1 10 100 12 1 1 1 10 100 12 1 1 1 9 7 12 1 1 1 10 12 1 1 100 1 100 1 10 12 1 1 8 1 10 12 1 1 8 1 10 12 1 10 12 1 10 12 1 10 12 1 1 10 12 1 10 12 1 10 12 1 1 10 8 1 8 1 10 7 1 9 12 1 1 10 12 1 1 10 12 1 1 10 12 1 1 10 12 1 5 0 10 12 1 1 8 1 10 7 12 1 1 1 9 12 1 1 100 1 100 1 1 1 3 1 3 1 1 1 1 3 1 3 1 1 5 0 1 1 1 1 1 1 1 1 1 1 1 1 1 1 1 1 1 1 1 1 1 1 1 1 1 1 1 1 1 1 1 1 1 1 1 1 1 1 1 1 1 1 1 1 1 1 1 1 1 1 1 1 1 1 1
staticfield java/lang/Byte TYPE Ljava/lang/Class; java/lang/Class
ciMethod java/lang/Byte toUnsignedInt (B)I 1024 0 91431 0 80
ciInstanceKlass java/lang/Short 1 1 220 7 1 100 1 100 1 10 100 12 1 1 1 10 12 1 1 100 1 100 1 10 12 1 1 8 1 10 12 1 1 8 1 10 12 1 10 12 1 10 12 1 10 12 1 1 10 12 1 1 10 12 1 9 12 1 1 8 1 9 12 1 1 100 1 10 12 1 1 10 12 1 10 100 12 1 1 1 10 100 12 1 1 1 9 7 12 1 1 1 10 12 1 10 12 1 1 10 8 1 8 1 10 7 1 9 12 1 1 10 12 1 1 10 12 1 1 10 12 1 1 10 12 1 3 3 5 0 10 12 1 1 8 1 10 7 12 1 1 1 9 12 1 1 100 1 100 1 1 1 3 1 3 1 1 1 1 3 1 3 1 1 5 0 1 1 1 1 1 1 1 1 1 1 1 1 1 1 1 1 1 1 1 1 1 1 1 1 1 1 1 1 1 1 1 1 1 1 1 1 1 1 1 1 1 1 1 1 1 1 1 1 1 1 1 1 1 1 1 1
staticfield java/lang/Short TYPE Ljava/lang/Class; java/lang/Class
ciInstanceKlass java/lang/Integer 1 1 436 7 1 100 1 7 1 7 1 10 12 1 1 9 12 1 1 9 12 1 1 10 100 12 1 1 1 10 12 1 1 10 100 12 1 1 1 10 10 12 1 1 10 100 12 1 1 1 10 12 1 10 12 1 1 10 7 12 1 1 1 10 12 1 1 10 12 1 1 10 12 1 10 7 12 1 1 10 12 1 1 10 12 1 10 12 1 7 1 8 1 10 12 1 8 1 100 1 10 12 1 1 10 12 1 1 8 1 10 12 1 1 8 1 10 12 1 1 10 12 1 1 10 12 1 1 3 3 10 7 12 1 1 1 11 7 1 10 12 1 1 11 10 12 1 1 10 12 1 1 8 1 10 12 1 10 12 1 8 1 100 1 10 12 1 8 1 10 12 1 1 10 12 1 8 1 10 12 1 10 12 1 7 1 9 12 1 1 9 12 1 1 10 12 1 10 7 1 9 12 1 10 12 1 10 12 1 10 12 1 1 10 12 1 1 10 7 12 1 1 1 10 12 1 1 8 1 8 1 10 12 1 1 8 1 8 1 8 1 8 1 8 1 8 1 10 12 1 10 12 1 10 12 1 5 0 3 3 3 3 10 12 1 10 12 1 3 10 12 1 10 100 12 1 1 1 10 12 1 1 10 12 1 1 8 1 10 7 12 1 1 1 9 12 1 1 100 1 100 1 100 1 1 1 1 3 1 1 1 1 1 3 1 3 1 1 5 0 1 1 1 1 1 1 1 1 1 100 1 1 1 1 1 1 1 1 1 1 1 1 1 1 1 1 1 1 1 1 1 1 1 1 1 1 1 1 1 1 1 1 1 1 1 1 1 1 1 1 1 1 1 1 1 1 1 1 1 1 1 1 1 1 1 1 1 1 1 1 1 1 1 1 1 1 1 1 1 1 1 1 1 1 1 1 1 1 1 1 1 1 1 1 1 1 1 1 1 1 1 1 1 100 1 1 1 1 1 1 1 1 1 100 1 100 1 1
staticfield java/lang/Integer TYPE Ljava/lang/Class; java/lang/Class
staticfield java/lang/Integer digits [B 36
ciMethod java/lang/Integer intValue ()I 312 0 156 0 -1
ciMethod java/lang/Integer valueOf (I)Ljava/lang/Integer; 340 0 5349 0 -1
ciInstanceKlass java/lang/Long 1 1 498 7 1 100 1 7 1 100 1 10 12 1 1 9 12 1 1 9 7 12 1 1 1 10 100 12 1 1 1 10 12 1 1 10 100 12 1 1 1 10 10 12 10 12 1 10 12 1 10 12 1 5 0 5 0 100 1 10 12 1 1 10 12 1 1 10 12 1 10 12 1 10 12 1 10 12 1 1 10 100 12 1 1 10 12 1 10 12 1 1 10 12 1 1 10 12 1 1 10 12 1 1 10 100 12 1 1 1 10 12 1 1 10 12 1 10 12 1 10 7 12 1 1 10 12 1 1 10 12 1 10 12 1 100 1 8 1 10 12 1 8 1 100 1 10 12 1 10 12 1 1 8 1 10 12 1 1 8 1 10 12 1 1 10 12 1 1 10 12 1 1 5 0 5 0 10 100 12 1 1 1 11 100 1 10 12 1 1 11 10 12 1 1 10 12 1 1 8 1 5 0 10 12 1 1 10 12 1 1 8 1 8 1 10 12 1 8 1 10 12 1 10 12 1 5 0 5 0 9 7 12 1 1 1 10 12 1 10 12 1 1 8 1 8 1 10 12 1 1 8 1 8 1 8 1 8 1 8 1 8 1 10 12 1 10 12 1 10 7 1 9 12 1 1 10 12 1 10 12 1 1 10 12 1 1 10 100 12 1 1 1 10 12 1 1 10 12 1 10 12 1 10 12 1 5 0 5 0 5 0 10 12 1 1 10 12 1 5 0 5 0 10 12 10 12 1 10 100 12 1 1 1 10 12 1 1 10 12 1 1 8 1 10 7 12 1 1 1 9 12 1 1 100 1 100 1 100 1 1 1 1 5 0 1 1 1 1 3 1 3 1 5 0 1 1 1 1 1 1 1 1 1 100 1 1 1 1 1 1 1 1 1 1 1 1 1 1 1 1 1 1 1 1 1 1 1 1 1 1 1 1 1 1 1 1 1 1 1 1 1 1 1 1 1 1 1 1 1 1 1 1 1 1 1 1 1 1 1 1 1 1 1 1 1 1 1 1 1 1 1 1 1 1 1 1 1 1 1 1 1 1 1 1 1 1 1 1 1 1 1 1 1 1 1 1 1 1 1 1 1 1 1 1 100 1 1 1 1 1 1 1 1 1 100 1 100 1 1
staticfield java/lang/Long TYPE Ljava/lang/Class; java/lang/Class
ciMethod java/lang/Long bitCount (J)I 1024 0 2723 0 -1
ciInstanceKlass java/lang/Void 1 1 31 10 100 12 1 1 1 8 1 10 7 12 1 1 1 9 7 12 1 1 1 1 1 1 1 1 1 1 1 1 1
staticfield java/lang/Void TYPE Ljava/lang/Class; java/lang/Class
ciInstanceKlass jdk/internal/vm/vector/VectorSupport 0 0 597 100 1 10 100 12 1 1 1 9 12 1 1 10 100 12 1 1 1 100 1 10 12 1 11 100 12 1 1 1 11 100 12 1 1 1 11 100 12 1 1 1 11 100 12 1 1 11 100 12 1 1 11 100 12 1 1 11 100 12 1 1 11 100 12 1 1 11 100 12 1 1 11 100 12 1 1 11 100 12 1 1 1 11 100 12 1 1 11 100 12 1 1 1 11 100 12 1 1 1 11 100 12 1 1 11 100 12 1 1 1 11 100 12 1 1 100 1 10 12 1 1 11 100 12 1 1 11 100 12 1 1 11 100 12 1 1 11 100 1 11 100 12 1 1 11 100 12 1 1 11 100 12 1 1 9 12 1 1 10 100 12 1 1 11 100 12 1 1 10 100 12 1 1 1 10 100 12 1 1 10 12 1 1 10 12 1 1 1 1 1 3 1 3 1 3 1 3 1 3 1 3 1 3 1 3 1 3 1 3 1 3 1 3 1 3 1 3 1 3 1 3 1 3 1 3 1 3 1 3 1 3 1 3 1 3 1 3 1 3 1 3 1 3 1 3 1 3 1 3 1 3 1 3 1 3 1 3 1 3 1 3 1 3 1 3 1 3 1 3 1 3 1 3 1 3 1 3 1 3 1 3 1 3 1 3 1 3 1 3 1 3 1 3 1 3 1 1 1 3 1 3 1 3 1 3 1 3 1 3 1 1 1 1 1 1 1 1 1 1 1 1 1 1 1 1 1 1 1 1 1 1 1 1 1 1 1 1 1 1 1 1 1 1 1 1 1 1 1 1 1 1 1 1 1 1 1 1 1 1 1 1 1 1 1 1 1 1 1 1 1 1 1 1 1 1 1 1 1 1 1 1 1 1 1 1 1 1 1 1 1 1 1 1 1 1 1 1 1 1 1 1 1 1 1 1 1 1 1 1 1 1 1 1 1 1 1 1 1 1 1 1 1 1 1 1 1 1 1 1 1 1 1 1 1 1 1 1 1 1 1 1 1 1 1 1 1 1 1 1 1 1 1 1 1 1 1 1 1 1 1 1 1 1 1 1 1 1 1 1 1 1 1 1 1 1 1 1 1 1 1 1 1 1 1 1 1 1 1 1 1 1 1 1 1 1 1 1 1 1 1 1 1 1 1 1 1 1 1 1 1 1 1 1 1 1 1 1 1 1 1 1 1 1 1 1 1 1 1 1 1 1 1 1 1 1 1 1 1 1 1 1 1 1 1 1 1 1 1 1 1 1 1 1 1 1 1 100 1 100 1 100 1 100 1 100 1 1 1 1 1 1 1 1 1 1 1 1 1 1 1 1 1 1 1 1 1 1 1 1 1 1 1 1 1 1 1
instanceKlass jdk/internal/vm/vector/VectorSupport$VectorShuffle
instanceKlass jdk/internal/vm/vector/VectorSupport$VectorMask
instanceKlass jdk/internal/vm/vector/VectorSupport$Vector
ciInstanceKlass jdk/internal/vm/vector/VectorSupport$VectorPayload 0 0 32 10 100 12 1 1 1 9 100 12 1 1 1 10 100 12 1 1 1 1 1 1 1 1 1 1 1 1 1 1 1 1
ciInstanceKlass jdk/internal/vm/vector/VectorSupport$Vector 0 0 28 10 100 12 1 1 1 100 1 1 1 1 1 1 1 1 1 1 1 1 1 1 1 100 1 1 1 1
ciInstanceKlass jdk/internal/vm/vector/VectorSupport$VectorMask 0 0 28 10 100 12 1 1 1 100 1 1 1 1 1 1 1 1 1 1 1 1 1 1 1 100 1 1 1 1
ciInstanceKlass jdk/internal/vm/vector/VectorSupport$VectorShuffle 0 0 28 10 100 12 1 1 1 100 1 1 1 1 1 1 1 1 1 1 1 1 1 1 1 100 1 1 1 1
ciInstanceKlass jdk/internal/vm/FillerObject 0 0 16 10 100 12 1 1 1 100 1 1 1 1 1 1 1 1
instanceKlass java/lang/ref/PhantomReference
instanceKlass java/lang/ref/FinalReference
instanceKlass java/lang/ref/WeakReference
instanceKlass java/lang/ref/SoftReference
ciInstanceKlass java/lang/ref/Reference 1 1 198 9 7 12 1 1 1 9 7 12 1 1 10 12 1 1 10 12 1 1 9 12 1 1 10 12 1 1 9 12 1 1 9 12 1 1 7 1 10 12 1 10 7 12 1 1 10 12 1 10 12 1 1 10 12 1 7 1 8 1 10 12 1 1 7 1 10 12 1 1 10 12 1 1 10 12 1 7 1 10 12 10 7 12 1 1 1 9 12 1 10 12 1 1 10 12 1 10 12 1 10 12 1 9 12 1 100 1 100 1 10 9 12 1 9 12 1 100 1 10 10 12 1 10 10 7 12 1 1 10 12 1 1 1 1 1 1 1 1 1 1 1 1 1 1 1 1 1 100 1 1 1 100 1 1 1 1 1 1 1 1 1 1 1 1 1 1 1 1 1 1 1 1 1 1 1 1 1 1 1 1 1 1 1 1 1 1 1 1 1 100 1 100 1 100 1 1 1
staticfield java/lang/ref/Reference processPendingLock Ljava/lang/Object; java/lang/Object
staticfield java/lang/ref/Reference $assertionsDisabled Z 1
instanceKlass org/postgresql/core/AsciiStringInterner$StringReference
instanceKlass sun/util/locale/provider/LocaleResources$ResourceReference
instanceKlass sun/util/resources/Bundles$BundleReference
instanceKlass java/util/ResourceBundle$BundleReference
instanceKlass jdk/internal/util/SoftReferenceKey
instanceKlass java/lang/invoke/LambdaFormEditor$Transform
ciInstanceKlass java/lang/ref/SoftReference 1 1 50 10 7 12 1 1 1 9 7 12 1 1 1 9 12 1 10 12 1 10 12 1 1 1 1 1 1 1 1 1 1 1 1 1 1 1 1 1 1 1 1 1 1 100 1 1 1 1 1 1
instanceKlass javax/crypto/JceSecurity$WeakIdentityWrapper
instanceKlass com/sun/util/reentrant/ReentrantContextProvider$HardReference
instanceKlass com/sun/javafx/util/WeakReferenceQueue$ListEntry
instanceKlass java/lang/WeakPairMap$WeakRefPeer
instanceKlass java/util/ResourceBundle$KeyElementReference
instanceKlass java/util/logging/LogManager$LoggerWeakRef
instanceKlass java/util/logging/Level$KnownLevel
instanceKlass java/lang/ThreadLocal$ThreadLocalMap$Entry
instanceKlass jdk/internal/util/WeakReferenceKey
instanceKlass java/util/WeakHashMap$Entry
ciInstanceKlass java/lang/ref/WeakReference 1 1 34 10 7 12 1 1 1 10 12 1 100 1 1 1 1 1 1 1 1 1 1 1 1 1 1 1 1 1 1 1 1 1 1 1
instanceKlass java/lang/ref/Finalizer
ciInstanceKlass java/lang/ref/FinalReference 1 1 50 10 100 12 1 1 1 10 100 12 1 1 1 10 12 1 1 100 1 8 1 10 12 1 1 1 1 1 1 1 1 1 1 1 1 1 1 1 1 1 1 1 1 1 1 1 1 1 100 1
instanceKlass jdk/internal/ref/PhantomCleanable
instanceKlass jdk/internal/ref/Cleaner
ciInstanceKlass java/lang/ref/PhantomReference 1 1 47 10 7 12 1 1 1 10 12 1 1 10 7 12 1 1 1 1 1 1 1 1 1 1 1 1 1 1 1 1 1 1 1 1 1 1 1 1 1 1 1 1 1 1 1 1 1
ciInstanceKlass java/lang/ref/Finalizer 1 1 177 9 7 12 1 1 1 10 100 12 1 1 1 9 12 1 1 9 12 1 1 9 12 1 9 12 1 9 12 1 1 10 12 1 100 1 8 1 10 12 1 10 12 1 1 9 12 1 100 1 10 12 1 100 1 11 100 12 1 1 10 12 1 100 1 10 12 1 10 7 12 1 1 1 10 12 1 1 10 100 12 1 1 8 1 10 12 1 10 12 1 10 12 1 100 1 10 12 1 10 100 12 1 1 1 100 1 10 10 12 1 1 7 1 10 12 1 10 12 1 1 10 12 1 1 10 7 12 1 1 1 7 1 10 7 1 10 10 12 1 1 1 1 1 1 1 1 1 1 1 1 1 1 1 1 1 1 1 1 1 1 1 1 1 1 100 1 1 1 1 1 1 1 1 1 1 1
staticfield java/lang/ref/Finalizer lock Ljava/lang/Object; java/lang/Object
staticfield java/lang/ref/Finalizer ENABLED Z 1
staticfield java/lang/ref/Finalizer $assertionsDisabled Z 1
instanceKlass java/lang/reflect/Executable
instanceKlass java/lang/reflect/Field
ciInstanceKlass java/lang/reflect/AccessibleObject 1 1 374 10 7 12 1 1 1 10 100 12 1 1 1 10 7 12 1 1 1 10 12 1 1 9 12 1 1 7 1 10 7 12 1 1 1 11 12 1 100 1 10 12 1 7 1 100 1 10 12 1 1 10 12 1 1 10 12 1 1 10 12 1 1 10 12 1 1 7 1 10 7 12 1 1 1 10 12 1 1 11 10 7 12 1 1 1 10 12 1 1 10 12 1 10 12 1 10 12 1 1 10 12 1 8 1 100 1 100 1 10 10 12 1 1 8 1 10 12 1 10 12 1 8 1 8 1 8 1 8 1 8 1 8 1 8 1 8 1 8 1 100 1 10 12 1 10 12 1 9 100 12 1 1 1 10 12 1 1 10 12 1 10 100 1 100 1 8 1 10 8 1 10 12 1 8 1 10 12 1 10 12 1 1 10 100 1 8 1 10 11 7 12 1 1 1 10 12 1 1 10 12 1 1 10 12 1 1 9 12 1 1 100 1 10 12 1 7 1 10 12 1 10 12 1 1 10 100 1 10 12 1 10 12 10 12 1 10 12 1 10 12 1 1 10 12 1 9 12 1 10 100 12 1 1 8 1 10 12 1 1 8 1 10 100 12 1 1 1 9 12 1 100 1 10 7 1 10 10 7 12 1 1 1 10 7 12 1 1 1 9 12 1 1 1 1 1 1 1 1 1 1 1 1 1 1 1 1 1 1 1 1 1 1 1 1 1 1 1 1 1 1 1 1 1 1 1 1 1 1 1 1 1 1 1 1 1 1 1 1 1 1 1 1 1 1 1 1 1 1 1 1 1 1 1 1 1 1 1 1 1 1 1 1 1 1 1 1 1 1 1 1 1 1 1
staticfield java/lang/reflect/AccessibleObject reflectionFactory Ljdk/internal/reflect/ReflectionFactory; jdk/internal/reflect/ReflectionFactory
ciInstanceKlass java/lang/reflect/Method 1 1 468 9 7 12 1 1 1 10 7 12 1 1 1 10 7 12 1 1 9 12 1 1 9 12 1 1 10 12 1 1 10 12 1 1 10 12 1 1 10 7 12 1 1 10 7 12 1 1 1 9 12 1 1 9 12 1 9 12 1 1 9 12 1 9 12 1 9 12 1 1 9 12 1 9 12 1 1 9 12 1 9 12 1 100 1 8 1 10 12 1 10 12 1 9 12 1 1 10 7 12 1 1 1 10 12 1 1 10 12 1 1 10 12 1 10 12 1 1 9 100 12 1 1 1 10 12 1 1 10 12 10 7 12 1 1 10 12 1 1 10 12 1 10 12 1 10 12 1 10 7 12 1 1 1 10 12 1 1 9 12 1 10 7 1 10 100 12 1 1 1 10 7 12 1 1 10 12 1 1 10 12 1 1 10 12 1 10 7 12 1 1 1 10 12 1 10 8 1 10 12 1 10 12 1 7 1 8 1 8 1 8 1 10 12 1 10 12 1 1 10 12 1 1 10 10 12 1 1 10 12 1 11 100 1 10 12 1 9 12 1 1 10 12 1 1 10 12 1 10 12 1 1 10 12 1 1 11 7 12 1 1 1 11 12 1 9 12 1 1 10 12 1 10 12 1 10 12 1 10 12 1 10 12 1 10 12 1 9 12 1 1 10 7 12 1 1 1 10 7 12 1 1 10 12 1 1 10 7 12 1 1 1 10 7 12 1 1 1 10 7 12 1 1 1 11 7 12 1 1 1 10 7 12 1 1 1 7 1 100 1 100 1 10 12 1 10 12 1 1 10 12 1 100 1 8 1 10 12 1 10 10 12 1 1 10 12 1 1 10 12 1 1 10 12 1 1 8 1 10 12 1 1 1 1 1 1 1 1 1 1 1 1 1 1 1 1 1 1 1 1 1 1 1 1 1 1 1 1 1 1 1 1 1 1 1 1 1 1 1 1 1 1 1 1 1 1 1 1 1 1 1 1 1 100 1 100 1 100 1 1 1 1 1 1 1 1 1 1 1 1 1 1 1 1 1 1 1 1 1 1 1 1 1 1 1 1 1 1
ciInstanceKlass java/lang/reflect/Member 1 1 37 100 1 10 12 1 1 100 1 100 1 1 1 1 3 1 3 1 1 1 1 1 1 1 1 1 1 1 1 1 1 1 1 1 1 1 1
instanceKlass java/lang/reflect/Constructor
instanceKlass java/lang/reflect/Method
ciInstanceKlass java/lang/reflect/Executable 1 1 587 10 7 12 1 1 1 10 7 12 1 1 1 10 7 12 1 1 1 11 7 12 1 1 1 10 7 12 1 1 1 10 12 1 1 10 7 12 1 1 1 10 100 12 1 1 1 10 12 1 8 1 10 10 12 1 1 10 12 1 1 10 100 12 1 1 1 18 12 1 1 11 100 12 1 1 1 8 1 8 1 8 1 10 100 12 1 1 1 11 12 1 1 100 1 8 1 8 1 10 12 1 100 1 8 1 10 12 1 8 1 11 100 12 1 1 1 100 1 11 100 12 1 1 1 11 12 1 8 1 18 8 1 10 12 1 10 12 1 1 18 8 1 10 12 1 100 1 10 12 1 10 12 1 11 12 1 10 12 1 1 8 1 8 1 10 12 1 1 10 12 1 1 10 10 12 1 9 12 1 1 9 100 12 1 1 1 10 100 12 1 1 1 10 12 1 10 12 1 1 10 100 12 1 1 10 12 1 10 12 1 10 12 1 10 7 12 1 1 100 1 10 100 12 1 1 1 10 12 1 1 10 100 12 1 1 10 12 1 10 12 1 1 9 100 12 1 1 1 10 100 10 12 1 8 1 10 12 1 10 12 1 3 100 1 8 1 10 12 1 10 12 1 10 10 12 1 10 12 1 1 8 1 8 1 8 1 9 12 1 1 9 12 1 10 12 1 100 1 8 1 10 12 1 10 12 1 10 12 1 1 10 12 1 1 10 12 1 10 12 10 12 1 7 1 10 12 1 10 12 1 1 100 1 10 100 12 1 1 1 7 1 10 7 12 1 1 1 10 12 1 1 11 7 12 1 1 10 12 1 10 100 12 1 1 1 10 12 1 1 9 12 1 10 12 1 1 10 12 1 10 12 1 1 9 100 12 1 1 1 10 100 12 1 1 1 10 12 1 10 12 1 1 9 12 1 10 10 10 10 100 12 1 1 1 10 12 1 9 12 1 10 12 1 1 9 12 1 100 1 100 1 1 1 1 1 1 1 1 1 1 1 1 1 1 1 1 1 1 1 1 1 1 1 1 1 1 1 1 1 1 1 1 1 1 1 1 100 1 1 1 1 1 1 1 1 1 1 1 1 1 1 1 1 1 1 1 100 1 1 1 1 1 1 1 1 1 1 1 1 1 1 1 1 1 1 1 1 1 1 1 1 1 1 1 1 1 1 1 1 1 1 1 1 1 1 1 1 1 1 1 100 1 1 1 1 1 1 1 1 1 1 1 1 1 1 1 1 1 1 1 1 1 1 100 1 1 16 15 16 1 16 1 15 10 12 16 15 10 100 12 1 1 1 1 100 1 1 1 100 1 1 100 1 100 1 1
ciInstanceKlass java/lang/reflect/Constructor 1 1 437 10 100 12 1 1 1 10 100 12 1 1 9 7 12 1 1 1 9 12 1 1 10 12 1 1 10 12 1 1 10 12 1 1 10 100 12 1 1 10 7 12 1 1 1 9 12 1 1 9 12 1 1 9 12 1 9 12 1 1 9 12 1 9 12 1 1 9 12 1 1 9 12 1 100 1 8 1 10 12 1 10 12 1 9 12 1 1 10 7 12 1 1 1 10 12 1 1 10 12 1 1 10 12 1 7 1 100 1 8 1 10 10 12 1 10 12 1 10 12 1 1 9 100 12 1 1 1 10 7 12 1 1 10 12 1 1 10 12 1 10 12 1 1 10 7 12 1 1 1 10 100 12 1 1 10 12 1 1 10 12 1 10 100 12 1 1 1 8 1 10 10 12 1 100 1 8 1 10 12 1 10 12 1 1 10 12 1 1 10 12 1 10 12 1 10 12 1 1 10 12 1 1 9 12 1 1 10 12 1 1 10 12 1 1 10 12 1 1 11 7 12 1 1 1 10 12 1 1 10 12 1 10 12 1 10 12 1 8 1 9 12 1 1 10 7 12 1 1 1 10 7 12 1 1 10 12 1 1 10 12 1 1 10 12 1 1 10 12 1 1 10 12 1 9 100 12 1 1 10 12 1 10 12 1 10 12 1 100 1 8 1 10 10 12 1 1 10 12 1 10 10 12 1 1 10 12 1 1 10 100 12 1 1 1 11 100 12 1 1 1 10 12 1 1 9 100 12 1 1 1 10 100 12 1 1 1 10 12 1 1 1 1 1 1 1 1 1 1 1 1 1 1 1 1 1 1 1 1 1 1 1 1 1 1 1 1 1 1 1 1 1 1 1 1 1 1 1 1 1 1 1 1 1 1 1 1 1 1 1 1 1 1 1 1 100 1 100 1 100 1 100 1 1 1 1 1 1 1 1 1 1 1 1 1 1 1 1 1 1 1 1 1 1 1 1 1 1 1 1 1 1 1 1 100 1 1
ciInstanceKlass java/lang/reflect/Field 1 1 454 9 7 12 1 1 1 10 12 1 1 10 100 12 1 1 1 10 100 12 1 1 9 12 1 1 9 12 1 1 10 12 1 1 10 12 1 1 10 12 1 1 10 100 12 1 1 10 7 12 1 1 1 9 12 1 1 9 12 1 9 12 1 9 12 1 1 9 12 1 1 9 12 1 9 12 1 1 100 1 8 1 10 12 1 10 12 1 9 12 1 1 9 12 1 10 7 12 1 1 10 12 1 1 10 12 1 1 10 12 1 9 12 1 1 10 12 1 1 9 100 12 1 1 1 10 7 12 1 1 1 7 1 10 12 1 1 10 12 1 1 10 12 1 10 12 1 10 7 1 10 100 12 1 1 100 1 10 8 1 10 12 1 1 10 12 1 1 8 1 10 12 10 12 1 8 1 8 1 10 11 100 1 9 12 1 10 12 1 1 10 12 1 1 11 7 12 1 1 1 10 12 1 11 12 1 1 11 12 1 1 11 12 1 1 11 12 1 1 11 12 1 1 11 12 1 1 11 12 1 1 11 12 1 1 11 12 1 1 11 12 1 1 11 12 1 1 11 12 1 1 11 12 1 1 11 12 1 1 11 12 1 1 11 12 1 1 11 12 1 1 10 12 1 10 100 12 1 1 10 12 1 10 12 1 10 12 1 10 12 1 1 10 12 1 1 10 12 1 10 7 12 1 1 10 12 1 1 11 7 1 10 12 1 7 1 10 100 12 1 1 1 10 7 12 1 1 1 9 12 1 10 7 12 1 1 1 11 7 12 1 1 1 10 12 1 1 10 12 1 1 9 100 12 1 1 10 100 12 1 1 1 10 12 1 1 100 1 1 1 1 1 1 1 1 1 1 1 1 1 1 1 1 1 1 1 1 1 1 1 1 1 1 1 1 1 1 1 1 1 1 1 1 1 1 1 100 1 1 1 1 1 1 1 1 1 1 1 1 1 1 1 1 1 1 1 1 1 1 1 1 1 1 1 1 1 1 1 1 100 1 1 1 1 1 1 1 1 100 1 1 100 1 1
ciInstanceKlass java/lang/reflect/Parameter 0 0 256 10 100 12 1 1 1 9 100 12 1 1 1 9 12 1 1 9 12 1 1 9 12 1 10 12 1 1 10 12 1 1 10 100 12 1 1 1 100 1 10 10 12 1 1 11 100 12 1 1 1 10 12 1 10 100 12 1 1 1 10 12 1 1 10 12 1 10 12 1 8 1 8 1 10 100 12 1 1 1 10 12 1 10 12 9 100 12 1 1 1 9 100 12 1 1 1 10 12 1 1 10 12 1 1 10 100 12 1 1 1 10 12 1 8 1 10 12 1 9 12 1 1 10 12 1 1 9 12 1 1 10 12 1 1 10 12 1 1 10 12 1 1 10 12 1 10 10 12 1 10 100 12 1 1 1 10 12 1 1 11 100 12 1 1 10 100 12 1 1 100 1 10 100 12 1 1 1 10 12 1 1 10 12 1 1 10 12 1 1 10 12 1 1 9 12 1 100 1 10 11 12 1 11 12 1 1 100 1 1 1 1 1 1 1 1 1 1 1 1 1 1 1 1 1 1 1 1 1 1 1 1 1 1 1 1 1 1 1 1 1 1 1 1 1 1 1 100 1 1 1 1 1 100 1 1
ciInstanceKlass java/lang/reflect/RecordComponent 0 0 196 10 100 12 1 1 1 9 100 12 1 1 1 9 12 1 1 9 12 1 10 12 1 1 10 12 1 1 10 100 12 1 1 1 10 12 1 1 9 12 1 1 10 12 1 1 10 12 1 1 10 12 1 10 100 12 1 1 10 100 12 1 1 9 12 1 1 10 100 12 1 1 1 11 100 12 1 1 1 10 9 100 12 1 1 1 10 100 12 1 1 1 9 12 1 1 10 100 12 1 1 1 10 12 1 1 11 100 12 1 1 10 100 12 1 1 100 1 9 12 1 9 12 1 1 9 12 1 10 100 12 1 1 1 10 12 1 1 10 12 1 1 100 1 10 10 12 1 10 12 1 1 8 1 10 12 1 10 12 1 9 12 1 100 1 1 1 1 1 1 1 1 1 1 1 1 1 1 1 1 1 1 1 1 1 1 100 1 1 1 1 1 1 100 1 1
ciInstanceKlass java/lang/StringBuffer 1 1 487 10 7 12 1 1 1 10 12 1 10 12 1 10 12 1 1 9 7 12 1 1 1 10 12 1 1 10 12 1 10 12 1 1 9 12 1 1 10 12 1 10 12 1 1 10 12 1 1 10 12 1 10 12 1 1 10 12 1 10 12 1 1 10 12 1 1 10 7 12 1 1 1 10 12 1 1 10 12 1 10 12 1 10 12 1 10 12 1 10 12 1 10 12 1 10 12 1 10 12 1 10 12 1 10 12 1 10 12 1 10 12 1 10 12 1 10 12 1 1 10 12 1 10 12 1 1 10 12 1 1 10 10 12 1 1 10 12 1 10 12 1 10 12 1 10 12 1 10 12 1 10 12 1 10 12 10 12 1 10 12 1 10 12 1 10 12 1 1 10 12 1 10 12 1 10 10 12 1 1 10 12 1 10 12 1 10 12 1 8 1 10 12 1 10 10 100 12 1 1 1 10 10 12 1 1 9 12 1 1 10 100 12 1 1 10 100 1 8 10 100 12 1 1 1 8 10 12 1 8 1 10 12 1 10 12 1 10 100 12 1 1 1 10 100 12 1 1 1 7 1 10 12 100 1 8 1 10 10 12 1 1 10 12 1 1 10 12 1 10 12 1 10 12 1 1 10 12 1 10 12 1 10 12 1 10 12 1 10 12 1 10 12 10 12 1 10 12 1 10 12 1 10 12 1 10 12 1 10 12 1 10 12 1 10 12 1 10 12 1 10 12 1 10 12 10 12 10 12 1 10 12 1 10 12 1 10 12 10 12 1 10 12 1 10 12 1 10 12 1 10 12 1 10 12 1 10 12 1 10 12 1 10 12 1 10 12 1 10 12 1 7 1 10 12 1 9 7 12 1 1 1 9 7 1 9 12 1 1 100 1 100 1 100 1 100 1 1 1 1 5 0 1 1 1 1 1 1 1 1 1 1 1 1 1 1 1 1 1 1 1 1 1 1 1 1 1 1 1 1 1 1 1 1 1 1 1 1 1 1 1 1 1 1 1 1 1 1 1 1 1 1 1 1 1 1 1 1 1 1 1 1 100 1 1 1 1 1 100 1 1 1 1 1 1 1 1 1 1 1 1 1 1 1 1 1 1
staticfield java/lang/StringBuffer serialPersistentFields [Ljava/io/ObjectStreamField; 3 [Ljava/io/ObjectStreamField;
instanceKlass java/lang/StringBuilder
instanceKlass java/lang/StringBuffer
ciInstanceKlass java/lang/AbstractStringBuilder 1 1 662 7 1 10 7 12 1 1 1 9 7 12 1 1 1 9 12 1 9 12 1 1 9 12 1 1 10 7 12 1 1 1 10 12 1 1 100 1 3 3 10 12 1 10 12 1 1 10 12 1 1 11 7 1 100 1 100 1 10 8 1 10 12 1 10 12 1 10 12 1 1 10 12 1 10 12 1 9 12 1 10 12 1 9 12 1 1 10 7 12 1 1 1 10 10 12 1 10 12 1 10 12 1 1 9 12 1 100 1 8 1 10 12 1 10 12 1 1 8 1 10 7 12 1 1 1 10 12 1 1 8 1 10 7 12 1 1 1 100 1 8 1 10 100 1 10 12 1 10 12 1 1 10 100 12 1 1 1 10 12 1 1 10 12 1 1 10 12 1 1 10 12 1 1 10 7 12 1 1 1 10 12 1 100 1 10 10 100 12 1 1 1 9 12 1 1 9 12 1 10 12 1 1 10 10 12 1 1 10 12 1 1 10 12 1 1 10 12 1 1 10 12 1 1 10 12 1 1 10 12 1 1 10 12 1 10 10 10 12 1 10 12 1 1 10 8 1 10 12 1 1 10 12 1 10 12 1 10 12 1 10 10 7 12 1 1 1 10 12 1 1 10 12 1 10 12 1 10 12 1 10 12 100 1 9 12 1 1 9 12 1 10 12 1 1 100 1 9 12 1 9 12 10 12 1 10 12 1 1 10 12 1 1 10 12 1 10 12 1 1 10 12 1 10 12 1 1 10 12 1 1 10 10 7 12 1 1 1 10 12 1 10 12 1 10 12 1 1 10 12 1 10 12 1 1 10 12 1 10 12 1 10 12 1 10 12 1 10 12 1 10 12 1 10 12 1 10 12 1 1 10 12 1 10 12 1 10 12 10 12 1 1 18 12 1 1 100 1 10 100 12 1 1 1 18 10 12 1 1 10 12 1 1 10 12 1 10 12 1 10 12 1 1 10 12 1 10 12 1 1 11 12 1 1 10 12 1 10 12 1 1 10 12 1 10 12 1 10 12 1 10 5 0 10 100 1 8 1 10 10 12 1 1 10 100 12 1 1 1 10 12 1 10 12 1 1 100 1 10 12 100 1 10 100 1 10 10 7 12 1 1 100 1 1 1 1 1 1 1 1 1 1 1 100 1 1 1 1 1 1 1 1 1 1 1 1 1 1 1 1 1 1 1 1 1 1 1 1 1 1 1 1 1 1 1 1 1 1 1 1 1 1 1 1 1 1 1 1 1 1 1 1 1 1 1 1 100 1 1 1 1 1 1 1 1 1 1 1 1 1 1 1 1 1 1 1 1 1 1 1 1 1 1 1 1 1 1 1 1 1 1 1 1 1 1 1 1 1 1 1 1 1 1 1 1 1 1 1 1 1 1 1 1 1 1 1 1 1 1 1 100 1 1 1 1 1 1 100 1 1 1 1 1 1 100 1 1 16 1 15 10 12 16 15 10 12 15 10 100 12 1 1 1 1 1 1 1 100 1 100 1 1
staticfield java/lang/AbstractStringBuilder EMPTYVALUE [B 0
staticfield java/lang/AbstractStringBuilder $assertionsDisabled Z 1
ciInstanceKlass java/lang/StringBuilder 1 1 425 10 7 12 1 1 1 10 12 1 10 12 1 10 12 1 1 10 7 12 1 1 1 10 7 12 1 1 1 10 12 1 10 12 1 10 12 1 10 12 1 10 12 1 10 12 1 10 12 1 10 12 1 10 12 1 10 12 1 10 12 1 10 12 1 10 12 1 10 12 1 1 10 12 1 10 12 1 1 10 12 1 1 10 12 1 10 12 1 10 12 1 10 12 1 10 12 1 10 12 1 10 12 1 10 12 10 12 1 10 12 1 10 12 1 10 12 1 1 10 12 1 10 12 1 10 12 10 12 1 1 10 12 1 10 12 1 10 12 1 1 8 1 10 12 1 10 100 12 1 1 1 9 12 1 1 10 12 1 10 12 1 10 12 1 1 9 12 1 1 10 100 12 1 1 1 10 100 1 10 12 1 1 10 100 12 1 1 10 12 1 10 12 1 1 100 1 100 1 8 1 10 10 12 1 1 10 12 1 10 12 1 10 12 1 1 10 12 1 10 12 1 10 12 1 10 12 1 10 12 1 10 12 10 12 1 10 12 1 10 12 1 10 12 1 10 12 1 10 12 1 10 12 1 10 12 1 10 12 1 1 10 12 1 1 10 12 1 10 12 1 10 12 1 10 12 10 12 10 12 1 10 12 1 10 12 1 10 12 10 12 1 10 12 1 10 12 1 10 12 1 10 12 1 10 12 1 10 12 1 10 12 1 10 12 1 1 10 12 1 10 12 1 1 10 12 1 10 12 1 1 10 12 1 10 12 1 1 10 12 1 10 12 1 10 12 1 10 10 10 12 1 100 1 100 1 100 1 100 1 1 1 1 5 0 1 1 1 1 1 1 1 1 1 1 1 1 1 1 1 1 1 1 1 1 1 1 1 1 1 1 1 1 1 1 1 1 1 1 1 1 1 1 1 1 1 1 1 1 100 1 1 1 100 1 1 1 1 1 1 1 1 1 1 1
ciInstanceKlass java/security/CodeSource 1 1 396 10 7 12 1 1 1 9 7 12 1 1 1 9 12 1 1 9 12 1 1 9 12 1 1 10 7 12 1 1 1 9 12 1 1 10 100 12 1 1 10 100 10 100 12 1 1 1 10 12 1 1 10 12 1 1 100 1 10 10 100 12 1 1 1 10 100 12 1 1 1 10 12 1 1 100 1 10 12 1 1 10 12 1 1 10 12 1 1 10 12 1 10 10 100 1 10 12 1 1 10 100 12 1 1 1 10 12 1 1 10 12 1 10 12 1 8 1 10 12 1 10 12 1 10 12 1 1 10 12 1 8 1 10 12 1 1 10 100 1 10 10 12 1 1 8 1 10 12 1 10 12 1 10 12 1 8 1 8 1 9 12 1 1 100 1 8 1 10 12 1 10 12 1 1 8 1 10 12 1 8 1 8 1 8 1 10 100 12 1 1 10 12 1 1 10 12 1 10 12 1 1 10 12 1 1 10 12 1 1 100 1 100 1 10 12 1 10 12 10 12 1 1 10 100 12 1 1 10 12 1 100 1 10 12 10 100 12 1 1 1 10 8 1 10 12 1 10 12 1 1 100 1 10 12 1 1 100 1 100 1 8 1 8 1 10 10 12 1 1 10 100 12 1 1 1 100 1 10 12 10 12 1 1 11 100 12 1 1 10 10 12 1 11 10 12 1 8 1 100 1 10 12 1 10 12 1 1 10 12 1 11 12 1 1 100 1 1 1 1 5 0 1 1 1 1 1 1 1 1 1 1 1 1 1 1 1 1 1 1 1 1 1 1 1 1 1 1 1 1 1 1 1 1 1 1 1 1 1 1 1 1 1 1 1 1 1 1 1 1 1 1 1 1 1 1 1 1 1 1 1 1 1 1 1 1 1 1 100 1 1 1 1 1 1 1
ciInstanceKlass java/security/ProtectionDomain 1 1 141 10 7 12 1 1 1 9 7 12 1 1 1 9 12 1 1 9 12 1 1 10 7 12 1 1 7 1 9 12 1 9 12 1 1 7 1 9 12 1 1 9 12 1 10 100 12 1 1 10 100 12 1 1 1 10 12 1 1 10 12 1 8 1 100 1 8 1 10 12 1 10 11 12 1 1 10 100 12 1 1 1 10 12 1 1 8 1 11 8 1 10 12 1 8 1 8 1 8 1 10 12 1 8 1 8 1 1 1 1 1 1 1 1 100 1 1 100 1 1 1 1 1 1 1 1 1 1 1 1 1 1 1 1 1 1 1 100 1 1 1
instanceKlass com/sun/javafx/reflect/MethodUtil
instanceKlass java/net/URLClassLoader
instanceKlass jdk/internal/loader/BuiltinClassLoader
ciInstanceKlass java/security/SecureClassLoader 1 1 99 10 7 12 1 1 1 7 1 10 12 1 9 7 12 1 1 1 10 12 1 10 12 1 10 12 1 1 10 12 1 1 10 12 1 7 1 10 7 1 10 12 1 7 1 10 12 1 11 7 12 1 1 1 7 1 11 12 1 10 12 1 1 1 1 1 1 1 1 1 1 1 1 1 1 1 1 1 1 1 1 1 1 1 1 1 1 1 1 1 1 1 1 1 1 1 1 1 1
ciInstanceKlass java/net/URL 1 1 736 10 7 12 1 1 1 10 12 1 10 7 12 1 1 9 12 1 1 9 12 1 10 12 1 1 9 12 1 1 10 7 12 1 1 1 8 1 10 12 1 1 7 1 10 10 12 1 1 8 1 10 12 1 1 9 12 1 7 1 8 1 10 12 1 10 12 1 8 1 9 12 1 10 12 1 1 9 12 1 10 12 1 10 12 1 9 12 1 9 12 1 8 1 9 12 1 10 12 1 1 8 1 9 12 1 1 10 12 1 1 10 7 12 1 1 1 8 1 10 12 1 7 1 10 12 1 10 12 1 10 12 1 10 12 1 1 10 12 1 1 8 1 10 12 1 1 10 12 1 8 1 9 12 1 8 1 10 12 1 10 7 12 1 1 1 100 1 10 12 1 10 12 1 1 10 7 12 1 1 1 100 1 8 1 10 10 12 1 8 1 10 12 1 1 10 12 1 10 12 1 10 12 1 10 12 1 10 12 1 10 12 1 8 1 10 12 1 8 1 10 10 100 1 10 10 12 1 8 1 10 7 12 1 1 1 10 12 1 9 12 1 1 10 12 1 10 100 12 1 1 1 100 1 10 12 1 10 12 1 10 12 1 10 12 1 10 12 1 10 12 10 10 12 1 8 1 100 1 10 100 12 1 1 1 10 12 1 1 10 12 1 10 12 1 1 8 1 9 100 12 1 1 1 10 100 12 1 1 1 10 12 1 10 12 1 10 7 12 1 1 1 10 12 1 1 10 12 1 9 12 1 1 9 12 1 1 100 1 8 1 10 9 12 1 1 10 7 12 1 1 8 1 10 7 12 1 1 8 1 10 12 1 1 10 12 1 8 1 8 1 10 7 12 1 1 1 100 1 10 7 12 1 1 1 10 12 1 10 12 1 9 7 12 1 1 1 10 7 12 1 1 10 12 1 1 10 12 1 8 1 7 1 10 7 12 1 1 1 10 12 1 1 11 7 12 1 1 11 12 1 10 12 1 10 12 1 8 9 7 12 1 1 1 10 12 1 1 10 12 1 10 12 1 1 10 7 12 1 1 11 7 1 10 12 1 10 12 1 9 12 1 10 12 1 1 10 100 12 1 1 10 100 12 1 1 1 8 10 100 12 1 1 100 1 10 8 8 10 12 1 8 8 8 100 1 10 12 1 9 12 1 1 10 12 1 10 12 1 1 10 12 1 10 12 10 12 1 1 10 12 1 1 10 10 10 12 1 10 12 1 10 12 1 10 12 1 10 12 1 10 10 12 1 100 1 8 1 10 10 10 12 1 1 10 12 1 10 12 1 1 8 1 7 1 10 10 7 1 10 12 1 9 7 12 1 1 1 9 12 1 1 7 1 10 10 7 12 1 1 1 100 1 1 1 1 1 5 0 1 1 1 1 1 1 1 1 1 1 1 1 1 1 1 1 1 1 1 1 1 1 1 1 1 1 1 1 1 1 1 1 1 1 1 1 1 1 1 1 1 1 1 1 1 1 100 1 1 1 1 1 1 1 1 1 1 1 1 1 1 1 1 1 1 1 1 1 1 1 1 1 1 1 1 1 1 1 1 1 1 1 1 100 1 1 1 1 1 1 1 1 1 1 1 1 1 1 1 1 1 1 1 1 1 1 1 100 1 1 1 1 1 1 1 1 1 1 1 1 1 1 1 1 1 1 1
staticfield java/net/URL defaultFactory Ljava/net/URLStreamHandlerFactory; java/net/URL$DefaultFactory
staticfield java/net/URL handlers Ljava/util/Hashtable; java/util/Hashtable
staticfield java/net/URL streamHandlerLock Ljava/lang/Object; java/lang/Object
staticfield java/net/URL serialPersistentFields [Ljava/io/ObjectStreamField; 7 [Ljava/io/ObjectStreamField;
ciInstanceKlass java/util/jar/Manifest 1 1 320 10 7 12 1 1 1 7 1 10 9 7 12 1 1 1 7 1 10 9 12 1 1 9 12 1 1 10 12 1 10 12 1 1 10 12 1 1 10 12 1 1 10 12 1 1 11 7 1 11 12 1 1 10 12 1 1 10 100 12 1 1 1 100 1 100 1 10 8 1 10 12 1 1 10 12 1 1 10 12 1 10 12 1 11 100 1 10 12 1 10 12 1 1 11 12 1 1 10 12 1 11 12 1 1 11 100 12 1 1 1 11 100 12 1 1 11 12 1 1 100 1 10 12 1 8 1 11 12 1 100 1 10 12 1 1 11 12 1 10 12 1 10 12 1 10 9 100 12 1 1 1 10 12 1 1 10 100 12 1 10 12 1 10 12 1 9 100 12 1 1 1 8 1 10 12 1 8 1 8 1 7 1 10 12 1 10 12 1 10 12 1 1 100 1 8 1 10 12 1 1 8 1 10 10 12 1 1 8 1 10 12 1 1 10 100 12 1 1 1 10 12 1 10 11 12 1 1 10 12 1 1 10 100 12 1 1 1 10 12 1 1 10 12 1 10 12 1 1 11 10 12 1 11 10 12 1 100 1 1 1 1 1 1 1 1 1 1 1 1 1 1 1 1 1 1 1 1 1 1 1 1 1 1 1 1 1 1 1 1 1 1 1 100 1 1 1 1 1 1 1 1 1 1 1 1 1 1 100 1 1 1 1 1 1 1 1 1 1 1
ciInstanceKlass java/io/ByteArrayInputStream 1 1 135 10 7 12 1 1 1 9 7 12 1 1 1 9 12 1 1 9 12 1 9 12 1 10 100 12 1 1 1 10 7 12 1 1 1 10 7 12 1 1 1 10 100 12 1 1 1 10 12 1 1 10 100 12 1 1 1 100 1 100 1 100 1 3 10 100 1 10 100 12 1 1 1 9 12 1 1 100 1 10 10 7 12 1 1 1 1 1 1 1 1 1 1 1 1 1 1 1 1 1 1 1 1 1 1 1 1 1 1 1 1 1 1 1 1 1 1 1 100 1 100 1 1 1 1 1 1 1 1 1 1 1 1 1 1
staticfield java/io/ByteArrayInputStream $assertionsDisabled Z 1
instanceKlass java/nio/DoubleBuffer
instanceKlass java/nio/ShortBuffer
instanceKlass java/nio/FloatBuffer
instanceKlass java/nio/IntBuffer
instanceKlass java/nio/CharBuffer
instanceKlass java/nio/LongBuffer
instanceKlass java/nio/ByteBuffer
ciInstanceKlass java/nio/Buffer 1 1 259 100 1 10 7 12 1 1 1 9 7 12 1 1 1 9 12 1 9 12 1 1 9 12 1 9 12 1 1 10 12 1 1 10 12 1 1 10 12 100 1 100 1 10 8 1 10 12 1 1 10 12 1 8 1 8 1 10 12 1 1 10 12 1 8 1 9 12 1 1 100 1 8 1 10 12 1 8 1 8 1 9 12 10 12 1 8 1 8 1 8 1 10 12 1 8 1 8 1 8 1 100 1 10 100 1 10 100 1 10 9 12 1 1 10 7 12 1 1 1 100 1 10 12 1 1 10 12 1 10 100 12 1 1 10 7 12 1 1 1 10 7 12 1 1 1 9 12 1 1 10 7 12 1 1 1 9 12 1 1 7 1 10 10 12 1 1 7 1 10 10 7 12 1 1 1 1 1 3 1 1 1 1 1 1 1 1 1 1 1 1 1 1 100 1 1 1 1 1 1 1 100 1 1 1 1 1 1 1 1 1 1 1 1 1 1 1 1 1 1 1 1 1 1 1 1 1 1 1 1 1 1 1 1 1 1 1 1 1 1 1 1 1 1 100 1 100 1 100 1 100 1 100 1 100 1 100 1 1
staticfield java/nio/Buffer UNSAFE Ljdk/internal/misc/Unsafe; jdk/internal/misc/Unsafe
staticfield java/nio/Buffer SCOPED_MEMORY_ACCESS Ljdk/internal/misc/ScopedMemoryAccess; jdk/internal/misc/ScopedMemoryAccess
staticfield java/nio/Buffer IOOBE_FORMATTER Ljava/util/function/BiFunction; jdk/internal/util/Preconditions$4
staticfield java/nio/Buffer $assertionsDisabled Z 1
ciInstanceKlass jdk/internal/util/Preconditions 1 1 194 10 100 12 1 1 1 11 100 12 1 1 1 11 100 12 1 1 1 100 1 100 1 10 7 12 1 1 1 10 12 1 8 1 100 1 10 100 12 1 1 1 10 12 1 1 8 1 8 1 10 100 12 1 1 7 1 10 12 1 8 1 10 100 12 1 1 1 8 1 10 12 1 1 10 12 1 1 11 12 1 8 1 8 1 11 12 1 1 8 1 8 1 8 1 10 12 1 1 10 12 1 1 10 12 1 10 12 1 10 12 1 10 12 7 1 10 10 12 1 1 9 12 1 1 7 1 10 9 12 1 7 1 10 9 12 1 1 1 1 1 1 1 1 1 1 1 1 1 1 1 1 1 1 1 1 1 1 1 1 1 1 1 1 1 1 1 1 1 1 1 1 1 1 1 1 1 1 1 1 1 1 1 1 1 1 1 1 1 1 1 1 1 1
staticfield jdk/internal/util/Preconditions SIOOBE_FORMATTER Ljava/util/function/BiFunction; jdk/internal/util/Preconditions$4
staticfield jdk/internal/util/Preconditions AIOOBE_FORMATTER Ljava/util/function/BiFunction; jdk/internal/util/Preconditions$4
staticfield jdk/internal/util/Preconditions IOOBE_FORMATTER Ljava/util/function/BiFunction; jdk/internal/util/Preconditions$4
ciInstanceKlass java/util/function/BiFunction 1 1 65 10 100 12 1 1 1 18 12 1 1 11 100 12 1 1 11 100 12 1 100 1 1 1 1 1 1 1 1 1 1 1 1 1 1 1 1 1 1 1 1 1 1 1 1 1 1 1 16 15 11 12 15 10 100 12 1 1 1 1 100 1 100 1 1
ciMethod jdk/internal/util/Preconditions checkIndex (IILjava/util/function/BiFunction;)I 952 0 5599 0 -1
ciInstanceKlass java/lang/AssertionStatusDirectives 0 0 24 10 100 12 1 1 1 100 1 1 1 1 1 1 1 1 1 1 1 1 1 1 1 1
instanceKlass jdk/internal/misc/ThreadTracker$ThreadRef
instanceKlass java/nio/DirectByteBuffer$Deallocator
instanceKlass jdk/internal/classfile/impl/StackCounter$Target
instanceKlass jdk/internal/classfile/impl/StackMapDecoder$StackMapFrameImpl
instanceKlass jdk/internal/classfile/impl/StackMapDecoder$ObjectVerificationTypeInfoImpl
instanceKlass java/lang/reflect/Proxy$ProxyBuilder$ProxyClassContext
instanceKlass java/lang/ClassValue$Version
instanceKlass sun/util/locale/LanguageTag
instanceKlass java/util/Formatter$FixedString
instanceKlass java/lang/invoke/StringConcatFactory$InlineHiddenClassStrategy$MethodHandlePair
instanceKlass java/security/SecureClassLoader$CodeSourceKey
instanceKlass jdk/internal/module/ModuleReferenceImpl$CachedHash
instanceKlass java/util/stream/Collectors$CollectorImpl
instanceKlass java/util/zip/ZipFile$EntryPos
instanceKlass java/lang/invoke/MethodHandles$Lookup$ClassDefiner
instanceKlass jdk/internal/classfile/impl/ClassHierarchyImpl$ClassHierarchyInfoImpl
instanceKlass java/lang/classfile/ClassHierarchyResolver$1Factory
instanceKlass jdk/internal/classfile/impl/RawBytecodeHelper$CodeRange
instanceKlass jdk/internal/classfile/impl/StackMapGenerator$Type
instanceKlass jdk/internal/classfile/impl/Util$1WithCodeMethodHandler
instanceKlass jdk/internal/classfile/impl/DirectCodeBuilder$DeferredLabel
instanceKlass java/lang/invoke/InvokerBytecodeGenerator$ClassData
instanceKlass jdk/internal/classfile/impl/AnnotationImpl
instanceKlass sun/nio/fs/WindowsPathParser$Result
instanceKlass jdk/internal/reflect/ReflectionFactory$Config
instanceKlass jdk/internal/foreign/abi/UpcallLinker$CallRegs
instanceKlass jdk/internal/foreign/abi/VMStorage
ciInstanceKlass java/lang/Record 1 1 22 10 7 12 1 1 1 100 1 1 1 1 1 1 1 1 1 1 1 1 1 1
ciInstanceKlass java/util/concurrent/ConcurrentHashMap 1 1 1219 100 1 7 1 10 7 12 1 1 1 10 12 1 1 9 12 1 1 3 10 7 12 1 1 1 3 100 1 10 7 12 1 1 1 100 1 10 100 12 1 1 1 100 1 11 12 1 1 11 12 1 11 12 1 1 9 12 1 1 9 12 1 9 12 1 1 10 7 12 1 1 1 7 1 10 12 1 1 10 12 1 1 10 7 12 1 1 1 4 10 12 1 11 7 12 1 1 10 12 1 10 12 1 1 100 1 10 5 0 10 12 1 9 12 1 10 12 1 1 5 0 10 12 1 10 12 1 9 12 1 1 10 12 1 1 9 12 1 9 12 1 1 10 12 1 1 9 12 1 10 12 1 1 9 12 1 1 10 12 1 1 100 1 10 100 1 10 12 1 10 12 1 1 10 12 1 1 10 12 1 1 10 12 1 10 12 1 1 10 12 1 1 100 1 10 12 1 1 7 1 100 1 8 1 10 12 1 10 12 1 1 10 12 1 1 10 10 12 1 11 12 1 1 11 7 12 1 1 1 11 7 12 1 1 1 11 12 1 7 1 11 12 1 11 12 1 10 12 1 1 10 12 1 1 9 12 1 1 10 100 12 1 1 1 9 10 12 1 1 9 12 1 10 12 1 1 5 0 9 12 1 1 7 1 10 12 1 9 12 1 1 7 1 10 12 1 9 12 1 7 1 10 100 1 10 10 12 1 1 8 1 10 12 1 10 12 1 1 11 100 1 10 12 1 10 100 12 1 1 1 8 1 10 100 12 1 1 1 8 1 10 12 1 8 1 10 12 1 10 12 1 1 10 100 12 1 1 10 12 1 10 12 1 10 12 1 9 12 1 9 10 12 1 9 12 1 11 100 12 1 1 1 11 7 12 1 1 1 100 1 10 12 11 100 12 1 1 10 11 7 12 1 10 12 1 100 1 10 12 1 100 1 10 10 9 7 12 1 1 1 3 10 100 12 1 1 9 12 1 10 12 1 1 9 12 1 1 9 12 1 10 12 1 1 10 100 12 1 1 9 12 1 9 7 12 1 1 10 12 1 1 10 12 1 3 9 12 1 9 12 1 10 12 1 1 7 1 9 3 100 1 10 12 1 9 12 1 10 12 1 9 12 1 10 12 1 9 12 1 10 100 12 1 1 1 100 10 12 1 100 1 5 0 10 100 12 1 1 100 1 10 12 1 1 10 12 1 10 12 1 100 1 10 12 1 10 100 1 100 1 10 10 12 1 10 100 1 10 12 1 10 100 1 10 12 1 10 100 1 10 12 1 1 100 1 10 12 1 10 10 12 1 100 1 10 12 1 10 10 12 1 100 1 10 12 1 10 100 1 10 12 1 10 100 1 10 12 1 10 100 1 10 12 1 10 100 1 10 12 1 10 100 1 10 12 1 10 100 1 10 12 1 10 100 1 10 12 1 10 100 1 10 10 100 1 10 10 100 1 10 10 100 1 10 12 1 10 100 1 10 12 1 10 100 1 10 12 1 10 100 1 10 12 1 10 100 1 10 12 1 10 100 1 10 10 100 1 10 10 100 1 10 10 100 1 10 12 1 10 100 1 10 12 1 10 100 1 10 12 1 10 100 1 10 12 1 10 100 1 10 12 1 10 10 12 1 10 12 1 7 1 7 1 10 12 1 9 12 1 1 9 12 1 1 10 12 1 1 8 10 12 1 1 8 8 8 8 7 10 12 1 1 10 12 1 1 100 1 8 1 10 7 1 100 1 100 1 1 1 5 0 1 1 3 1 3 1 1 1 1 3 1 3 1 3 1 1 1 1 1 3 1 3 1 3 1 1 1 1 1 1 1 1 1 1 1 1 1 1 1 1 1 1 1 1 1 1 1 1 1 1 1 100 1 1 1 1 1 1 1 1 1 1 1 1 1 1 1 1 1 1 1 1 1 1 1 1 1 1 1 1 1 1 1 1 1 1 1 1 1 1 1 1 1 1 1 1 1 1 1 1 1 1 1 1 1 1 1 1 1 1 1 1 1 1 1 1 1 1 1 1 1 1 1 1 1 1 1 1 1 1 1 1 1 1 1 1 100 1 1 1 1 1 1 1 1 1 1 1 100 1 1 1 1 1 1 1 1 1 1 1 1 1 1 1 1 1 1 1 1 1 1 1 1 1 1 1 1 1 1 1 1 1 1 1 1 1 1 1 1 1 1 1 1 1 1 1 1 1 1 1 1 1 1 1 1 1 1 1 1 1 1 1 1 1 1 1 1 1 1 1 1 1 1 1 1 1 1 1 1 1 1 1 1 1 1 1 1 1 1 1 1 1 1 1 1 1 1 1 1 1 1 1 1 1 1 1 1 1 1 1 1 1 1 1 1 1 1 1 1 1 1 1 1 1 1 1 1 1 1 1 1 1 1 1 1 1 1 1 1 1 1 1 1 1 1 1 1 1 1 1 1 1 1 1 1 1 1 1 1 1 1 1 1 1 1 1 1 1 1 1 1 1 1 1 1 1 1 1 1 1 1 1 1 1 1 1 1 1 1 1 1 1 1 1 1 1 1 1 1 1 1 1 1 1 1 1 1 1 1 1 1 1 1 1 1 1 1 1 1 1 1 1 100 1 100 1 100 1 100 1 100 1 100 1 100 1 100 1 100 1 1 1 1 1 1 1 1 1 1 1 1 1 1 1 1 1 1 1 1 1 1 1 1 1 1 1 1 1 1 1 1 1 1 1 1 1 1 1 1 1 1 1 1 1 1 1 1 1 1 1 1 1 1 1 1 1 1
staticfield java/util/concurrent/ConcurrentHashMap serialPersistentFields [Ljava/io/ObjectStreamField; 3 [Ljava/io/ObjectStreamField;
staticfield java/util/concurrent/ConcurrentHashMap U Ljdk/internal/misc/Unsafe; jdk/internal/misc/Unsafe
staticfield java/util/concurrent/ConcurrentHashMap SIZECTL J 44
staticfield java/util/concurrent/ConcurrentHashMap TRANSFERINDEX J 56
staticfield java/util/concurrent/ConcurrentHashMap BASECOUNT J 48
staticfield java/util/concurrent/ConcurrentHashMap CELLSBUSY J 60
staticfield java/util/concurrent/ConcurrentHashMap CELLVALUE J 144
staticfield java/util/concurrent/ConcurrentHashMap ABASE J 16
staticfield java/util/concurrent/ConcurrentHashMap ASHIFT I 2
instanceKlass com/sun/javafx/fxml/builder/JavaFXImageBuilder
instanceKlass com/sun/javafx/fxml/builder/ProxyBuilder
instanceKlass com/sun/javafx/fxml/builder/JavaFXFontBuilder
instanceKlass com/sun/javafx/fxml/BeanAdapter
instanceKlass java/util/Collections$SingletonMap
instanceKlass javafx/collections/FXCollections$EmptyObservableMap
instanceKlass java/util/TreeMap
instanceKlass java/util/concurrent/ConcurrentSkipListMap
instanceKlass java/util/IdentityHashMap
instanceKlass java/util/EnumMap
instanceKlass java/util/WeakHashMap
instanceKlass java/util/Collections$EmptyMap
instanceKlass sun/util/PreHashedMap
instanceKlass java/util/HashMap
instanceKlass java/util/ImmutableCollections$AbstractImmutableMap
instanceKlass java/util/concurrent/ConcurrentHashMap
ciInstanceKlass java/util/AbstractMap 1 1 198 10 7 12 1 1 1 10 7 12 1 1 1 11 7 12 1 1 1 10 11 12 1 1 11 7 12 1 1 1 11 12 1 1 7 1 11 12 1 10 12 1 1 11 12 1 100 1 10 11 12 1 11 7 1 10 12 1 1 11 12 1 9 12 1 1 100 1 10 12 1 9 12 1 1 100 1 10 11 11 12 1 1 11 12 1 100 1 100 1 11 12 1 8 1 100 1 10 10 12 1 1 8 1 10 12 1 10 12 1 1 10 12 1 1 1 1 1 1 1 1 1 1 1 1 1 1 1 1 1 1 1 1 1 1 1 1 1 1 1 1 1 1 1 1 1 1 1 1 1 1 1 1 100 1 1 1 1 1 1 1 100 1 1 1 1 1 1 1 1 1 100 1 1 1 1 1 1 1 1 1 100 1 100 1 100 1 100 1 100 1 1 1 1 1 1 1 1
ciInstanceKlass java/util/concurrent/ConcurrentMap 1 1 201 11 100 12 1 1 1 10 100 12 1 1 11 12 1 1 11 100 12 1 1 1 11 100 12 1 1 1 11 12 1 1 100 1 11 12 1 11 12 1 100 1 11 100 12 1 1 1 18 12 1 11 12 1 1 11 100 12 1 1 11 12 1 1 11 100 12 1 11 12 1 1 11 12 1 1 100 1 100 1 1 1 1 1 1 1 1 1 1 1 1 1 1 1 1 1 1 1 1 1 1 1 1 1 1 1 1 1 1 1 1 1 1 1 1 1 1 1 1 1 1 1 1 1 1 1 1 1 1 1 1 1 1 1 1 1 1 1 1 16 15 11 12 15 10 100 12 1 1 1 1 1 100 1 100 1 1 1 100 1 8 1 1 12 10 1 8 1 1 1 8 1 8 1 1 8 1 1 1 8 1 1 1 8 1 1 8 1 8 1 1 1 8 1 1 8 1 1 1 8 1
ciInstanceKlass java/util/Collection 1 1 115 11 100 12 1 1 1 100 1 11 7 12 1 1 1 10 100 12 1 1 1 11 12 1 1 11 100 12 1 1 1 11 12 1 1 11 100 12 1 1 1 11 12 1 1 10 100 12 1 1 1 11 12 1 10 7 12 1 1 1 100 1 100 1 1 1 1 1 1 1 1 1 1 1 1 1 1 1 1 1 1 1 1 1 1 1 1 1 1 1 1 1 1 1 1 1 1 1 1 1 1 1 1 1 1 1 1 1 1 1 1 1 1 1 1
instanceKlass jdk/internal/loader/ClassLoaders$BootClassLoader
instanceKlass jdk/internal/loader/ClassLoaders$PlatformClassLoader
instanceKlass jdk/internal/loader/ClassLoaders$AppClassLoader
ciInstanceKlass jdk/internal/loader/BuiltinClassLoader 1 1 652 9 7 12 1 1 1 10 7 12 1 1 1 10 7 12 1 1 1 9 12 1 1 9 12 1 1 7 1 10 12 1 9 12 1 10 12 1 9 12 1 10 7 12 1 1 1 10 7 12 1 1 1 10 7 12 1 1 1 11 7 12 1 1 1 100 1 100 1 10 10 12 1 1 8 1 10 12 1 10 12 7 1 10 12 1 10 12 1 1 11 7 12 1 1 1 11 7 12 1 1 1 11 12 1 1 7 1 8 1 8 1 10 9 12 1 1 10 7 12 1 1 11 12 1 1 10 12 1 1 10 12 1 1 10 12 1 1 11 7 12 1 1 1 10 7 12 1 1 7 1 10 7 12 1 1 1 10 7 12 1 1 1 10 12 1 10 12 1 100 1 8 1 10 12 1 1 10 8 1 10 12 1 1 10 12 1 1 10 12 1 1 11 7 12 1 1 11 12 1 7 1 10 11 12 1 1 11 10 12 1 1 7 1 10 12 1 10 7 12 1 10 12 1 11 12 1 1 11 7 1 11 12 1 7 1 10 12 1 1 100 1 100 1 11 12 1 1 10 12 1 10 12 10 12 1 10 7 12 1 1 1 7 1 10 10 12 1 1 10 12 1 1 10 12 1 1 10 12 1 9 12 1 1 100 1 10 10 12 1 1 10 12 1 1 10 12 1 10 12 10 12 1 1 10 12 1 1 10 12 1 1 10 12 1 10 12 1 1 10 12 1 1 10 12 1 10 12 1 1 10 12 1 7 1 10 12 10 7 12 1 1 1 10 12 1 11 12 1 7 1 10 12 1 7 1 100 1 10 12 1 10 12 1 11 12 1 1 10 12 1 1 10 12 1 1 10 12 1 1 10 12 1 1 10 12 1 10 12 1 10 12 1 10 12 1 8 1 10 12 1 1 10 7 12 1 1 10 12 1 100 1 8 1 8 1 10 10 12 1 8 1 8 1 10 7 12 1 1 1 11 7 12 1 1 1 9 7 12 1 1 1 10 7 12 1 1 1 9 12 1 9 12 1 9 12 1 9 12 1 9 12 1 9 12 1 10 7 12 1 1 1 8 1 10 12 1 7 1 10 11 12 1 1 10 12 10 12 1 10 12 1 100 1 10 12 1 10 12 1 11 11 12 1 10 7 12 1 1 10 7 12 1 1 8 1 10 7 12 1 1 10 12 1 1 1 1 1 1 1 1 1 1 1 1 1 1 1 1 1 1 1 1 1 1 1 1 1 1 1 1 1 1 1 1 1 1 1 1 1 1 1 1 1 1 1 1 1 1 1 1 1 1 1 1 1 1 1 100 1 1 1 1 1 1 1 1 1 1 1 1 1 100 1 100 1 1 1 1 1 1 1 1 1 1 1 1 1 1 1 1 1 1 1 1 1 1 1 1 1 1 1 1 1 1 1 1 1 1 1 1 1 1 1 1 1 1 1 1 1 1 1 100 1 1 1 100 1 1 1 1 1
staticfield jdk/internal/loader/BuiltinClassLoader packageToModule Ljava/util/Map; java/util/concurrent/ConcurrentHashMap
staticfield jdk/internal/loader/BuiltinClassLoader $assertionsDisabled Z 1
ciInstanceKlass jdk/internal/loader/ClassLoaders$AppClassLoader 1 1 57 8 1 10 7 12 1 1 1 10 7 12 1 1 1 10 12 1 1 10 7 12 1 1 1 100 1 10 12 1 1 1 1 1 1 1 1 1 1 1 1 1 1 1 1 1 1 1 1 1 1 1 1 100 1 1 1
ciInstanceKlass jdk/internal/loader/ClassLoaders$PlatformClassLoader 1 1 42 8 1 10 7 12 1 1 1 10 7 12 1 1 1 100 1 10 12 1 100 1 1 1 1 1 1 1 1 1 1 1 1 1 1 100 1 1 1 100 1 1
ciInstanceKlass java/lang/ArithmeticException 1 1 26 10 100 12 1 1 1 10 12 1 100 1 1 1 1 5 0 1 1 1 1 1 1 1 1 1
instanceKlass sun/security/pkcs11/wrapper/PKCS11Exception
instanceKlass javax/security/auth/callback/UnsupportedCallbackException
instanceKlass java/sql/SQLException
instanceKlass javafx/css/CssParser$ParseException
instanceKlass javafx/scene/transform/NonInvertibleTransformException
instanceKlass java/lang/CloneNotSupportedException
instanceKlass java/security/PrivilegedActionException
instanceKlass java/net/URISyntaxException
instanceKlass sun/nio/fs/WindowsException
instanceKlass javax/xml/stream/XMLStreamException
instanceKlass com/sun/javafx/geom/transform/NoninvertibleTransformException
instanceKlass java/util/concurrent/ExecutionException
instanceKlass java/security/GeneralSecurityException
instanceKlass java/io/IOException
instanceKlass java/lang/InterruptedException
instanceKlass java/lang/ReflectiveOperationException
instanceKlass java/lang/RuntimeException
ciInstanceKlass java/lang/Exception 1 1 40 10 7 12 1 1 1 10 12 1 10 12 1 10 12 1 10 12 1 100 1 1 1 1 5 0 1 1 1 1 1 1 1 1 1 1 1 1 1 1
instanceKlass java/security/ProviderException
instanceKlass java/util/ConcurrentModificationException
instanceKlass com/sun/javafx/geom/IllegalPathStateException
instanceKlass java/lang/reflect/UndeclaredThrowableException
instanceKlass com/sun/javafx/fxml/PropertyNotFoundException
instanceKlass java/util/NoSuchElementException
instanceKlass com/sun/javafx/geom/transform/SingularMatrixException
instanceKlass java/lang/UnsupportedOperationException
instanceKlass java/lang/SecurityException
instanceKlass java/lang/IllegalStateException
instanceKlass java/lang/IllegalArgumentException
instanceKlass java/lang/IndexOutOfBoundsException
instanceKlass java/lang/ArithmeticException
instanceKlass java/lang/NullPointerException
instanceKlass java/lang/IllegalCallerException
instanceKlass java/lang/IllegalMonitorStateException
instanceKlass java/lang/ArrayStoreException
instanceKlass java/lang/ClassCastException
ciInstanceKlass java/lang/RuntimeException 1 1 40 10 7 12 1 1 1 10 12 1 10 12 1 10 12 1 10 12 1 100 1 1 1 1 5 0 1 1 1 1 1 1 1 1 1 1 1 1 1 1
ciInstanceKlass java/lang/ArrayIndexOutOfBoundsException 1 1 45 10 100 12 1 1 1 10 12 1 100 1 10 8 1 10 12 1 1 10 12 1 10 12 1 1 100 1 1 1 1 5 0 1 1 1 1 1 1 1 1 1 1 1 1
instanceKlass java/lang/ArrayIndexOutOfBoundsException
ciInstanceKlass java/lang/IndexOutOfBoundsException 1 1 49 10 100 12 1 1 1 10 12 1 100 1 10 8 1 10 12 1 1 10 12 1 10 12 1 1 10 12 1 100 1 1 1 1 5 0 1 1 1 1 1 1 1 1 1 1 1 1 1
ciInstanceKlass java/lang/ArrayStoreException 1 1 26 10 100 12 1 1 1 10 12 1 100 1 1 1 1 5 0 1 1 1 1 1 1 1 1 1
ciInstanceKlass java/lang/ClassCastException 1 1 26 10 100 12 1 1 1 10 12 1 100 1 1 1 1 5 0 1 1 1 1 1 1 1 1 1
ciInstanceKlass java/lang/ClassNotFoundException 1 1 96 7 1 10 7 12 1 1 1 10 12 1 10 12 1 1 10 100 12 1 1 1 8 1 10 100 12 1 1 1 10 7 12 1 1 10 100 12 1 1 1 10 100 12 1 1 1 10 12 1 1 7 1 10 12 1 9 12 1 1 1 1 1 5 0 1 1 1 1 1 1 1 1 1 1 1 1 1 1 1 1 1 1 100 1 1 1 1 1 1 1 1 1 1 1 1
staticfield java/lang/ClassNotFoundException serialPersistentFields [Ljava/io/ObjectStreamField; 1 [Ljava/io/ObjectStreamField;
instanceKlass java/lang/InstantiationException
instanceKlass java/lang/IllegalAccessException
instanceKlass java/lang/reflect/InvocationTargetException
instanceKlass java/lang/NoSuchFieldException
instanceKlass java/lang/NoSuchMethodException
instanceKlass java/lang/ClassNotFoundException
ciInstanceKlass java/lang/ReflectiveOperationException 1 1 34 10 7 12 1 1 1 10 12 1 10 12 1 10 12 1 100 1 1 1 1 5 0 1 1 1 1 1 1 1 1 1 1 1
instanceKlass java/security/InvalidParameterException
instanceKlass java/lang/NumberFormatException
ciInstanceKlass java/lang/IllegalArgumentException 1 1 35 10 7 12 1 1 1 10 12 1 10 12 1 10 12 1 100 1 1 1 1 5 0 1 1 1 1 1 1 1 1 1 1 1 1
ciInstanceKlass java/lang/IllegalCallerException 0 0 35 10 100 12 1 1 1 10 12 1 10 12 1 10 12 1 100 1 1 1 1 5 0 1 1 1 1 1 1 1 1 1 1 1 1
ciInstanceKlass java/lang/IllegalMonitorStateException 1 1 26 10 100 12 1 1 1 10 12 1 100 1 1 1 1 5 0 1 1 1 1 1 1 1 1 1
ciInstanceKlass java/lang/BootstrapMethodError 0 0 45 10 100 12 1 1 1 10 12 1 10 12 1 10 100 12 1 1 1 10 100 12 1 1 1 1 1 1 5 0 1 1 1 1 1 1 1 1 1 1 1 100 1 1 1
instanceKlass java/lang/AssertionError
instanceKlass java/lang/VirtualMachineError
instanceKlass java/lang/LinkageError
ciInstanceKlass java/lang/Error 1 1 58 10 7 12 1 1 1 9 12 1 1 10 100 12 1 1 1 10 100 12 1 1 1 10 12 1 10 12 1 10 12 1 10 12 1 100 1 1 1 1 5 0 1 1 1 1 1 1 1 1 100 1 1 1 1 1 1 1
instanceKlass java/lang/ExceptionInInitializerError
instanceKlass java/lang/UnsatisfiedLinkError
instanceKlass java/lang/IncompatibleClassChangeError
instanceKlass java/lang/BootstrapMethodError
instanceKlass java/lang/NoClassDefFoundError
ciInstanceKlass java/lang/LinkageError 1 1 31 10 7 12 1 1 1 10 12 1 10 12 1 100 1 1 1 1 5 0 1 1 1 1 1 1 1 1 1 1 1
ciInstanceKlass java/lang/NullPointerException 1 1 52 10 7 12 1 1 1 10 12 1 9 7 12 1 1 1 10 12 1 1 9 12 1 1 10 12 1 1 10 12 1 1 1 1 5 0 1 1 1 1 1 1 1 1 100 1 100 1 100 1 1 1
ciInstanceKlass java/lang/InternalError 1 1 34 10 7 12 1 1 1 10 12 1 10 12 1 10 12 1 100 1 1 1 1 5 0 1 1 1 1 1 1 1 1 1 1 1
instanceKlass java/lang/StackOverflowError
instanceKlass java/lang/OutOfMemoryError
instanceKlass java/lang/InternalError
ciInstanceKlass java/lang/VirtualMachineError 1 1 34 10 7 12 1 1 1 10 12 1 10 12 1 10 12 1 100 1 1 1 1 5 0 1 1 1 1 1 1 1 1 1 1 1
ciInstanceKlass java/lang/NoClassDefFoundError 0 0 26 10 100 12 1 1 1 10 12 1 100 1 1 1 1 5 0 1 1 1 1 1 1 1 1 1
ciInstanceKlass java/lang/OutOfMemoryError 1 1 26 10 100 12 1 1 1 10 12 1 100 1 1 1 1 5 0 1 1 1 1 1 1 1 1 1
ciInstanceKlass java/lang/StackOverflowError 1 1 26 10 100 12 1 1 1 10 12 1 100 1 1 1 1 5 0 1 1 1 1 1 1 1 1 1
ciInstanceKlass java/lang/StackTraceElement 1 1 235 10 7 12 1 1 1 10 7 12 1 1 9 12 1 1 9 12 1 1 9 12 1 9 12 1 8 1 10 100 12 1 1 1 100 1 9 12 1 8 1 9 12 1 9 12 1 9 12 1 1 10 12 1 1 10 12 1 8 1 10 100 12 1 1 1 100 1 10 12 1 10 12 1 1 10 12 1 10 12 1 1 10 12 1 10 12 1 10 10 12 1 8 1 10 12 1 10 12 1 1 10 12 1 1 10 12 1 10 12 1 10 12 1 9 12 1 1 10 7 12 1 1 1 10 12 1 1 7 1 10 12 1 1 10 7 12 1 1 10 7 12 1 1 1 10 7 12 1 1 10 7 12 1 1 10 10 12 1 1 10 12 1 1 10 12 1 1 10 12 1 100 1 1 1 1 1 1 1 3 1 3 1 1 5 0 1 1 1 1 1 1 1 1 1 1 1 1 1 1 1 1 1 1 1 1 1 1 1 1 1 1 1 1 1 100 1 100 1 1 1 1 1 1 1 100 1 1 1 1 1 1 1 1 1
instanceKlass java/util/concurrent/locks/AbstractQueuedLongSynchronizer
instanceKlass java/util/concurrent/locks/AbstractQueuedSynchronizer
ciInstanceKlass java/util/concurrent/locks/AbstractOwnableSynchronizer 1 1 32 10 7 12 1 1 1 9 7 12 1 1 1 100 1 1 1 1 5 0 1 1 1 1 1 1 1 1 1 1 1 1
ciInstanceKlass jdk/internal/vm/Continuation 1 1 551 9 7 12 1 1 1 9 12 1 9 12 1 9 12 1 100 1 100 1 10 12 1 1 8 1 10 12 1 1 10 12 1 10 12 1 1 10 12 1 9 7 12 1 1 1 11 100 12 1 1 1 10 100 1 9 12 1 1 9 12 1 1 10 8 1 10 12 1 9 12 1 1 10 11 12 1 1 100 1 10 100 12 1 1 1 10 12 1 1 10 12 1 10 12 1 1 11 12 1 1 9 12 1 1 10 12 1 1 18 12 1 1 10 100 12 1 1 1 100 1 10 12 1 11 100 12 1 1 1 10 12 1 9 12 1 10 12 1 1 100 1 8 1 10 12 1 10 12 1 1 9 12 1 1 11 12 1 1 9 12 1 1 8 1 10 11 12 1 1 11 12 1 1 10 12 1 1 10 12 1 1 9 12 1 10 12 1 10 10 12 1 8 1 10 12 1 8 1 8 1 10 7 12 1 1 1 10 100 12 1 1 1 10 12 1 9 12 1 11 12 1 100 1 10 12 1 10 12 1 1 9 12 1 1 100 1 10 12 1 1 9 12 1 1 10 12 1 10 12 1 11 100 12 1 1 10 7 1 10 12 1 8 1 10 12 1 1 9 12 1 1 10 7 12 1 1 8 1 8 1 8 1 8 1 10 12 1 1 10 12 1 10 12 1 10 12 1 10 12 1 1 10 12 1 1 8 1 9 12 1 10 12 1 1 9 12 1 1 10 12 1 1 9 12 1 8 1 10 100 12 1 1 1 10 12 1 8 1 100 1 8 1 10 9 12 1 1 8 1 10 100 12 1 1 10 100 12 1 1 8 1 8 1 10 12 10 12 1 1 10 100 1 10 100 12 1 1 1 18 11 100 12 1 1 1 18 12 1 11 12 1 1 100 1 10 7 12 1 1 10 12 1 1 8 10 12 1 1 10 7 12 1 1 1 10 7 12 1 1 10 12 1 8 1 10 12 1 100 1 100 1 10 12 1 1 1 1 1 1 1 1 1 1 1 1 1 1 1 1 1 1 1 1 1 1 1 1 1 1 1 1 1 1 1 1 1 1 1 1 1 1 1 1 1 1 1 1 1 1 1 1 1 1 1 1 1 1 1 1 1 1 1 1 1 1 1 1 1 1 1 1 1 1 1 1 1 1 1 1 100 1 1 16 1 15 10 12 16 15 11 100 12 1 1 1 16 1 16 1 15 10 12 16 15 10 100 12 1 1 1 1 1 1 1 1 100 1 100 1 1
staticfield jdk/internal/vm/Continuation U Ljdk/internal/misc/Unsafe; jdk/internal/misc/Unsafe
staticfield jdk/internal/vm/Continuation MOUNTED_OFFSET J 13
staticfield jdk/internal/vm/Continuation PRESERVE_SCOPED_VALUE_CACHE Z 1
staticfield jdk/internal/vm/Continuation JLA Ljdk/internal/access/JavaLangAccess; java/lang/System$1
staticfield jdk/internal/vm/Continuation $assertionsDisabled Z 1
ciInstanceKlass jdk/internal/misc/UnsafeConstants 1 1 34 10 100 12 1 1 1 9 7 12 1 1 1 9 12 1 9 12 1 1 9 12 1 9 12 1 1 1 1 1 1 1 1 1
staticfield jdk/internal/misc/UnsafeConstants ADDRESS_SIZE0 I 8
staticfield jdk/internal/misc/UnsafeConstants PAGE_SIZE I 4096
staticfield jdk/internal/misc/UnsafeConstants BIG_ENDIAN Z 0
staticfield jdk/internal/misc/UnsafeConstants UNALIGNED_ACCESS Z 1
staticfield jdk/internal/misc/UnsafeConstants DATA_CACHE_LINE_FLUSH_SIZE I 0
ciInstanceKlass java/lang/invoke/MethodHandleImpl 1 1 1424 10 7 12 1 1 1 7 1 10 7 12 1 1 1 10 7 12 1 1 1 100 1 10 8 1 10 12 1 1 10 12 1 10 12 1 1 10 7 12 1 1 1 9 100 12 1 1 1 10 100 12 1 1 1 100 1 10 12 1 1 10 12 1 1 10 12 1 1 10 7 12 1 1 1 9 7 12 1 1 1 10 7 12 1 1 1 100 1 10 9 12 1 1 9 12 1 10 12 1 1 10 12 1 10 12 1 1 10 12 1 1 10 12 1 1 8 1 8 1 10 12 1 1 10 12 1 1 10 12 1 1 10 12 1 1 10 12 1 10 12 1 1 10 7 12 1 1 1 10 12 1 7 1 10 7 12 1 1 1 10 12 1 1 10 12 1 1 11 7 12 1 1 1 11 7 12 1 1 11 12 1 1 7 1 11 12 1 10 12 1 1 10 12 1 1 11 12 1 10 7 12 1 1 10 12 1 1 10 7 12 1 1 10 12 1 10 12 1 1 10 7 12 1 1 1 10 7 12 1 1 1 10 12 1 1 10 12 1 1 9 7 12 1 1 1 10 10 12 1 1 10 12 1 1 10 10 12 1 1 10 12 1 1 10 7 12 1 1 1 10 12 1 1 10 12 1 10 12 1 10 7 12 1 1 1 10 7 12 1 1 1 10 12 1 1 10 12 1 10 12 1 10 12 1 10 12 1 1 10 12 1 10 12 1 1 10 12 1 10 12 1 8 1 100 1 10 12 1 10 12 1 1 10 12 1 10 12 1 1 10 12 1 1 7 1 10 12 1 100 1 8 1 10 12 1 10 100 12 1 1 1 8 1 10 12 1 10 100 12 1 1 1 100 1 9 100 1 10 12 1 1 10 12 1 1 9 12 1 10 12 1 1 10 100 12 1 1 10 12 1 1 10 12 1 1 10 12 1 10 12 1 7 1 10 12 1 1 9 12 1 1 10 12 1 9 100 12 1 1 1 11 100 12 1 1 7 1 9 12 1 100 1 10 12 1 10 12 1 1 100 1 10 12 1 1 10 12 1 1 10 100 12 1 1 1 10 12 1 1 10 12 1 10 12 1 1 10 12 1 10 12 1 1 10 12 1 7 1 9 100 12 1 1 1 10 12 1 10 12 1 9 100 12 1 1 1 10 12 1 1 10 12 1 1 10 12 1 10 100 12 1 1 10 100 12 1 1 1 9 12 1 10 12 1 9 12 10 12 1 10 12 1 10 12 1 10 12 1 1 10 12 1 10 12 1 1 10 12 1 10 12 1 1 10 12 1 1 10 12 1 1 10 12 1 10 12 1 10 12 1 1 10 12 1 10 100 12 1 1 10 12 1 10 100 12 1 1 8 1 10 8 1 100 1 10 9 12 1 100 1 10 12 1 8 1 10 10 12 1 10 10 12 1 1 10 12 1 1 10 12 1 10 12 1 100 1 8 1 10 12 1 10 100 12 1 1 1 10 12 1 1 10 12 1 10 12 1 100 1 10 12 1 10 12 1 10 12 1 1 7 1 10 12 1 10 7 12 1 1 10 12 1 9 12 1 10 12 1 1 10 12 1 1 100 1 10 10 12 1 8 1 8 1 9 12 1 8 1 8 1 8 1 9 12 1 10 12 1 1 9 12 1 1 10 12 1 8 1 9 7 1 10 12 1 1 10 12 1 8 1 8 1 8 1 100 1 100 1 8 8 1 8 1 100 1 8 1 100 1 10 12 1 7 1 10 10 7 12 1 1 1 10 12 1 10 12 10 12 1 10 12 1 11 100 12 1 1 1 18 12 1 11 100 12 1 1 1 18 18 12 1 11 12 1 1 10 12 1 1 10 12 1 10 12 1 11 12 1 9 12 1 9 12 10 10 12 1 1 9 12 1 1 11 12 1 1 18 12 1 1 11 12 1 1 11 12 1 1 10 12 1 11 100 1 10 12 1 10 12 1 10 12 1 9 12 1 9 12 10 12 1 10 100 12 1 1 1 10 12 1 10 12 1 1 10 12 1 10 12 9 12 1 1 10 12 1 10 12 1 1 9 12 1 9 12 1 10 12 1 10 12 1 1 10 12 1 100 1 10 12 1 9 12 1 1 11 100 1 9 12 1 9 12 11 12 1 9 12 1 10 12 10 12 1 1 10 12 1 1 9 100 12 1 1 10 12 1 10 12 1 10 12 1 1 100 1 10 12 1 10 12 1 1 100 1 10 12 1 1 10 12 1 1 100 1 10 12 1 1 10 12 1 1 10 12 1 10 12 1 10 12 1 9 12 1 10 12 1 10 12 1 1 9 7 12 1 1 1 8 10 12 1 1 8 1 10 12 1 8 1 8 1 8 1 8 1 8 1 8 1 100 1 8 1 8 1 10 12 1 9 12 1 10 12 1 1 1 1 1 3 1 1 3 1 3 1 3 1 3 1 3 1 3 1 3 1 3 1 1 1 1 1 1 1 1 1 3 1 3 1 1 1 1 1 1 1 1 1 1 1 1 1 1 1 1 1 1 1 1 1 1 1 1 1 1 1 1 1 1 1 1 1 1 1 1 1 1 1 1 1 1 1 1 1 1 1 1 1 1 1 1 1 1 1 1 1 1 1 1 1 1 1 1 1 1 1 1 1 1 1 1 1 1 1 1 1 1 1 1 1 1 1 1 1 1 1 1 1 1 1 1 1 1 1 1 1 1 1 1 1 1 1 100 1 1 1 1 1 1 1 1 1 1 1 1 1 1 1 1 1 1 1 1 1 1 1 1 1 1 1 1 1 1 1 1 1 1 1 1 1 1 1 1 1 1 1 1 1 1 1 1 1 1 1 1 1 1 1 1 1 1 1 1 1 1 1 1 1 1 1 1 1 1 1 1 1 1 1 1 1 1 1 1 1 1 1 1 1 1 1 1 1 1 1 1 1 1 1 1 1 1 1 1 1 1 1 1 1 1 1 1 1 1 1 1 1 1 1 1 1 1 1 1 1 1 1 1 1 1 1 1 1 1 1 1 1 1 1 1 1 1 1 1 1 1 1 1 1 1 1 1 1 1 1 1 1 1 1 1 1 1 1 1 1 1 1 1 1 1 1 1 1 100 1 100 1 100 1 100 1 100 1 100 1 100 1 1 16 15 10 12 16 15 16 16 1 15 10 12 16 16 15 10 12 16 15 10 100 12 1 1 1 1 1 1 1 1 1 1 1 1 1 1 1 1 1 1 1 1 1 1 1 1
staticfield java/lang/invoke/MethodHandleImpl ARRAYS [Ljava/lang/invoke/MethodHandle; 256 [Ljava/lang/invoke/MethodHandle;
staticfield java/lang/invoke/MethodHandleImpl NFS [Ljava/lang/invoke/LambdaForm$NamedFunction; 7 [Ljava/lang/invoke/LambdaForm$NamedFunction;
staticfield java/lang/invoke/MethodHandleImpl HANDLES [Ljava/lang/invoke/MethodHandle; 9 [Ljava/lang/invoke/MethodHandle;
staticfield java/lang/invoke/MethodHandleImpl $assertionsDisabled Z 1
instanceKlass java/lang/invoke/DelegatingMethodHandle
instanceKlass java/lang/invoke/BoundMethodHandle
instanceKlass java/lang/invoke/DirectMethodHandle
ciInstanceKlass java/lang/invoke/MethodHandle 1 1 734 100 1 9 7 12 1 1 1 10 7 12 1 1 1 10 7 12 1 1 1 7 1 7 1 10 12 1 1 9 12 1 1 10 12 1 10 12 1 1 10 12 1 1 10 100 12 1 1 1 10 12 1 1 10 12 1 1 11 100 12 1 1 1 10 12 1 1 10 12 1 10 12 1 9 12 1 1 9 12 1 1 10 100 12 1 1 1 10 12 1 10 12 1 1 10 12 1 10 12 1 100 1 100 1 10 8 1 10 12 1 1 10 12 1 8 1 10 12 1 1 10 12 1 10 7 12 1 1 1 10 12 1 1 10 12 1 1 10 12 1 1 10 7 12 1 1 1 10 12 1 1 10 12 1 1 10 12 1 10 12 1 1 10 100 12 1 1 10 7 12 1 1 10 12 1 10 12 1 10 12 1 1 10 12 1 1 10 12 1 1 10 12 1 1 10 7 12 1 1 1 10 7 12 1 1 1 10 12 1 1 10 12 1 1 10 12 1 1 8 1 10 7 12 1 1 1 8 1 10 12 1 10 12 1 1 10 12 1 1 10 12 1 8 1 10 12 1 1 8 1 10 12 1 8 1 10 100 12 1 1 1 9 12 1 1 100 1 10 9 100 12 1 1 1 9 100 1 8 1 10 12 1 1 10 12 1 10 12 1 1 10 12 1 10 12 1 1 10 12 1 10 12 1 1 10 12 1 10 12 1 1 10 12 1 1 8 1 10 12 1 1 8 1 10 12 1 10 12 1 1 10 12 1 10 12 1 10 12 1 1 9 100 12 1 1 1 10 12 1 1 11 12 1 10 12 1 10 12 1 1 10 100 12 1 1 100 1 11 12 1 10 100 1 11 12 1 100 1 10 12 1 11 12 1 9 100 12 1 1 1 11 12 1 1 11 100 12 1 1 1 10 12 1 1 9 12 1 11 12 1 9 12 1 9 12 1 9 12 1 11 12 1 1 9 12 1 9 12 1 9 12 1 9 12 1 9 12 1 9 12 1 9 12 1 8 1 10 12 1 10 12 1 8 1 10 12 1 10 12 1 10 12 1 1 10 10 10 7 12 1 1 10 12 1 1 100 1 100 1 8 1 8 1 10 10 12 1 1 10 12 1 10 12 1 100 1 10 100 12 1 1 1 10 9 7 12 1 1 1 10 12 1 1 10 12 1 1 8 1 8 1 10 100 12 1 1 9 12 1 9 12 1 1 9 12 1 1 10 12 1 7 1 10 12 1 10 12 1 1 9 12 1 1 9 12 1 1 10 7 12 1 1 1 11 7 12 1 1 9 12 1 10 12 1 1 9 12 1 10 12 1 8 10 12 1 1 8 1 1 1 1 1 1 1 1 100 1 1 1 1 1 1 1 1 1 1 1 1 1 1 1 1 1 1 1 1 1 1 1 1 1 1 1 1 1 1 1 1 100 1 1 1 1 1 1 1 1 1 1 1 1 1 1 1 1 1 1 1 1 1 1 1 1 1 1 1 1 1 1 1 1 1 1 1 1 1 1 1 1 1 1 1 1 1 1 1 1 1 1 1 1 1 1 1 1 1 1 1 1 1 1 1 1 1 1 1 1 1 1 1 1 1 1 1 1 1 1 1 1 1 1 1 1 1 1 100 1 1 100 1 100 1 100 1 1 100 1 1 100 1 1 1 1
staticfield java/lang/invoke/MethodHandle FORM_OFFSET J 20
staticfield java/lang/invoke/MethodHandle UPDATE_OFFSET J 13
staticfield java/lang/invoke/MethodHandle $assertionsDisabled Z 1
ciInstanceKlass java/lang/invoke/MethodType 1 1 724 7 1 10 7 12 1 1 1 9 12 1 1 9 12 1 1 9 12 1 1 10 7 12 1 1 1 9 7 12 1 1 8 1 10 100 12 1 1 1 9 7 1 9 7 1 10 12 1 1 100 1 10 8 1 10 12 1 1 10 12 1 10 12 1 1 100 1 8 1 10 12 1 100 1 10 10 12 1 10 12 1 1 10 12 1 1 11 7 12 1 1 1 9 12 1 11 12 1 1 7 10 12 1 1 10 12 1 1 7 1 7 1 10 7 12 1 1 1 10 12 1 10 12 1 9 12 1 1 10 7 12 1 1 10 12 1 1 10 7 12 1 1 1 10 7 12 1 1 1 10 12 1 9 12 1 1 10 12 1 1 10 12 1 1 10 12 1 1 10 12 1 1 10 12 1 1 10 12 1 10 12 1 10 12 1 1 10 12 1 8 1 8 1 10 12 1 1 9 12 1 1 100 1 10 10 12 1 1 10 12 1 10 12 1 1 10 12 1 1 10 12 1 10 12 1 10 12 1 8 1 10 12 1 1 10 100 12 1 1 1 10 12 1 10 12 1 1 10 12 1 10 12 1 10 12 1 1 10 12 1 10 12 1 9 12 1 10 12 1 10 10 12 1 1 10 12 1 9 12 1 1 10 12 1 1 11 12 1 1 10 12 1 1 10 12 1 10 12 1 100 1 8 1 8 1 8 1 10 12 1 10 12 1 10 12 1 1 10 10 12 1 11 12 1 1 11 12 1 10 100 12 1 1 1 9 12 1 10 12 1 10 12 1 1 10 12 1 1 10 12 1 10 12 1 10 100 12 1 1 1 10 12 1 1 10 12 1 10 12 1 10 12 1 10 9 12 1 1 7 1 10 12 1 10 100 12 1 1 1 10 12 1 1 10 100 12 1 1 1 10 12 1 1 8 1 10 100 12 1 1 1 11 12 1 1 9 12 1 1 10 12 1 1 10 12 1 10 12 1 1 10 12 1 1 10 100 12 1 1 10 12 1 10 12 100 1 11 100 12 1 1 10 12 1 11 12 1 10 100 12 1 1 10 12 1 1 10 12 1 1 9 12 1 1 9 100 12 1 1 1 10 100 12 1 1 1 9 12 1 10 100 12 1 1 10 12 1 100 10 12 1 10 12 1 1 10 12 1 7 1 10 10 12 1 1 7 1 7 1 9 12 1 1 100 1 100 1 100 1 1 1 5 0 1 1 1 1 1 1 1 3 1 3 1 3 1 1 1 1 1 1 1 1 1 1 1 1 1 1 1 1 1 1 1 1 1 1 1 1 1 1 1 1 1 1 1 1 1 1 1 1 1 1 1 1 1 1 1 1 1 1 1 1 1 1 1 1 1 1 1 1 1 1 1 1 1 1 1 1 1 1 1 1 1 1 1 1 1 1 1 1 1 1 1 1 1 1 1 1 1 1 1 1 1 1 1 1 1 1 1 1 1 1 1 1 1 1 1 1 1 1 1 1 1 1 1 1 1 1 1 1 1 1 1 1 1 1 1 1 1 1 1 1 100 1 100 1 1 1 1 1 1 1 1 1 1 1 1 1 100 1 1 1 1 100 1 1 1 100 1 1 1 1 1 1 1 1 1 1 1 1 1 1 1 1 1 1 100 1 1 100 1 1
staticfield java/lang/invoke/MethodType internTable Ljdk/internal/util/ReferencedKeySet; jdk/internal/util/ReferencedKeySet
staticfield java/lang/invoke/MethodType NO_PTYPES [Ljava/lang/Class; 0 [Ljava/lang/Class;
staticfield java/lang/invoke/MethodType objectOnlyTypes [Ljava/lang/invoke/MethodType; 20 [Ljava/lang/invoke/MethodType;
staticfield java/lang/invoke/MethodType METHOD_HANDLE_ARRAY [Ljava/lang/Class; 1 [Ljava/lang/Class;
staticfield java/lang/invoke/MethodType serialPersistentFields [Ljava/io/ObjectStreamField; 0 [Ljava/io/ObjectStreamField;
staticfield java/lang/invoke/MethodType $assertionsDisabled Z 1
ciInstanceKlass java/lang/invoke/TypeDescriptor$OfMethod 1 0 43 100 1 100 1 100 1 1 1 1 1 1 1 1 1 1 1 1 1 1 1 1 1 1 1 1 1 1 1 1 1 1 1 1 1 1 1 1 1 1 100 1 1
instanceKlass jdk/internal/icu/util/CodePointTrie$Type
instanceKlass jdk/internal/icu/util/CodePointTrie$ValueWidth
instanceKlass sun/security/ssl/SignatureScheme$SigAlgParamSpec
instanceKlass sun/security/ssl/SignatureScheme
instanceKlass sun/security/ssl/ClientAuthType
instanceKlass sun/security/ssl/SSLHandshake
instanceKlass java/security/DrbgParameters$Capability
instanceKlass sun/security/ssl/NamedGroup
instanceKlass sun/security/ssl/NamedGroup$NamedGroupSpec
instanceKlass sun/security/ssl/CipherSuite$KeyExchange
instanceKlass sun/security/ssl/CipherSuite$MacAlg
instanceKlass sun/security/ssl/CipherSuite$HashAlg
instanceKlass sun/security/ssl/CipherType
instanceKlass sun/security/ssl/SSLCipher
instanceKlass sun/security/ssl/CipherSuite
instanceKlass java/security/CryptoPrimitive
instanceKlass sun/security/ssl/SSLScope
instanceKlass sun/security/util/DisabledAlgorithmConstraints$Constraint$Operator
instanceKlass sun/security/ssl/ProtocolVersion
instanceKlass org/postgresql/hostchooser/HostStatus
instanceKlass org/postgresql/hostchooser/HostRequirement
instanceKlass org/postgresql/jdbc/GSSEncMode
instanceKlass org/postgresql/jdbc/SslMode
instanceKlass org/postgresql/jdbc/PgConnection$ReadOnlyBehavior
instanceKlass org/postgresql/PGProperty
instanceKlass javafx/scene/Scene$DragDetectedState
instanceKlass com/sun/javafx/sg/prism/NGNode$RenderRootResult
instanceKlass com/sun/scenario/effect/impl/state/LinearConvolveRenderState$PassType
instanceKlass com/sun/scenario/effect/impl/state/RenderState$EffectCoordinateSpace
instanceKlass sun/misc/Unsafe$MemoryAccessOption
instanceKlass com/sun/javafx/geom/Path2D$CornerPrefix
instanceKlass com/sun/scenario/effect/impl/Renderer$RendererState
instanceKlass com/sun/scenario/effect/Effect$AccelType
instanceKlass com/sun/javafx/geom/transform/BaseTransform$Degree
instanceKlass com/sun/prism/CompositeMode
instanceKlass com/sun/prism/Texture$Usage
instanceKlass com/sun/prism/Texture$WrapMode
instanceKlass com/sun/scenario/effect/AbstractShadow$ShadowMode
instanceKlass com/sun/javafx/sg/prism/NodeEffectInput$RenderType
instanceKlass com/sun/javafx/sg/prism/CacheFilter$ScrollCacheState
instanceKlass javafx/scene/control/SelectionMode
instanceKlass javafx/scene/control/skin/ComboBoxMode
instanceKlass javafx/scene/shape/FillRule
instanceKlass javafx/scene/control/skin/TextInputControlSkin$Direction
instanceKlass javafx/scene/control/skin/TextInputControlSkin$TextUnit
instanceKlass com/sun/javafx/geom/BaseBounds$BoundsType
instanceKlass javafx/stage/PopupWindow$AnchorLocation
instanceKlass javafx/animation/Animation$Status
instanceKlass com/sun/javafx/cursor/CursorType
instanceKlass javafx/scene/text/FontSmoothingType
instanceKlass com/sun/javafx/scene/control/inputmap/KeyBinding$OptionalBoolean
instanceKlass com/sun/prism/paint/Paint$Type
instanceKlass com/sun/scenario/effect/Blend$Mode
instanceKlass com/sun/javafx/sg/prism/NGNode$DirtyFlag
instanceKlass com/sun/javafx/tk/quantum/SwipeGestureRecognizer$SwipeRecognitionState
instanceKlass com/sun/glass/ui/GestureSupport$GestureState$StateId
instanceKlass com/sun/javafx/tk/FocusCause
instanceKlass javafx/scene/input/KeyCombination$ModifierValue
instanceKlass javafx/scene/input/KeyCode
instanceKlass com/sun/javafx/logging/PlatformLogger$Level
instanceKlass javafx/scene/Scene$DirtyBits
instanceKlass javafx/geometry/Side
instanceKlass javafx/scene/text/FontWeight
instanceKlass javafx/scene/text/FontPosture
instanceKlass javafx/scene/input/MouseButton
instanceKlass com/sun/prism/PixelFormat$DataType
instanceKlass com/sun/prism/PixelFormat
instanceKlass com/sun/javafx/iio/ImageStorage$ImageType
instanceKlass java/lang/invoke/MethodHandleImpl$ArrayAccess
instanceKlass javafx/scene/control/TableColumn$SortType
instanceKlass javafx/scene/control/TableUtil$SortEventType
instanceKlass org/example/model/DiaSemana
instanceKlass javafx/fxml/FXMLLoader$SupportedType
instanceKlass com/sun/javafx/effect/EffectDirtyBits
instanceKlass javafx/scene/control/ContentDisplay
instanceKlass javafx/scene/layout/Priority
instanceKlass javafx/geometry/Pos
instanceKlass java/lang/classfile/attribute/StackMapFrameInfo$SimpleVerificationTypeInfo
instanceKlass java/lang/reflect/ProxyGenerator$PrimitiveTypeInfo
instanceKlass java/lang/classfile/ClassFile$StackMapsOption
instanceKlass java/lang/annotation/RetentionPolicy
instanceKlass javafx/scene/input/TransferMode
instanceKlass javafx/geometry/Orientation
instanceKlass javafx/scene/effect/BlendMode
instanceKlass com/sun/javafx/scene/traversal/Direction
instanceKlass com/sun/javafx/scene/DirtyBits
instanceKlass javafx/scene/AccessibleAction
instanceKlass javafx/scene/control/ScrollPane$ScrollBarPolicy
instanceKlass javafx/scene/AccessibleAttribute
instanceKlass sun/util/locale/provider/LocaleProviderAdapter$Type
instanceKlass java/time/format/TextStyle
instanceKlass java/time/format/ResolverStyle
instanceKlass java/time/format/SignStyle
instanceKlass java/time/format/DateTimeFormatterBuilder$SettingsParser
instanceKlass java/time/temporal/JulianFields$Field
instanceKlass java/time/temporal/IsoFields$Unit
instanceKlass java/time/temporal/IsoFields$Field
instanceKlass java/time/temporal/ChronoUnit
instanceKlass java/time/temporal/ChronoField
instanceKlass sun/util/logging/PlatformLogger$Level
instanceKlass java/lang/System$Logger$Level
instanceKlass jdk/internal/logger/BootstrapLogger$LoggingBackend
instanceKlass com/sun/javafx/scene/LayoutFlags
instanceKlass javafx/scene/layout/BackgroundRepeat
instanceKlass javafx/scene/effect/BlurType
instanceKlass javafx/scene/paint/CycleMethod
instanceKlass javafx/css/SizeUnits
instanceKlass com/sun/javafx/css/Combinator
instanceKlass javafx/css/StyleOrigin
instanceKlass jdk/internal/util/OperatingSystem
instanceKlass javafx/scene/control/OverrunStyle
instanceKlass javafx/geometry/HPos
instanceKlass javafx/scene/AccessibleRole
instanceKlass com/sun/javafx/sg/prism/NGShape$Mode
instanceKlass javafx/scene/text/TextAlignment
instanceKlass javafx/scene/text/TextBoundsType
instanceKlass javafx/geometry/VPos
instanceKlass javafx/scene/shape/StrokeLineCap
instanceKlass javafx/scene/shape/StrokeLineJoin
instanceKlass javafx/scene/shape/StrokeType
instanceKlass javafx/scene/image/PixelFormat$Type
instanceKlass javafx/scene/DepthTest
instanceKlass javafx/scene/CacheHint
instanceKlass com/sun/javafx/scene/CssFlags
instanceKlass com/sun/org/apache/xerces/internal/impl/XMLScanner$NameType
instanceKlass javax/xml/catalog/CatalogFeatures$State
instanceKlass javax/xml/catalog/CatalogFeatures$Feature
instanceKlass jdk/xml/internal/JdkProperty$ImplPropMap
instanceKlass jdk/xml/internal/JdkXmlFeatures$XmlFeature
instanceKlass jdk/xml/internal/XMLSecurityPropertyManager$Property
instanceKlass jdk/xml/internal/FeaturePropertyBase$State
instanceKlass jdk/xml/internal/JdkProperty$State
instanceKlass jdk/xml/internal/XMLSecurityManager$Processor
instanceKlass jdk/xml/internal/XMLSecurityManager$Limit
instanceKlass javafx/application/ConditionalFeature
instanceKlass javafx/geometry/NodeOrientation
instanceKlass javafx/stage/Modality
instanceKlass javafx/stage/StageStyle
instanceKlass com/sun/prism/impl/ps/BaseShaderContext$SpecialShaderType
instanceKlass com/sun/prism/impl/ps/BaseShaderContext$MaskType
instanceKlass com/sun/prism/GraphicsPipeline$ShaderType
instanceKlass com/sun/prism/GraphicsPipeline$ShaderModel
instanceKlass com/sun/prism/impl/PrismSettings$RasterizerType
instanceKlass sun/security/util/KnownOIDs
instanceKlass java/util/Locale$Category
instanceKlass java/lang/StackStreamFactory$WalkerState
instanceKlass java/lang/StackWalker$ExtendedOption
instanceKlass java/lang/StackWalker$Option
instanceKlass java/util/regex/Pattern$Qtype
instanceKlass java/net/Proxy$Type
instanceKlass java/net/StandardProtocolFamily
instanceKlass java/security/Security$SecPropLoader$LoadingMode
instanceKlass jdk/internal/vm/Continuation$Pinned
instanceKlass java/nio/file/FileTreeWalker$EventType
instanceKlass java/nio/file/FileVisitOption
instanceKlass java/nio/file/AccessMode
instanceKlass java/util/stream/Collector$Characteristics
instanceKlass java/util/concurrent/TimeUnit
instanceKlass java/nio/file/LinkOption
instanceKlass java/util/stream/MatchOps$MatchKind
instanceKlass java/util/stream/StreamShape
instanceKlass java/lang/classfile/Opcode$Kind
instanceKlass java/lang/classfile/Opcode
instanceKlass java/lang/invoke/VarHandle$AccessType
instanceKlass java/lang/invoke/VarHandle$AccessMode
instanceKlass java/lang/invoke/MethodHandleImpl$Intrinsic
instanceKlass java/lang/classfile/AttributeMapper$AttributeStability
instanceKlass jdk/internal/classfile/impl/AbstractPoolEntry$Utf8EntryImpl$State
instanceKlass java/lang/classfile/TypeKind
instanceKlass java/lang/invoke/LambdaForm$BasicType
instanceKlass java/lang/invoke/LambdaForm$Kind
instanceKlass java/lang/constant/DirectMethodHandleDesc$Kind
instanceKlass sun/invoke/util/Wrapper
instanceKlass java/util/stream/StreamOpFlag$Type
instanceKlass java/util/stream/StreamOpFlag
instanceKlass java/lang/reflect/AccessFlag$Location
instanceKlass java/lang/reflect/AccessFlag
instanceKlass java/lang/module/ModuleDescriptor$Modifier
instanceKlass java/io/File$PathStatus
instanceKlass sun/nio/fs/WindowsPathType
instanceKlass java/nio/file/StandardOpenOption
instanceKlass jdk/internal/module/ModuleBootstrap$IllegalNativeAccess
instanceKlass java/lang/reflect/ClassFileFormatVersion
instanceKlass java/lang/Thread$State
instanceKlass java/lang/module/ModuleDescriptor$Requires$Modifier
ciInstanceKlass java/lang/Enum 1 1 204 9 7 12 1 1 1 9 12 1 1 10 7 12 1 1 1 9 12 1 10 7 12 1 1 1 100 1 10 10 12 1 1 10 12 1 100 1 10 10 7 12 1 1 10 12 1 1 18 12 1 1 10 100 12 1 1 1 10 12 1 1 11 7 12 1 1 1 100 1 8 1 10 12 1 100 1 100 1 10 8 1 10 12 1 1 10 12 1 1 8 1 10 12 1 10 100 1 8 1 10 10 12 1 1 10 100 12 1 1 1 100 1 100 1 100 1 1 1 1 1 1 1 1 1 1 1 1 1 1 1 1 1 1 1 1 1 1 1 1 1 1 1 1 1 1 1 1 1 1 1 1 1 1 1 1 1 1 1 1 1 1 1 3 1 1 1 1 100 1 100 1 1 100 1 1 1 1 1 1 1 1 1 1 1 16 15 10 12 16 15 10 100 12 1 1 1 1 1 100 1 100 1 1
ciInstanceKlass java/lang/invoke/LambdaForm 1 1 1030 7 1 100 1 10 7 12 1 1 1 9 12 1 1 9 12 1 9 12 1 9 12 1 1 9 12 1 1 9 12 1 1 9 12 1 1 9 12 1 1 9 12 1 10 7 12 1 1 9 12 1 10 12 1 1 100 1 10 10 12 1 1 10 12 1 10 12 1 10 12 1 1 10 12 1 9 12 1 9 12 1 10 12 1 1 9 7 12 1 1 1 9 7 12 1 1 9 12 1 1 10 12 1 9 12 1 10 100 12 1 1 1 10 12 1 1 100 1 10 12 1 1 9 7 12 1 1 1 10 100 12 1 1 1 10 12 1 10 12 1 1 7 1 10 12 1 10 12 1 10 12 1 1 10 12 1 1 10 12 1 10 12 1 10 12 1 10 12 1 10 12 1 1 8 1 10 12 1 10 12 1 10 10 12 1 8 1 8 1 9 12 1 9 12 1 1 10 12 1 1 9 12 1 1 10 7 12 1 1 1 10 12 1 1 10 12 1 10 12 1 1 10 12 1 7 1 10 12 1 10 100 12 1 1 1 9 12 1 10 12 1 8 1 8 1 8 1 8 1 8 1 8 1 8 1 8 1 10 12 1 9 12 1 7 1 10 12 1 1 9 12 1 1 10 12 1 1 10 12 1 1 10 12 10 12 1 10 12 1 1 10 12 1 1 10 12 1 1 10 10 12 1 1 10 12 1 1 7 1 8 1 10 12 1 1 10 12 1 10 12 1 1 10 8 1 10 12 1 1 8 1 8 1 8 1 10 12 1 10 12 1 10 12 1 1 10 100 12 1 1 1 10 7 12 1 1 1 10 12 1 1 9 12 1 1 8 1 10 100 12 1 1 1 10 7 12 1 1 10 12 1 10 12 1 1 10 12 1 1 9 12 1 8 10 12 1 1 100 1 10 12 1 1 10 12 1 9 7 12 1 1 9 100 12 1 1 1 8 1 10 100 12 1 1 10 12 1 1 100 1 100 1 10 10 12 1 1 10 12 1 1 8 1 8 1 100 1 8 1 10 12 10 12 1 10 12 1 10 12 1 10 12 1 1 9 100 12 1 1 10 12 1 8 1 8 1 10 12 1 10 12 1 1 8 1 8 1 8 1 100 1 8 1 100 1 8 1 100 1 8 1 10 12 1 8 1 9 10 100 12 1 1 1 10 12 1 9 12 1 1 10 12 1 10 10 12 1 10 12 1 10 12 1 10 12 1 1 10 12 1 10 12 1 1 10 12 1 1 10 12 1 1 10 12 1 1 8 1 100 10 12 1 10 12 1 9 12 1 1 10 7 12 1 1 8 1 8 1 100 1 8 1 8 1 8 1 8 1 8 1 8 1 8 1 8 1 10 12 1 1 10 12 1 1 10 12 1 10 12 1 10 12 1 10 12 1 8 1 8 1 8 1 10 12 1 8 1 10 12 1 8 1 8 1 8 1 8 1 8 1 10 12 1 10 12 1 10 12 1 1 10 7 12 1 1 1 10 12 1 10 12 1 10 12 1 10 12 1 10 12 1 9 12 1 1 8 1 10 12 1 1 9 12 1 9 12 1 1 10 12 1 1 9 12 1 1 9 12 1 10 12 1 1 9 12 1 1 7 1 10 7 12 1 1 1 9 7 12 1 1 1 10 7 12 1 1 1 10 12 1 1 10 12 1 1 10 12 1 9 12 1 10 12 1 9 12 1 10 12 1 10 12 1 8 1 10 12 1 9 12 1 1 7 1 10 7 12 1 1 1 100 1 10 12 1 9 12 1 10 12 1 10 12 1 10 12 1 1 10 12 1 9 7 12 1 1 10 12 1 1 10 12 1 10 12 1 9 12 1 9 9 12 1 7 9 12 1 1 10 12 1 1 9 12 1 10 12 1 10 7 1 9 1 1 1 1 3 1 3 1 1 3 1 3 1 1 1 1 1 1 1 1 1 1 1 1 1 1 1 1 1 1 1 1 1 1 1 1 1 1 1 1 1 1 1 1 1 1 1 1 1 1 1 1 1 1 1 1 1 100 1 1 1 1 1 1 1 1 1 1 1 1 1 1 1 1 1 1 1 1 1 1 1 1 1 1 1 1 1 1 1 1 1 1 1 1 1 1 1 1 1 1 1 1 1 1 1 1 1 1 1 1 1 1 1 1 1 1 1 1 1 1 1 1 1 1 1 100 1 1 1 1 1 1 1 1 1 1 1 1 1 1 1 1 1 1 1 1 1 1 1 1 1 1 1 1 1 1 1 1 1 1 1 1 100 1 1 1 1 1 1 1 1 1 1 1 1 1 1 100 1 1 1 100 1 1 100 1 1 1 1 1 1 1 1 1 1 1 1
staticfield java/lang/invoke/LambdaForm DEFAULT_CUSTOMIZED Ljava/lang/invoke/MethodHandle; 
staticfield java/lang/invoke/LambdaForm DEFAULT_KIND Ljava/lang/invoke/LambdaForm$Kind; java/lang/invoke/LambdaForm$Kind
staticfield java/lang/invoke/LambdaForm COMPILE_THRESHOLD I 0
staticfield java/lang/invoke/LambdaForm INTERNED_ARGUMENTS [[Ljava/lang/invoke/LambdaForm$Name; 5 [[Ljava/lang/invoke/LambdaForm$Name;
staticfield java/lang/invoke/LambdaForm IMPL_NAMES Ljava/lang/invoke/MemberName$Factory; java/lang/invoke/MemberName$Factory
staticfield java/lang/invoke/LambdaForm LF_identity [Ljava/lang/invoke/LambdaForm; 6 [Ljava/lang/invoke/LambdaForm;
staticfield java/lang/invoke/LambdaForm NF_identity [Ljava/lang/invoke/LambdaForm$NamedFunction; 6 [Ljava/lang/invoke/LambdaForm$NamedFunction;
staticfield java/lang/invoke/LambdaForm LF_constant [Ljava/lang/invoke/LambdaForm; 5 [Ljava/lang/invoke/LambdaForm;
staticfield java/lang/invoke/LambdaForm createIdentityFormLock Ljava/lang/Object; java/lang/Object
staticfield java/lang/invoke/LambdaForm DEBUG_NAME_COUNTERS Ljava/util/HashMap; 
staticfield java/lang/invoke/LambdaForm DEBUG_NAMES Ljava/util/HashMap; 
staticfield java/lang/invoke/LambdaForm TRACE_INTERPRETER Z 0
staticfield java/lang/invoke/LambdaForm $assertionsDisabled Z 1
instanceKlass jdk/internal/reflect/DirectMethodHandleAccessor
ciInstanceKlass jdk/internal/reflect/MethodAccessorImpl 1 1 38 10 7 12 1 1 1 10 100 12 1 1 1 100 1 1 1 1 1 1 1 100 1 100 1 1 1 1 1 1 1 1 1 1 1 1 1 1
ciInstanceKlass jdk/internal/reflect/MethodAccessor 1 0 17 100 1 100 1 1 1 1 100 1 100 1 1 1 1 1 1
ciInstanceKlass java/util/Objects 1 1 184 10 7 12 1 1 1 100 1 8 1 10 12 1 10 12 1 1 10 7 12 1 1 1 10 12 1 1 10 12 1 10 100 12 1 1 1 10 12 1 1 10 7 12 1 1 1 7 1 10 10 12 1 1 10 7 12 1 1 10 12 1 1 8 1 10 7 12 1 1 1 10 7 12 1 1 1 10 11 100 12 1 1 1 100 1 10 10 12 1 8 1 10 12 1 8 1 7 1 11 12 1 1 8 1 10 7 12 1 1 1 10 12 1 1 10 12 1 10 12 1 10 12 1 10 12 1 1 1 1 1 1 1 1 1 1 1 1 1 1 1 1 1 1 1 1 1 1 1 1 1 1 1 1 1 1 1 1 1 1 1 1 1 1 1 1 1 1 1 1 1 1 1 1 1 1 1 1 1 1 1 1 1 1
instanceKlass java/lang/ProcessEnvironment
instanceKlass java/util/LinkedHashMap
ciInstanceKlass java/util/HashMap 1 1 629 10 7 12 1 1 1 7 1 10 12 1 1 100 1 10 100 12 1 1 1 100 1 11 12 1 1 11 12 1 11 12 1 1 10 7 12 1 1 1 7 1 3 10 7 12 1 1 1 100 1 100 1 10 8 1 10 12 1 1 10 12 1 10 12 1 1 10 12 1 10 7 12 1 1 1 8 1 10 12 1 9 12 1 1 10 12 1 9 12 1 1 4 10 12 1 10 12 1 1 11 7 12 1 1 9 12 1 1 10 7 12 1 1 1 6 0 10 12 1 1 11 12 1 1 11 7 12 1 1 1 11 7 12 1 1 1 11 12 1 1 7 1 11 12 1 11 12 1 10 12 1 10 12 1 1 9 12 10 12 1 1 9 7 12 1 1 1 9 12 9 12 1 10 12 1 1 9 12 1 7 1 10 12 1 1 10 12 1 1 10 12 1 1 10 12 1 1 10 12 1 1 9 12 1 10 12 1 1 3 4 10 12 1 1 10 12 1 1 9 12 1 1 9 10 12 1 1 10 12 1 1 10 12 1 1 10 12 1 9 12 1 1 7 1 10 12 1 10 12 1 10 100 12 1 1 1 100 1 9 12 1 1 7 1 10 9 12 7 1 10 100 1 10 11 7 12 1 1 1 100 1 10 11 7 12 1 1 11 100 12 1 1 1 10 12 1 100 1 100 1 10 12 1 10 12 1 10 12 1 10 100 12 1 1 10 12 1 1 10 12 1 1 10 100 12 1 1 1 8 10 100 12 1 1 1 100 1 10 4 4 10 12 1 1 10 100 12 1 1 1 10 12 1 8 1 6 0 10 100 12 1 1 1 100 1 11 100 12 1 1 1 10 12 1 10 12 1 10 10 12 1 1 6 0 8 1 10 12 1 10 12 100 1 100 1 1 1 1 5 0 1 3 1 1 1 3 1 3 1 3 1 1 1 1 1 1 1 1 1 1 1 1 1 1 1 1 1 1 1 1 1 1 100 1 1 1 1 1 1 1 1 1 1 1 1 1 1 1 1 1 1 1 1 1 1 1 1 1 1 1 1 1 1 1 1 1 100 1 1 1 1 1 1 1 1 1 1 1 1 1 1 1 1 1 1 1 1 1 1 1 1 1 1 1 1 1 1 1 1 1 1 1 1 1 1 1 1 1 1 1 1 1 1 1 1 1 1 1 100 1 1 1 1 1 1 1 1 1 1 1 1 1 1 1 1 1 1 1 1 1 1 1 1 1 1 1 1 1 1 1 1 1 1 1 1 1 1 1 1 1 1 1 1 1 1 1 1 100 1 1 1 1 1 1 1 1 100 1 1 1 1 1 1 1 1 1 1 1 1 1 1 1 1 1 1 100 1 100 1 100 1 100 1 100 1 100 1 100 1 100 1 1 1 1 1 1 1 1 1 1 1 1 1 1 1 1 1 1
ciMethod java/util/HashMap get (Ljava/lang/Object;)Ljava/lang/Object; 1024 0 42409 0 640
ciMethod java/util/HashMap isEmpty ()Z 844 0 73617 0 88
ciInstanceKlass jdk/internal/reflect/CallerSensitive 0 0 17 100 1 100 1 100 1 1 1 1 1 1 1 1 1 1 1
ciInstanceKlass jdk/internal/reflect/DirectConstructorHandleAccessor$NativeAccessor 1 1 44 10 7 12 1 1 1 9 7 12 1 1 1 10 12 1 1 1 1 1 1 1 1 1 1 1 1 1 1 1 1 1 100 1 100 1 1 1 1 1 100 1 1 1
ciInstanceKlass jdk/internal/reflect/ConstructorAccessor 1 0 16 100 1 100 1 1 1 1 100 1 100 1 100 1 1 1
instanceKlass jdk/internal/reflect/DirectConstructorHandleAccessor
instanceKlass jdk/internal/reflect/DirectConstructorHandleAccessor$NativeAccessor
ciInstanceKlass jdk/internal/reflect/ConstructorAccessorImpl 1 1 27 10 7 12 1 1 1 100 1 100 1 1 1 1 1 1 1 1 1 100 1 100 1 100 1 1 1
ciInstanceKlass jdk/internal/reflect/ConstantPool 1 1 142 10 100 12 1 1 1 9 7 12 1 1 1 10 12 1 1 10 12 1 1 10 12 1 10 12 1 1 10 12 1 1 10 12 1 10 12 1 1 10 12 1 10 12 1 1 10 12 1 10 12 1 10 12 1 10 12 1 1 10 12 1 1 10 12 1 1 10 12 1 1 10 12 1 10 12 1 1 10 100 12 1 1 1 8 11 7 12 1 1 1 10 7 12 1 1 1 1 1 1 1 1 1 1 1 1 1 1 1 1 1 1 1 1 1 1 1 1 1 1 1 1 1 1 1 1 1 1 1 1 1 1 1 1 1 1 1 1 1 1 1 1
instanceKlass java/lang/invoke/VolatileCallSite
instanceKlass java/lang/invoke/MutableCallSite
instanceKlass java/lang/invoke/ConstantCallSite
ciInstanceKlass java/lang/invoke/CallSite 1 1 297 10 7 12 1 1 1 10 7 12 1 1 1 9 12 1 1 10 7 12 1 1 1 10 12 1 100 1 10 12 1 1 10 12 1 1 9 100 12 1 1 1 10 100 12 1 1 10 12 1 1 100 1 100 1 10 10 100 12 1 1 1 10 12 1 1 8 1 10 12 1 10 12 1 1 10 12 1 10 12 1 1 10 12 1 1 10 10 100 12 1 1 10 12 1 1 9 12 1 9 100 12 1 1 1 8 1 10 7 12 1 1 1 10 12 1 1 100 1 10 12 1 1 9 12 1 8 1 100 1 10 12 1 10 12 1 100 1 8 1 10 10 12 1 10 12 1 1 100 1 10 12 1 1 10 12 1 10 12 1 10 12 1 1 10 12 1 1 9 12 1 1 8 10 12 1 1 9 12 1 1 100 1 10 10 12 1 10 100 12 1 1 1 10 12 1 1 10 12 1 1 10 12 1 10 7 12 1 1 1 100 1 8 1 10 10 12 10 12 1 1 100 1 100 1 100 1 8 1 10 12 1 10 7 12 1 1 1 1 1 1 1 1 1 1 1 1 1 1 1 1 1 1 1 1 1 1 1 1 1 1 1 1 1 1 1 1 1 1 1 1 1 1 1 1 1 1 1 1 1 1 1 1 1 1 1 1 1 1 1 1 100 1 100 1 1 1
staticfield java/lang/invoke/CallSite $assertionsDisabled Z 1
ciInstanceKlass java/lang/invoke/ConstantCallSite 1 1 65 10 7 12 1 1 1 9 7 12 1 1 1 9 12 1 1 10 7 12 1 1 1 10 12 1 100 1 10 12 9 12 1 1 100 1 10 10 12 1 1 10 12 1 1 1 1 1 1 1 1 1 1 1 1 1 100 1 1 1 1 1 1 1 1
staticfield java/lang/invoke/ConstantCallSite UNSAFE Ljdk/internal/misc/Unsafe; jdk/internal/misc/Unsafe
instanceKlass java/lang/invoke/DirectMethodHandle$StaticAccessor
instanceKlass java/lang/invoke/DirectMethodHandle$Special
instanceKlass java/lang/invoke/DirectMethodHandle$Interface
instanceKlass java/lang/invoke/DirectMethodHandle$Constructor
instanceKlass java/lang/invoke/DirectMethodHandle$Accessor
ciInstanceKlass java/lang/invoke/DirectMethodHandle 1 1 929 7 1 100 1 7 1 7 1 10 7 12 1 1 1 10 7 12 1 1 1 100 1 10 12 1 10 12 1 1 10 7 12 1 1 10 12 1 1 10 12 1 10 12 1 7 1 10 12 1 1 10 12 1 1 10 12 1 10 12 1 1 10 7 12 1 1 1 10 12 1 9 7 12 1 1 1 100 1 10 9 12 1 1 9 12 1 10 12 1 10 12 1 10 12 1 1 10 12 1 10 12 1 10 12 1 10 7 12 1 1 1 10 12 1 10 12 1 1 8 1 10 12 1 1 7 1 10 12 1 7 1 10 10 12 1 10 12 1 10 12 1 10 7 12 1 1 1 10 12 1 1 7 1 10 12 1 10 12 1 7 1 10 12 1 10 12 1 1 10 12 1 1 10 12 8 10 7 12 1 1 1 10 12 1 10 12 1 10 12 1 1 10 12 1 9 7 12 1 1 1 7 1 10 12 1 10 7 12 1 1 1 10 12 1 10 12 1 1 9 12 1 1 7 1 10 8 1 10 12 1 1 10 12 1 1 8 1 10 12 1 10 12 1 10 10 12 1 10 12 1 10 12 1 10 12 1 10 12 1 1 10 12 1 10 12 1 10 12 1 1 10 10 7 12 1 1 1 10 12 1 10 12 1 1 10 12 1 10 12 1 1 8 1 9 7 12 1 1 1 8 1 9 12 1 9 12 1 8 1 9 12 1 9 12 1 8 1 9 12 1 9 12 1 8 1 10 12 1 10 12 1 1 10 7 12 1 1 1 10 12 1 10 12 1 1 9 12 1 1 7 1 10 12 1 1 100 1 10 7 12 1 1 1 10 12 1 1 10 12 1 1 7 1 10 12 1 1 10 12 1 10 12 1 1 7 1 10 12 1 1 10 12 1 10 12 1 10 12 1 1 10 12 1 9 12 1 1 10 7 1 9 12 1 10 12 1 7 1 7 1 7 1 10 7 12 1 1 1 9 12 1 1 10 7 12 1 1 1 10 7 12 1 1 10 12 10 12 1 100 1 10 12 1 10 12 1 1 8 1 9 12 1 9 12 1 10 12 1 1 9 12 1 1 10 7 12 1 1 1 9 12 1 1 9 12 1 1 10 12 1 10 12 1 10 12 1 10 12 1 1 10 12 1 9 12 1 9 12 1 10 12 1 10 12 1 10 12 1 10 12 1 1 10 12 1 1 9 12 1 1 10 12 1 1 9 7 12 1 1 1 9 12 1 9 12 1 9 12 1 9 12 1 9 12 1 9 12 1 9 12 1 9 12 1 9 12 1 9 12 1 9 12 1 9 12 1 9 12 1 9 12 1 9 12 1 9 12 1 9 12 1 9 12 1 9 12 1 9 12 1 9 12 1 9 12 1 9 12 1 9 12 1 100 1 10 12 1 8 1 8 1 8 1 8 1 8 1 8 1 8 1 8 1 8 1 10 12 1 10 12 1 8 1 8 1 8 1 9 12 1 1 9 12 1 1 10 12 1 10 12 1 1 10 12 1 1 9 7 1 10 12 1 10 12 10 12 1 10 12 1 10 12 1 10 8 1 8 1 8 1 8 1 10 12 1 1 9 12 1 1 10 12 1 10 100 12 1 1 1 8 9 12 1 1 10 12 1 1 8 1 8 8 9 12 1 8 1 8 8 8 8 8 1 8 10 12 1 7 1 10 12 1 8 1 8 1 10 12 1 10 12 1 10 12 1 9 12 1 10 12 1 1 7 1 1 1 1 3 1 3 1 3 1 3 1 3 1 3 1 3 1 3 1 1 1 1 1 1 1 1 1 1 3 1 3 1 3 1 1 3 1 3 1 1 1 1 1 1 1 1 1 1 1 1 1 1 1 1 1 1 1 1 1 1 1 1 1 1 1 1 1 1 1 1 1 1 1 1 1 1 1 1 1 1 1 1 1 1 1 1 1 1 1 1 1 1 1 1 1 1 1 1 1 1 100 1 1 1 1 1 1 1 1 1 100 1 1 1 1 1 1 1 1 1 1 1 1 1 1 1 1 1 1 1 1 1 1 1 1 1 1 1 1 1 1 1 1 1 1 1 1 1 1 1 1 1 1 1 1 1 1 1 1 1 1 1 1 1
staticfield java/lang/invoke/DirectMethodHandle IMPL_NAMES Ljava/lang/invoke/MemberName$Factory; java/lang/invoke/MemberName$Factory
staticfield java/lang/invoke/DirectMethodHandle FT_UNCHECKED_REF I 8
staticfield java/lang/invoke/DirectMethodHandle FT_CHECKED_REF I 9
staticfield java/lang/invoke/DirectMethodHandle ACCESSOR_FORMS [Ljava/lang/invoke/LambdaForm; 120 [Ljava/lang/invoke/LambdaForm;
staticfield java/lang/invoke/DirectMethodHandle ALL_WRAPPERS [Lsun/invoke/util/Wrapper; 10 [Lsun/invoke/util/Wrapper;
staticfield java/lang/invoke/DirectMethodHandle NFS [Ljava/lang/invoke/LambdaForm$NamedFunction; 12 [Ljava/lang/invoke/LambdaForm$NamedFunction;
staticfield java/lang/invoke/DirectMethodHandle OBJ_OBJ_TYPE Ljava/lang/invoke/MethodType; java/lang/invoke/MethodType
staticfield java/lang/invoke/DirectMethodHandle LONG_OBJ_TYPE Ljava/lang/invoke/MethodType; java/lang/invoke/MethodType
staticfield java/lang/invoke/DirectMethodHandle $assertionsDisabled Z 1
ciInstanceKlass java/lang/invoke/MutableCallSite 0 0 61 10 100 12 1 1 1 10 12 1 9 100 12 1 1 1 10 12 1 10 12 1 1 9 100 12 1 1 1 10 100 12 1 1 1 10 100 12 1 1 1 1 1 1 1 1 1 1 1 1 1 1 1 1 1 1 1 1 100 1 1
ciInstanceKlass java/lang/invoke/VolatileCallSite 0 0 37 10 100 12 1 1 1 10 12 1 10 100 12 1 1 1 10 12 1 10 12 1 1 1 1 1 1 1 1 1 1 1 1 1 1 1 1
instanceKlass java/lang/invoke/LazyInitializingVarHandle
instanceKlass java/lang/invoke/VarHandleReferences$FieldStaticReadOnly
instanceKlass java/lang/invoke/VarHandleLongs$FieldInstanceReadOnly
instanceKlass java/lang/invoke/VarHandleReferences$Array
instanceKlass java/lang/invoke/VarHandleBooleans$FieldInstanceReadOnly
instanceKlass java/lang/invoke/VarHandleReferences$FieldInstanceReadOnly
instanceKlass java/lang/invoke/VarHandleInts$FieldInstanceReadOnly
instanceKlass java/lang/invoke/VarHandleByteArrayAsDoubles$ByteArrayViewVarHandle
instanceKlass java/lang/invoke/VarHandleByteArrayAsLongs$ByteArrayViewVarHandle
instanceKlass java/lang/invoke/VarHandleByteArrayAsFloats$ByteArrayViewVarHandle
instanceKlass java/lang/invoke/VarHandleByteArrayAsInts$ByteArrayViewVarHandle
instanceKlass java/lang/invoke/VarHandleByteArrayAsChars$ByteArrayViewVarHandle
instanceKlass java/lang/invoke/VarHandleByteArrayAsShorts$ByteArrayViewVarHandle
ciInstanceKlass java/lang/invoke/VarHandle 1 1 474 10 7 12 1 1 1 10 7 12 1 1 9 12 1 1 9 12 1 1 10 12 1 1 8 1 10 12 1 1 10 7 12 1 1 1 10 12 1 1 10 100 12 1 1 1 9 100 12 1 1 1 10 12 1 1 10 100 12 1 1 1 10 12 1 1 9 12 1 10 12 1 9 12 1 1 10 7 12 1 1 10 12 1 9 100 12 1 1 1 9 12 1 1 10 12 1 1 100 1 100 1 10 8 1 10 12 1 1 10 12 1 8 1 10 12 1 10 12 1 9 12 1 1 9 12 1 10 12 1 10 12 1 1 10 12 1 10 10 100 12 1 1 1 10 12 1 1 10 12 1 1 10 100 12 1 1 1 10 100 12 1 1 1 10 100 12 1 1 1 9 12 1 1 9 10 12 1 10 12 1 1 10 12 1 1 10 12 1 10 100 12 1 1 1 9 12 1 1 10 12 1 1 9 12 1 10 12 1 10 12 1 10 100 12 1 1 100 1 10 9 7 12 1 1 1 9 12 1 1 10 7 12 1 1 1 10 12 1 10 12 1 10 12 1 10 12 1 10 12 1 10 12 1 1 8 10 12 1 1 7 1 10 12 1 1 100 1 1 1 1 1 1 1 1 1 1 1 1 1 1 1 1 1 1 1 1 1 1 1 1 1 1 1 1 1 1 1 1 1 1 1 1 1 1 1 1 1 1 1 1 1 1 1 1 1 1 1 1 1 1 1 1 1 1 1 1 1 1 1 1 1 100 1 1 1 1 1 1 1 1 100 1 1 1 1 1 1 1 1 1 1 1 1 100 1 100 1 1 100 1 100 1 100 1 100 1 100 1 100 1 100 1 100 1 100 1 100 1 100 1 100 1 100 1 100 1 100 1 100 1 100 1 100 1 100 1 100 1 100 1 100 1 100 1 100 1 100 1 100 1 100 1 100 1 100 1 100 1 100 1 100 1 100 1 100 1 100 1 100 1 1 1 1 1 1 100 1 1 1 100 1 1 100 1 100 1 100 1 100 1 100 1 100 1 1 1 1 100 1 100 1 100 1 100 1 100 1 100 1 100 1 100 1
staticfield java/lang/invoke/VarHandle VFORM_OFFSET J 16
staticfield java/lang/invoke/VarHandle $assertionsDisabled Z 1
ciInstanceKlass java/lang/invoke/MemberName 1 1 730 7 1 7 1 100 1 9 12 1 1 10 7 12 1 1 1 9 12 1 1 10 12 1 1 10 12 1 1 10 12 1 1 10 12 1 10 12 1 1 10 7 12 1 1 1 10 12 1 9 7 12 1 1 10 12 1 100 1 100 1 10 12 1 8 1 10 12 1 1 10 12 1 10 12 1 1 10 12 1 9 12 1 1 8 1 10 100 12 1 1 1 7 1 10 10 12 1 1 100 1 100 1 10 12 1 9 12 1 1 100 1 8 1 10 12 1 10 12 1 10 12 1 10 12 1 10 12 1 1 10 12 1 10 12 1 10 12 1 1 8 1 8 1 10 12 1 8 1 9 12 1 1 3 10 12 1 10 12 1 10 12 1 10 10 7 12 1 1 1 10 12 1 10 12 1 10 12 1 10 12 1 7 1 8 10 12 1 1 10 12 1 1 8 1 9 100 1 8 9 100 1 10 12 1 1 10 12 1 10 12 1 8 1 10 12 1 1 10 12 1 10 12 1 10 12 1 10 12 1 1 100 1 10 12 1 1 10 12 1 8 1 10 12 1 10 12 1 8 1 10 12 1 1 10 12 1 1 100 1 10 12 1 1 10 12 8 1 8 1 100 1 10 12 1 10 100 12 1 1 1 100 1 10 12 10 12 1 10 12 1 10 12 1 10 12 1 10 10 12 1 10 12 1 10 12 1 3 10 12 1 3 10 12 1 3 3 3 3 3 3 10 12 1 3 9 12 1 10 12 1 1 3 10 12 1 10 10 7 12 1 1 1 10 12 1 1 10 7 12 1 1 10 10 12 1 10 12 1 1 10 12 1 10 10 12 1 1 10 12 1 10 12 1 10 12 1 100 1 10 10 10 12 100 1 10 10 10 12 1 1 10 12 1 1 10 10 12 1 8 10 7 1 10 12 1 10 7 1 10 12 1 10 12 1 10 12 1 10 10 12 1 10 12 1 1 10 12 1 1 10 12 1 10 12 1 10 12 1 100 1 10 12 1 1 100 1 8 1 10 7 1 10 12 1 10 12 10 12 1 1 10 12 1 10 12 1 8 1 8 1 8 1 8 1 10 12 1 10 12 1 10 7 12 1 1 1 8 1 8 1 10 12 1 8 1 10 10 10 12 1 10 12 1 8 1 8 1 10 10 12 1 8 1 10 100 12 1 1 1 8 1 100 1 10 12 1 10 12 1 1 10 12 1 8 1 8 1 8 1 8 1 100 1 10 8 1 8 1 8 1 8 1 10 12 1 100 1 100 1 100 1 10 100 1 10 100 1 10 100 12 1 1 1 9 7 12 1 1 1 100 1 100 1 1 1 1 1 1 1 3 1 3 1 3 1 3 1 3 1 3 1 1 1 1 1 1 1 1 3 1 3 1 1 1 1 1 1 1 1 1 1 1 1 1 1 1 1 1 1 1 1 1 1 1 1 100 1 1 1 1 1 1 1 1 1 1 1 1 1 1 1 1 1 1 1 1 1 1 1 1 1 1 1 1 1 1 1 1 1 1 1 1 1 1 1 1 1 1 1 1 1 1 1 1 1 1 1 1 1 1 1 1 1 1 1 1 1 1 1 1 1 1 1 1 1 1 1 1 1 1 1 1 100 1 1 1 1 1 1 1 1 1 1 1 1 1 1 1 1
staticfield java/lang/invoke/MemberName $assertionsDisabled Z 1
ciInstanceKlass java/lang/invoke/ResolvedMethodName 1 1 25 10 100 12 1 1 1 9 7 12 1 1 1 1 1 1 1 1 1 1 1 1 1 1 1
ciInstanceKlass java/lang/invoke/MethodHandleNatives 1 1 689 100 1 10 7 12 1 1 1 9 7 12 1 1 1 10 12 1 1 100 1 10 10 12 1 1 10 12 1 10 12 1 8 1 8 1 8 1 8 1 8 1 8 1 8 1 8 1 8 1 8 1 10 12 1 1 7 1 10 7 12 1 1 1 10 100 12 1 1 1 7 1 10 10 12 1 1 8 1 10 12 1 8 1 10 12 1 1 8 1 10 12 1 1 9 100 12 1 1 1 8 1 10 100 12 1 1 1 100 1 10 12 100 1 100 1 8 1 7 1 10 10 12 1 7 1 9 7 12 1 1 10 12 1 1 10 12 1 10 7 12 1 1 1 10 12 1 1 9 12 1 8 1 10 12 1 1 10 12 1 8 1 10 12 1 1 7 1 10 12 1 10 7 12 1 1 1 10 12 1 10 12 1 1 10 12 1 1 8 1 10 12 1 1 8 1 10 12 1 8 1 8 1 8 1 100 1 10 12 1 8 1 10 100 12 1 1 1 10 12 1 1 10 100 12 1 1 10 10 12 1 1 10 12 1 10 100 12 1 1 1 100 1 8 1 10 100 12 1 1 1 7 1 8 1 10 12 1 8 1 8 1 8 1 8 1 8 1 10 12 1 1 10 12 1 1 10 12 1 10 12 1 1 10 12 1 1 7 1 10 12 1 100 1 100 1 10 12 1 10 12 1 8 1 8 1 10 10 12 1 1 10 12 1 1 8 1 10 100 12 1 1 8 1 8 1 10 12 1 1 10 7 12 1 1 1 100 1 10 12 1 1 7 1 9 12 1 1 10 7 12 1 1 1 10 10 12 1 9 12 1 10 12 1 9 12 1 9 12 1 10 12 1 1 10 12 1 10 12 1 1 7 1 7 1 10 12 1 1 10 12 1 10 12 1 1 10 7 12 1 1 1 10 12 1 8 1 10 12 1 10 12 1 10 12 1 1 10 12 1 10 7 12 1 1 1 10 12 1 1 100 1 8 1 10 9 7 12 1 1 1 10 12 1 1 10 12 1 1 100 1 10 12 1 1 10 12 1 1 100 1 100 1 10 10 100 1 100 1 10 100 1 10 10 12 1 1 10 100 1 10 12 1 10 12 1 1 10 12 1 1 10 12 1 1 10 12 1 10 12 1 1 10 8 1 10 12 1 10 12 1 10 12 1 10 12 1 10 12 1 1 10 12 1 10 12 1 10 12 1 10 10 7 12 1 1 10 12 1 1 1 1 1 1 1 1 1 1 1 1 1 100 1 1 1 1 1 1 1 1 1 1 1 1 1 1 1 1 1 1 1 1 1 1 1 1 1 1 1 1 1 1 1 1 1 1 1 1 1 1 1 1 1 1 1 1 1 1 1 1 1 1 1 1 1 1 1 1 1 1 1 1 1 1 1 100 1 1 1 1 1 1 1 1 1 1 1 1 1 1 1 1 1 1 1 1 1 1 1 1 1 1 1 1 1 1 1 1 1 1 1 100 1 1 1 1 1 1 1 1 1 1 1 1 1 1 1 1 1 1 1 1 1 1 1 1 1 1 1 1 1 1 1 1 1 1 100 1 1
staticfield java/lang/invoke/MethodHandleNatives $assertionsDisabled Z 1
ciInstanceKlass jdk/internal/foreign/abi/NativeEntryPoint 0 0 223 10 100 12 1 1 1 9 100 12 1 1 1 9 12 1 1 100 1 8 1 10 12 1 10 12 1 1 100 1 10 100 12 1 1 1 10 12 1 9 12 1 1 18 12 1 1 10 100 12 1 1 1 9 100 12 1 1 1 8 1 10 12 1 1 8 1 8 1 8 1 8 1 10 100 12 1 1 1 100 1 10 10 12 1 1 8 1 10 12 1 8 1 10 12 1 10 12 1 1 10 12 1 1 100 1 8 1 10 12 1 10 12 1 1 100 1 8 1 10 10 12 1 9 12 1 1 18 12 1 1 10 100 12 1 1 1 10 12 1 1 10 12 1 10 100 12 1 1 1 10 1 1 1 1 1 1 1 1 1 1 1 1 1 1 1 1 1 1 1 1 1 1 1 1 1 1 1 1 1 1 1 1 1 1 1 1 1 1 1 1 1 1 1 1 16 1 15 10 12 16 1 16 15 10 12 15 10 100 12 1 1 1 1 1 100 1 1 100 1 100 1 1
ciInstanceKlass jdk/internal/foreign/abi/ABIDescriptor 0 0 55 10 100 12 1 1 1 9 100 12 1 1 1 9 12 1 1 9 12 1 9 12 1 9 12 1 1 9 12 1 9 12 1 1 9 12 1 9 12 1 9 12 1 9 12 1 1 1 1 1 1 1 1 1 1
ciInstanceKlass jdk/internal/foreign/abi/VMStorage 0 0 111 10 100 12 1 1 1 9 100 12 1 1 1 9 12 1 1 9 12 1 1 9 12 1 1 100 1 10 8 1 10 12 1 1 10 12 1 10 12 1 1 10 12 1 100 1 10 100 12 1 1 1 10 100 12 1 1 10 100 12 1 1 10 100 12 1 1 1 18 12 1 1 1 1 1 1 1 1 1 1 1 1 1 1 1 1 1 1 1 1 1 1 8 1 15 15 15 15 15 10 100 12 1 1 1 1 100 1 100 1 1
ciInstanceKlass jdk/internal/foreign/abi/UpcallLinker$CallRegs 0 0 66 10 100 12 1 1 1 9 100 12 1 1 1 9 12 1 18 12 1 1 18 12 1 1 18 12 1 1 1 1 1 1 1 1 1 1 1 1 1 1 1 1 1 1 100 1 1 1 8 1 15 15 15 10 100 12 1 1 1 1 1 100 1 100 1 1
instanceKlass java/lang/StackFrameInfo
ciInstanceKlass java/lang/ClassFrameInfo 1 1 126 10 7 12 1 1 1 9 7 12 1 1 1 7 1 3 9 12 1 1 9 12 1 1 7 1 9 12 1 1 3 11 7 12 1 1 1 11 12 1 10 12 1 1 10 12 1 1 10 12 1 100 1 10 10 12 1 1 8 1 8 1 10 12 100 1 10 10 12 1 1 8 1 10 12 1 8 1 10 12 8 1 10 12 1 10 7 12 1 1 1 100 1 1 1 1 1 1 1 1 1 1 1 1 1 1 1 1 1 1 1 1 1 1 1 1 1 1 1 100 1 1 1 1 1 1
staticfield java/lang/ClassFrameInfo JLIA Ljdk/internal/access/JavaLangInvokeAccess; java/lang/invoke/MethodHandleImpl$1
ciInstanceKlass java/lang/StackWalker$StackFrame 1 1 41 100 1 10 12 1 1 100 1 100 1 1 1 1 1 1 1 1 1 1 1 1 1 1 1 1 1 1 1 1 1 1 1 1 1 1 1 100 1 1 1
ciInstanceKlass java/lang/StackWalker 1 1 236 9 7 12 1 1 1 10 7 12 1 1 1 7 1 10 7 12 1 1 1 10 12 1 1 11 7 12 1 1 1 10 12 1 1 10 12 1 1 100 1 8 1 10 12 1 10 12 1 10 12 1 10 7 12 1 1 9 12 1 1 9 12 1 1 9 12 1 1 9 12 1 1 10 12 1 1 9 12 1 1 9 12 1 1 9 12 1 1 9 12 1 1 10 12 1 1 10 7 12 1 1 1 10 7 12 1 1 1 18 12 1 1 100 1 8 1 10 8 1 10 12 1 1 10 7 12 1 1 1 10 12 1 1 10 12 1 11 12 1 1 9 7 12 1 1 11 100 12 1 1 1 10 12 1 1 1 1 1 1 1 1 1 1 1 1 1 1 1 1 1 1 1 1 1 1 1 1 1 1 1 1 1 1 1 1 1 1 1 1 1 1 1 1 1 1 1 1 1 1 1 1 1 1 1 1 1 1 1 100 1 1 16 15 10 12 16 1 15 10 100 12 1 1 1 1 1 1 1 1 1 100 1 100 1 1
staticfield java/lang/StackWalker DEFAULT_EMPTY_OPTION Ljava/util/EnumSet; java/util/RegularEnumSet
staticfield java/lang/StackWalker DEFAULT_WALKER Ljava/lang/StackWalker; java/lang/StackWalker
instanceKlass java/lang/LiveStackFrameInfo
ciInstanceKlass java/lang/StackFrameInfo 1 1 150 10 7 12 1 1 1 9 7 12 1 1 1 9 12 1 1 11 7 12 1 1 1 10 12 1 1 10 7 12 1 1 1 9 12 1 1 10 12 1 1 9 12 1 1 100 1 10 12 10 12 1 9 12 1 100 1 100 1 10 12 1 1 11 12 1 1 10 12 1 10 12 1 10 12 1 1 9 12 1 1 10 12 1 1 10 100 12 1 1 10 12 1 1 9 12 1 10 100 12 1 1 1 9 12 1 1 10 100 1 10 12 1 9 12 1 1 10 12 1 1 10 12 1 1 1 1 1 1 1 1 1 1 1 1 1 1 1 1 100 1 100 1 1 1 1 1 1 1 1
staticfield java/lang/StackFrameInfo $assertionsDisabled Z 1
ciInstanceKlass java/lang/LiveStackFrameInfo 0 0 97 10 100 12 1 1 1 9 100 12 1 1 1 9 12 1 9 12 1 9 12 1 9 12 1 1 100 1 10 12 1 1 10 12 1 8 1 10 12 1 1 8 1 8 1 8 1 10 100 1 10 12 1 100 1 10 12 1 100 1 100 1 1 1 3 1 3 1 1 1 1 1 1 1 1 1 1 1 1 1 1 1 1 1 1 1 1 1 1 1 1 1 1 1 100 1 1
ciInstanceKlass java/lang/LiveStackFrame 0 0 112 100 1 10 100 12 1 1 1 11 100 12 1 1 1 11 12 1 9 100 12 1 1 1 10 100 12 1 1 1 10 100 12 1 1 1 11 12 1 10 12 1 100 1 100 1 1 1 1 1 1 1 1 1 1 1 1 1 1 1 1 1 1 1 1 1 1 1 1 1 100 1 1 1 1 1 1 1 100 1 8 1 1 12 10 1 1 1 8 1 1 1 8 1 1 1 8 1 1 1 8 1 1 8 1 1 1 8 1 1 8 1
instanceKlass java/lang/StackStreamFactory$StackFrameTraverser
instanceKlass java/lang/StackStreamFactory$CallerClassFinder
ciInstanceKlass java/lang/StackStreamFactory$AbstractStackWalker 1 1 364 7 1 100 1 3 10 7 12 1 1 1 10 7 12 1 1 10 7 12 1 1 1 9 12 1 1 9 12 1 1 9 12 1 1 9 12 1 9 12 1 10 7 12 1 1 1 10 12 1 1 10 100 12 1 1 9 12 1 1 9 12 1 1 10 12 1 1 9 12 1 1 10 7 12 1 1 1 10 12 1 1 9 12 1 1 9 100 12 1 1 1 100 1 10 8 1 10 12 1 1 10 12 1 8 1 10 12 1 1 10 100 12 1 1 1 100 1 8 1 10 12 1 8 1 10 12 10 7 12 1 1 9 12 1 1 8 1 5 0 8 1 8 1 9 12 1 1 10 12 1 1 18 12 1 1 10 100 12 1 1 1 10 12 1 1 10 12 1 10 12 1 9 7 12 1 1 1 10 12 1 1 9 12 1 10 12 1 10 12 1 10 12 1 10 12 1 10 12 1 10 12 1 1 8 1 10 12 1 10 12 1 10 12 1 10 12 1 1 8 1 10 12 1 1 10 12 1 1 10 12 1 1 10 12 1 10 12 1 10 12 1 9 12 1 8 1 10 12 1 8 1 10 12 1 10 12 1 1 10 12 1 10 12 1 10 12 1 1 10 12 1 10 12 1 10 12 1 10 12 1 10 12 1 10 12 1 1 10 12 1 10 12 1 10 12 1 10 12 1 8 1 1 1 1 1 1 1 1 1 1 1 1 1 100 1 1 1 1 1 1 100 1 1 1 1 100 1 1 1 1 1 1 1 1 1 1 1 1 1 1 1 1 1 1 16 15 15 10 100 12 1 1 1 1 1 1 1 1 100 1 100 1 1
ciInstanceKlass jdk/internal/module/Modules 1 1 481 10 100 12 1 1 1 9 7 12 1 1 1 11 7 12 1 1 1 11 12 1 1 11 12 1 1 11 12 1 1 11 12 1 11 12 1 11 12 1 11 12 1 11 12 1 11 12 1 1 10 100 12 1 1 1 10 12 1 1 10 100 12 1 1 10 100 12 1 1 1 10 100 12 1 1 10 12 1 1 11 12 1 9 12 1 1 11 7 12 1 1 1 10 12 1 1 10 10 12 1 10 100 1 9 12 1 1 10 100 12 1 1 10 12 1 1 10 100 12 1 1 1 100 1 11 100 12 1 1 1 10 100 12 1 1 1 11 100 12 1 1 10 12 1 1 10 100 12 1 1 10 100 12 1 1 1 10 12 1 1 10 12 1 1 11 12 1 1 18 12 1 1 11 100 12 1 1 10 100 12 1 1 1 11 100 12 1 1 1 100 1 11 12 1 1 11 100 12 1 1 1 11 12 1 1 10 12 1 1 10 100 12 1 1 18 12 1 1 11 12 1 1 18 12 1 1 11 12 1 1 10 12 1 18 18 10 12 1 1 9 12 1 1 11 100 12 1 1 1 100 1 10 11 12 1 11 12 1 1 10 100 1 10 12 1 1 10 100 12 1 1 10 12 1 1 11 12 10 12 1 1 100 1 10 18 12 1 10 12 1 1 100 1 8 1 10 12 1 10 100 12 1 1 18 12 1 11 11 12 10 12 1 10 10 100 1 18 12 1 10 10 10 7 12 1 1 10 7 12 1 1 1 10 12 1 1 1 1 1 1 1 1 1 1 1 1 1 1 1 1 1 1 1 1 1 1 1 1 1 1 1 1 1 1 1 1 1 1 1 1 1 1 1 1 1 1 1 1 1 1 1 1 1 1 1 1 1 1 1 1 1 1 1 1 1 1 1 1 100 1 1 1 1 1 1 1 1 1 1 1 1 1 1 1 1 1 1 1 1 1 1 1 16 15 10 12 1 16 1 16 1 15 10 12 1 16 1 16 1 15 10 12 16 1 15 10 16 1 15 10 12 16 1 16 15 10 12 16 15 10 12 16 15 10 12 15 10 100 12 1 1 1 1 1 1 100 1 100 1 1
staticfield jdk/internal/module/Modules JLA Ljdk/internal/access/JavaLangAccess; java/lang/System$1
staticfield jdk/internal/module/Modules JLMA Ljdk/internal/access/JavaLangModuleAccess; java/lang/module/ModuleDescriptor$1
staticfield jdk/internal/module/Modules $assertionsDisabled Z 1
ciInstanceKlass jdk/internal/loader/ClassLoaders 1 1 185 10 100 12 1 1 1 10 7 12 1 1 1 10 12 1 1 10 100 12 1 1 1 9 7 12 1 1 1 9 12 1 1 9 12 1 1 7 1 11 100 12 1 1 1 100 1 11 12 1 1 11 12 1 1 10 100 12 1 1 1 10 100 12 1 1 1 100 1 100 1 10 7 12 1 1 1 9 12 1 1 8 1 10 7 12 1 1 1 10 12 1 1 7 1 10 12 1 10 12 1 1 7 1 10 12 1 1 10 12 1 1 10 12 1 7 1 10 12 10 12 1 8 1 10 7 12 1 1 8 1 8 1 10 12 1 7 1 10 10 12 1 10 12 1 1 1 1 1 1 1 1 1 1 1 1 1 1 1 1 1 1 1 1 100 1 1 1 1 1 1 1 1 1 1 1 1 1 1 1 1 1 1 1 1
staticfield jdk/internal/loader/ClassLoaders JLA Ljdk/internal/access/JavaLangAccess; java/lang/System$1
staticfield jdk/internal/loader/ClassLoaders BOOT_LOADER Ljdk/internal/loader/ClassLoaders$BootClassLoader; jdk/internal/loader/ClassLoaders$BootClassLoader
staticfield jdk/internal/loader/ClassLoaders PLATFORM_LOADER Ljdk/internal/loader/ClassLoaders$PlatformClassLoader; jdk/internal/loader/ClassLoaders$PlatformClassLoader
staticfield jdk/internal/loader/ClassLoaders APP_LOADER Ljdk/internal/loader/ClassLoaders$AppClassLoader; jdk/internal/loader/ClassLoaders$AppClassLoader
instanceKlass com/sun/javafx/fxml/builder/ProxyBuilder$ArrayListWrapper
ciInstanceKlass java/util/ArrayList 1 1 514 10 7 12 1 1 1 7 1 9 7 12 1 1 1 9 12 1 100 1 100 1 10 8 1 10 12 1 1 10 12 1 10 12 1 1 10 12 1 9 12 1 11 7 12 1 1 1 9 12 1 1 11 12 1 1 7 10 7 12 1 1 1 9 12 1 10 12 1 10 12 1 1 10 7 12 1 1 1 10 7 12 1 1 1 10 12 1 1 10 12 1 1 10 12 1 1 10 12 1 10 12 1 1 100 1 100 1 10 12 1 10 10 7 12 1 1 1 10 7 12 1 1 10 12 1 100 1 10 10 12 10 12 1 1 10 12 1 1 10 12 1 10 12 10 12 1 1 7 1 10 12 1 1 10 12 1 1 10 12 1 100 1 10 11 12 1 1 11 7 12 1 1 1 11 12 1 10 12 1 10 12 1 10 12 1 1 100 1 10 12 1 1 10 10 12 1 1 10 12 1 8 1 8 1 8 1 8 1 10 12 1 1 10 12 1 1 11 12 1 100 1 10 100 12 1 1 10 12 1 10 12 1 1 10 100 12 1 1 10 12 1 10 100 12 1 1 1 11 100 12 1 1 1 10 12 1 100 1 8 1 10 100 1 10 12 1 7 1 10 12 1 10 12 1 1 7 1 10 12 1 10 12 1 1 11 100 12 1 1 7 1 10 12 1 10 12 1 1 11 100 12 1 1 10 12 1 1 10 12 1 1 10 12 1 1 10 12 1 1 11 100 12 1 1 10 12 1 1 10 12 1 1 100 1 100 1 100 1 1 1 1 5 0 1 3 1 1 1 1 1 1 1 1 1 1 1 1 1 1 1 1 1 1 1 1 1 1 1 1 1 1 1 1 1 1 1 1 1 1 1 1 1 1 1 1 1 1 1 1 1 1 1 1 1 1 1 1 1 1 1 1 1 1 1 1 1 1 1 1 1 1 1 1 1 1 1 1 1 1 1 1 1 1 1 1 1 1 1 1 1 1 1 1 1 1 1 1 1 1 1 1 1 1 1 1 1 1 1 1 100 1 1 1 1 100 1 1 1 1 1 1 1 1 1 1 1 1 1 1 1 1 1 1 1 1 1 1 1 1 1 1 1 1 1 100 1 1 1 1 1 1 1 1 1 1 1 1 1 1 1 1 1 1 1 100 1 100 1 1 1 1 1 1
staticfield java/util/ArrayList EMPTY_ELEMENTDATA [Ljava/lang/Object; 0 [Ljava/lang/Object;
staticfield java/util/ArrayList DEFAULTCAPACITY_EMPTY_ELEMENTDATA [Ljava/lang/Object; 0 [Ljava/lang/Object;
ciInstanceKlass java/util/List 1 1 251 10 100 12 1 1 1 11 100 12 1 1 1 11 100 12 1 1 1 11 12 1 1 11 100 12 1 1 11 12 1 1 11 12 1 1 10 100 12 1 1 1 7 1 7 1 10 12 1 1 100 1 10 100 12 1 1 1 11 12 1 1 11 12 1 11 12 1 100 1 10 12 1 11 12 1 1 11 12 1 1 11 12 1 10 100 12 1 1 1 9 7 12 1 1 1 7 1 10 12 10 12 1 7 1 10 12 1 1 10 12 1 10 12 1 1 11 12 1 1 100 1 1 1 1 1 1 1 1 1 1 1 1 1 1 1 1 1 1 1 1 1 1 1 1 1 1 1 1 1 1 1 1 1 1 1 1 1 1 1 1 1 1 1 1 100 1 100 1 1 1 1 1 1 1 1 1 1 1 1 1 1 1 1 1 1 1 1 1 1 1 1 1 1 1 1 1 1 1 1 1 1 1 1 1 1 1 1 1 1 1 1 1 1 1 1 1 1 1 1 1 1 1 1 1 1 1 1 1 1 1 1 1 1 1 1 1 1 1 1 1 1 1 1 100 1 1 100 1 1 1
ciInstanceKlass java/util/SequencedCollection 1 1 104 100 1 10 12 1 1 11 100 12 1 1 1 11 100 12 1 1 1 11 12 1 1 11 12 1 100 1 100 1 1 1 1 1 1 1 1 1 1 1 1 1 1 1 1 1 1 1 1 1 1 1 1 1 1 1 1 1 100 1 8 1 12 10 1 1 8 1 1 1 8 1 1 8 1 1 1 8 1 1 8 1 1 1 8 1 1 8 1 8 1 1 8 1 1 1 8 1 1 8 1 1 8 1
ciInstanceKlass java/lang/Iterable 1 1 62 10 7 12 1 1 1 11 7 12 1 1 1 11 7 12 1 1 1 11 12 1 1 11 7 12 1 1 1 10 100 12 1 1 1 100 1 1 1 1 1 1 1 1 1 1 1 1 1 1 1 1 1 1 1 1 1 1 1 1 1 1
ciMethod java/util/List size ()I 0 0 1 0 -1
ciMethod java/util/List get (I)Ljava/lang/Object; 0 0 1 0 -1
ciMethod java/util/List clear ()V 0 0 1 0 -1
ciMethod java/util/List isEmpty ()Z 0 0 1 0 -1
ciMethod java/util/List add (Ljava/lang/Object;)Z 0 0 1 0 -1
ciMethod java/util/List subList (II)Ljava/util/List; 0 0 1 0 -1
ciInstanceKlass java/util/RandomAccess 1 0 7 100 1 100 1 1 1
instanceKlass java/util/EnumMap$Values
instanceKlass java/util/LinkedHashMap$LinkedValues
instanceKlass java/util/IdentityHashMap$Values
instanceKlass java/util/WeakHashMap$Values
instanceKlass java/util/AbstractQueue
instanceKlass java/util/HashMap$Values
instanceKlass java/util/ArrayDeque
instanceKlass java/util/AbstractSet
instanceKlass java/util/ImmutableCollections$AbstractImmutableCollection
instanceKlass java/util/AbstractList
ciInstanceKlass java/util/AbstractCollection 1 1 160 10 7 12 1 1 1 10 7 12 1 1 1 10 12 1 1 11 7 12 1 1 1 11 12 1 1 10 12 1 1 10 100 12 1 1 1 10 12 1 1 10 12 1 1 10 7 12 1 1 10 7 12 1 1 1 7 1 10 100 12 1 1 1 10 100 12 1 1 1 100 1 10 11 12 1 11 7 1 10 12 1 10 12 1 10 7 12 1 1 1 11 8 1 100 1 10 10 12 1 1 8 1 10 12 1 10 12 1 1 1 1 1 1 1 1 1 1 1 1 1 1 1 1 1 1 1 1 1 1 1 1 1 1 1 1 1 1 1 1 1 1 1 1 1 1 1 1 1 1 1 1 1 1 1 1 1 1 1 1
ciMethod java/util/AbstractCollection size ()I 0 0 1 0 -1
ciMethod java/util/AbstractCollection isEmpty ()Z 1024 0 16896 0 120
ciMethod java/util/AbstractCollection contains (Ljava/lang/Object;)Z 0 0 1 0 -1
ciMethod java/util/AbstractCollection containsAll (Ljava/util/Collection;)Z 1024 246 1579 0 0
ciMethod java/util/AbstractCollection <init> ()V 754 0 27929 0 0
instanceKlass javafx/scene/control/skin/VirtualFlow$ArrayLinkedList
instanceKlass com/sun/javafx/UnmodifiableArrayList
instanceKlass java/util/Collections$SingletonList
instanceKlass java/util/AbstractList$SubList
instanceKlass java/util/Vector
instanceKlass javafx/collections/ObservableListBase
instanceKlass javafx/collections/FXCollections$EmptyObservableList
instanceKlass java/util/Arrays$ArrayList
instanceKlass sun/security/jca/ProviderList$2
instanceKlass java/util/AbstractSequentialList
instanceKlass java/util/ArrayList$SubList
instanceKlass java/util/Collections$EmptyList
instanceKlass java/util/ArrayList
ciInstanceKlass java/util/AbstractList 1 1 218 10 7 12 1 1 1 9 7 12 1 1 1 10 12 1 1 10 12 1 1 100 1 10 10 12 1 1 11 7 12 1 1 1 11 12 1 1 11 12 1 10 7 12 1 1 1 10 12 1 11 12 1 11 12 1 11 12 1 10 12 1 1 10 12 1 1 11 100 12 1 1 1 11 7 1 11 7 1 10 12 1 7 1 10 12 1 10 12 1 1 7 1 7 1 10 12 1 100 1 10 100 1 100 1 10 8 1 10 12 1 1 10 12 1 10 12 1 1 10 12 1 8 1 100 1 8 1 8 1 8 1 10 7 1 11 10 10 12 1 11 12 1 10 12 1 1 8 1 8 1 1 1 1 1 1 1 1 1 1 1 1 1 1 1 1 1 1 1 1 1 1 1 1 1 1 1 1 1 1 1 1 1 1 1 1 1 1 1 1 1 1 1 1 1 1 1 1 1 1 1 1 1 1 1 1 1 1 100 1 100 1 1 1 1 1 1 1
ciMethod java/util/AbstractList <init> ()V 210 0 19815 0 80
ciMethod java/util/ArrayList size ()I 274 0 137 0 0
ciMethod java/util/ArrayList isEmpty ()Z 770 0 6843 0 88
ciMethod java/util/ArrayList get (I)Ljava/lang/Object; 1024 0 11883 0 200
ciMethod java/util/ArrayList elementData (I)Ljava/lang/Object; 1024 0 19340 0 144
ciMethod java/util/ArrayList <init> ()V 88 0 11280 0 105
ciInstanceKlass java/util/Comparator 1 1 288 10 100 12 1 1 1 10 100 12 1 1 1 18 12 1 1 100 1 100 1 11 12 1 1 11 12 1 11 12 1 11 12 1 1 11 12 1 1 11 12 1 1 10 12 1 9 100 12 1 1 1 100 1 10 12 1 1 18 12 1 18 12 18 12 18 12 18 12 10 100 12 1 1 1 10 100 12 1 1 1 8 1 10 12 1 1 8 1 8 1 8 1 8 1 8 1 10 12 1 10 12 1 8 10 100 1 10 12 1 8 10 12 1 8 1 10 12 1 10 12 1 8 1 10 12 1 1 100 1 8 1 100 1 8 1 8 1 100 1 8 1 8 1 100 1 100 1 8 1 10 12 1 11 12 1 1 10 100 12 1 1 11 12 1 1 10 100 12 1 1 11 12 1 1 10 100 12 1 1 11 12 1 100 1 11 12 1 11 12 1 1 1 1 1 1 1 1 1 1 1 1 1 1 1 1 1 1 1 1 1 1 1 1 1 1 1 1 1 1 1 1 1 1 1 1 1 1 1 1 1 1 1 1 1 1 1 1 1 1 1 1 1 1 1 1 1 1 1 1 16 15 11 12 3 3 15 11 12 15 11 12 15 11 12 15 11 12 15 11 12 15 10 100 12 1 1 1 1 100 1 1 1 100 1 100 1 1
instanceKlass java/util/concurrent/ConcurrentSkipListMap$KeySet
instanceKlass java/util/WeakHashMap$EntrySet
instanceKlass javafx/collections/FXCollections$UnmodifiableObservableSet
instanceKlass java/util/TreeMap$KeySet
instanceKlass java/util/TreeSet
instanceKlass java/util/LinkedHashMap$LinkedEntrySet
instanceKlass java/util/Collections$SingletonSet
instanceKlass javafx/collections/FXCollections$EmptyObservableSet
instanceKlass java/lang/ProcessEnvironment$CheckedEntrySet
instanceKlass java/util/LinkedHashMap$LinkedKeySet
instanceKlass java/util/concurrent/CopyOnWriteArraySet
instanceKlass java/util/TreeMap$EntrySet
instanceKlass java/util/concurrent/ConcurrentSkipListSet
instanceKlass java/util/EnumSet
instanceKlass java/util/IdentityHashMap$KeySet
instanceKlass jdk/internal/util/ReferencedKeySet
instanceKlass java/util/HashMap$KeySet
instanceKlass java/util/WeakHashMap$KeySet
instanceKlass java/util/Collections$SetFromMap
instanceKlass java/util/HashSet
instanceKlass java/util/ImmutableCollections$MapN$1
instanceKlass java/util/Collections$EmptySet
instanceKlass java/util/HashMap$EntrySet
ciInstanceKlass java/util/AbstractSet 1 1 96 10 7 12 1 1 1 7 1 7 1 11 12 1 1 10 7 1 10 12 1 1 100 1 100 1 10 12 1 1 11 7 12 1 1 1 11 12 1 1 10 100 12 1 1 10 7 12 1 1 1 11 10 12 1 1 11 12 1 11 12 1 1 1 1 1 1 1 1 1 1 1 1 1 1 1 1 100 1 1 1 1 1 1 1 1 1 1 1 1 1 1 1 1 1 1
ciInstanceKlass java/lang/annotation/Annotation 1 0 17 100 1 100 1 1 1 1 1 1 1 1 1 1 1 1 1
ciInstanceKlass java/util/Collections 1 1 933 10 7 12 1 1 1 11 7 12 1 1 1 7 1 11 12 1 1 7 1 10 12 1 1 10 12 1 11 12 1 1 100 1 11 12 1 1 11 12 1 1 10 12 1 11 100 12 1 1 11 12 1 1 11 12 1 10 12 1 10 12 1 10 12 11 100 12 1 1 1 10 12 1 1 11 12 1 11 12 1 1 9 12 1 1 100 1 10 10 12 1 1 10 12 1 11 100 12 1 1 1 11 12 1 1 10 12 1 11 12 1 100 1 8 1 10 12 1 11 7 12 1 1 1 11 100 1 11 12 1 1 10 12 1 1 10 12 1 10 12 1 1 10 12 1 11 12 1 1 10 12 1 1 10 12 1 1 10 12 1 1 11 12 1 1 7 1 10 12 1 11 100 1 100 1 10 12 1 11 7 1 7 1 10 12 1 11 100 1 100 1 10 12 1 11 100 1 100 1 10 12 1 11 100 1 100 1 10 12 1 11 7 1 11 7 1 10 12 10 11 7 1 7 1 10 12 1 11 100 1 100 1 10 11 100 1 100 1 10 12 1 11 100 1 100 1 10 12 1 100 1 10 10 12 1 7 1 10 10 12 1 100 1 10 100 1 10 100 1 10 100 1 10 10 12 1 10 7 1 10 100 1 10 100 1 10 100 1 10 12 1 10 100 12 1 1 1 100 1 100 1 10 12 1 100 1 10 12 1 100 1 10 12 1 100 1 10 12 1 100 1 10 12 1 100 1 10 100 1 10 12 1 100 1 10 12 1 100 1 10 12 1 9 7 12 1 1 1 9 100 12 1 1 9 7 12 1 1 1 9 12 1 1 9 12 1 1 9 12 1 1 9 12 1 1 9 12 1 1 7 1 10 12 7 1 10 7 1 10 7 1 10 7 1 10 12 1 100 1 100 1 10 8 1 10 12 1 1 10 12 1 10 12 1 1 10 100 1 10 12 1 9 100 12 1 1 1 9 100 12 1 1 1 100 1 9 12 1 1 10 12 7 1 10 100 1 10 11 100 12 1 1 11 12 1 10 12 1 11 11 12 1 11 11 12 1 8 1 7 1 10 11 100 1 10 12 1 100 1 10 100 12 1 1 1 100 1 10 12 1 7 1 10 7 1 10 7 1 10 1 1 1 3 1 3 1 3 1 3 1 3 1 3 1 3 1 3 1 1 1 1 1 1 1 1 1 1 1 1 1 1 1 1 1 1 1 1 1 1 1 1 1 1 1 1 1 1 1 1 1 1 1 1 1 1 1 1 1 1 1 1 1 1 1 1 1 1 1 1 1 1 1 1 1 1 1 1 1 1 1 1 1 1 1 1 1 1 1 1 1 1 1 1 1 1 1 1 1 1 1 1 1 1 1 1 1 1 1 1 1 1 1 1 1 1 1 1 1 1 1 1 1 1 1 1 1 1 1 1 1 1 1 1 1 1 1 1 1 1 1 1 1 1 1 1 1 1 1 1 1 1 1 1 1 1 1 1 1 1 1 1 1 1 1 1 1 1 1 1 1 1 1 1 1 1 1 1 1 1 1 1 1 1 1 1 1 1 1 1 1 1 1 1 1 1 1 1 1 1 1 1 1 1 1 1 1 1 1 1 1 1 1 1 1 1 1 1 1 1 1 1 1 1 1 1 1 1 1 1 1 1 1 1 1 1 1 1 1 1 1 1 1 1 1 1 1 1 1 1 1 1 1 1 1 1 1 1 1 1 1 1 1 1 1 1 1 1 1 1 1 1 1 1 1 1 1 1 1 1 1 1 1 1 1 1 1 1 1 1 1 1 1 1 1 1 1 1 1 1 1 1 1 1 1 1 1 1 1 1 1 1 1 1 1 1 1 1 1 1 1 1 1 1 1 1 1 1 1 1 1 1 1 1 1 1 1 1 1 1 1 1 1 1 1 1 1 1 1 1 100 1 100 1 100 1 100 1 100 1 100 1 100 1 100 1 100 1 100 1 100 1 100 1 100 1 1 1 1 1 1 1 1 1 1 1 1 1 1 1 1 1 1 1 1 1 1 1 1 1 1 1 1 1 1 1 1 1 1 1 1 1 1 1 1 1 1 100 1 1 1 1 1 1 1 1 1 1 1 1 1 1 1
staticfield java/util/Collections EMPTY_SET Ljava/util/Set; java/util/Collections$EmptySet
staticfield java/util/Collections EMPTY_LIST Ljava/util/List; java/util/Collections$EmptyList
staticfield java/util/Collections EMPTY_MAP Ljava/util/Map; java/util/Collections$EmptyMap
instanceKlass java/lang/ClassValue$ClassValueMap
ciInstanceKlass java/util/WeakHashMap 1 1 402 7 1 10 7 12 1 1 1 7 1 10 9 7 12 1 1 1 100 1 100 1 10 8 1 10 12 1 1 10 12 1 10 12 1 1 10 12 1 3 10 7 12 1 1 1 8 1 10 12 1 10 7 12 1 1 1 10 12 1 1 9 12 1 1 9 12 1 1 9 12 1 1 4 10 12 1 11 7 12 1 1 1 6 0 10 100 12 1 1 1 10 12 1 1 10 12 1 1 9 12 1 1 10 12 1 1 10 12 1 1 10 7 12 1 1 10 12 1 10 12 1 1 9 12 1 10 12 1 9 12 1 1 9 12 1 9 12 10 12 1 10 10 12 1 1 10 12 1 10 12 1 1 10 12 1 1 10 12 1 1 9 12 1 10 12 1 10 12 1 1 100 1 3 10 12 1 1 11 12 1 1 11 7 12 1 1 1 11 7 12 1 1 1 11 12 7 1 11 12 1 11 12 1 10 12 1 1 10 10 7 12 1 1 1 10 12 1 9 12 1 1 7 1 10 12 1 9 12 1 1 7 1 10 9 12 7 1 10 10 100 12 1 1 10 12 1 11 100 12 1 1 1 100 1 10 11 100 12 1 1 8 1 10 12 1 10 12 10 1 1 3 1 1 1 1 1 1 1 1 1 1 1 1 1 1 1 1 1 1 1 1 1 1 1 1 1 1 1 1 1 1 1 1 1 100 1 1 1 1 1 100 1 1 1 1 1 1 1 1 1 1 1 1 1 1 1 1 1 1 1 1 1 1 1 1 1 1 1 1 1 1 1 1 1 100 1 1 1 1 1 1 1 1 1 1 1 1 1 1 1 1 1 1 1 1 1 1 1 1 1 1 1 100 1 100 1 100 1 100 1 100 1 100 1 100 1 100 1 1 1 1 1 1 1 1 1 1 1 1 1 1
staticfield java/util/WeakHashMap NULL_KEY Ljava/lang/Object; java/lang/Object
ciInstanceKlass java/util/ArrayList$SubList 1 1 279 10 7 12 1 1 1 9 7 12 1 1 1 9 12 1 1 9 12 1 1 9 12 1 9 7 12 1 1 9 10 7 12 1 1 1 10 12 1 10 12 1 1 9 12 1 10 12 1 1 10 12 1 1 10 12 1 10 12 1 10 12 1 1 10 12 1 1 11 100 12 1 1 10 10 12 1 1 10 12 1 1 9 10 12 1 10 12 1 1 10 100 12 1 1 1 10 100 12 1 1 1 10 12 1 10 7 12 1 1 1 100 1 10 12 1 1 10 12 1 10 12 1 1 10 12 1 10 12 1 1 10 12 1 1 100 1 10 12 1 10 12 1 1 10 12 1 100 1 10 12 1 1 10 12 1 100 1 10 8 1 10 12 1 1 10 12 1 8 1 10 12 1 1 100 1 10 100 1 10 12 1 10 12 1 1 100 1 1 1 1 1 1 1 1 1 1 1 1 1 1 1 1 1 1 1 1 1 1 1 1 1 1 1 1 1 1 1 1 1 1 1 1 1 1 1 1 1 1 1 1 1 1 1 1 1 1 1 1 1 1 1 1 1 1 1 1 1 1 1 1 1 1 1 1 1 1 1 1 1 1 1 1 1 1 1 1 1 1 1 1 1 1 1 1 1 1 1 1
ciMethod java/util/ArrayList$SubList size ()I 520 0 8836 0 0
ciMethod java/util/ArrayList$SubList get (I)Ljava/lang/Object; 1024 0 6646 0 0
ciMethod java/util/ArrayList$SubList checkForComodification ()V 772 0 15505 0 0
instanceKlass java/util/LinkedHashMap$Entry
ciInstanceKlass java/util/HashMap$Node 1 1 95 10 7 12 1 1 1 9 7 12 1 1 1 9 12 1 1 9 12 1 9 12 1 1 100 1 10 10 12 1 1 8 1 10 12 1 10 12 1 1 10 7 12 1 1 1 100 1 11 12 1 1 10 12 1 1 11 12 1 1 1 1 1 1 1 1 1 1 1 1 1 1 1 1 1 1 1 1 1 1 1 1 1 1 1 1 1 1 100 1 1 1 100 1 1
ciInstanceKlass java/util/HashMap$TreeNode 1 1 250 7 1 10 7 12 1 1 1 9 7 12 1 1 1 9 12 1 1 9 12 1 9 12 1 1 9 12 1 1 10 12 1 1 100 1 10 12 1 9 12 1 9 12 1 9 12 1 1 10 7 12 1 1 1 10 12 1 1 10 12 1 1 10 12 1 1 10 12 1 1 10 12 1 1 10 7 12 1 1 1 10 7 12 1 1 1 10 7 12 1 1 1 9 12 1 10 12 1 1 10 12 1 1 10 12 1 1 10 12 1 1 9 7 1 10 12 1 1 10 12 1 1 10 12 1 10 12 1 1 10 12 1 10 12 1 10 12 1 1 1 1 1 1 1 1 1 1 1 1 1 1 1 1 1 1 1 1 1 1 1 1 1 1 100 1 1 1 1 1 1 1 1 1 1 1 1 1 1 1 1 1 1 1 1 1 1 1 1 1 1 1 1 1 1 1 1 1 1 1 1 1 1 1 1 1 1 1 1 1 1 1 1 1 1 1 1 1 1 1 1 1 1 1 1 1 1 1 1 1 1 1 1 1 1 1 1 1 1 1 1 1 1 1 1 100 1 1 1 1
staticfield java/util/HashMap$TreeNode $assertionsDisabled Z 1
ciMethod java/util/HashMap$TreeNode find (ILjava/lang/Object;Ljava/lang/Class;)Ljava/util/HashMap$TreeNode; 820 1730 654 0 -1
ciMethod java/util/HashMap$TreeNode root ()Ljava/util/HashMap$TreeNode; 0 0 1 0 -1
ciMethod java/util/HashMap$TreeNode getTreeNode (ILjava/lang/Object;)Ljava/util/HashMap$TreeNode; 612 0 306 0 0
ciInstanceKlass java/util/Arrays$ArrayList 1 1 149 10 7 12 1 1 1 10 7 12 1 1 1 7 1 9 7 12 1 1 10 7 12 1 1 1 10 12 1 1 10 7 12 1 1 1 10 100 12 1 1 1 10 12 1 1 10 12 1 1 100 1 10 100 12 1 1 1 11 100 12 1 1 1 11 100 12 1 1 10 12 1 1 7 1 10 12 1 100 1 100 1 1 1 1 5 0 1 1 1 1 1 1 1 1 1 1 1 1 1 1 1 1 1 1 1 1 1 1 1 1 1 1 1 1 1 1 1 1 1 1 1 1 1 1 1 1 1 1 1 1 1 1 1 1 1 1 1 1 1 1 1 1 1 1 1 1 1 1
ciMethod java/util/Arrays$ArrayList size ()I 2412 0 626 0 0
ciMethod java/util/Arrays$ArrayList get (I)Ljava/lang/Object; 62 0 31 0 0
instanceKlass java/util/Collections$UnmodifiableList
instanceKlass java/util/Collections$UnmodifiableSet
ciInstanceKlass java/util/Collections$UnmodifiableCollection 1 1 136 10 7 12 1 1 1 100 1 10 9 7 12 1 1 1 11 7 12 1 1 1 11 12 1 1 11 12 1 1 11 12 1 1 11 12 1 11 12 1 11 12 1 1 7 1 10 12 1 100 1 10 11 12 1 1 11 12 1 1 11 12 1 1 11 12 1 1 11 12 1 100 1 1 1 1 5 0 1 1 1 1 1 1 1 1 1 1 1 1 1 1 1 1 1 1 1 1 1 1 1 1 1 1 1 1 1 1 1 1 1 1 1 1 1 1 1 1 1 1 1 1 1 1 1 1 1 1 1 1 1 1 100 1 1 1
ciMethod java/util/Collections$UnmodifiableCollection size ()I 1024 0 13621 0 0
instanceKlass java/util/Collections$UnmodifiableRandomAccessList
ciInstanceKlass java/util/Collections$UnmodifiableList 1 1 125 10 7 12 1 1 1 9 7 12 1 1 1 11 7 12 1 1 1 11 12 1 1 11 12 1 1 100 1 10 12 1 11 12 1 1 11 12 1 10 12 1 1 100 1 10 12 1 11 12 1 1 10 12 1 100 1 100 1 10 1 1 1 5 0 1 1 1 1 1 1 1 1 1 1 1 1 1 1 1 1 1 1 1 1 1 1 1 1 1 1 1 1 1 1 1 1 1 1 1 1 1 1 1 1 1 1 1 1 1 1 1 1 1 1 1 1 1 1 100 1 1 1 1 1
ciMethod java/util/Collections$UnmodifiableList get (I)Ljava/lang/Object; 1024 0 8325 0 328
ciInstanceKlass java/util/Collections$UnmodifiableRandomAccessList 1 1 52 10 7 12 1 1 1 100 1 9 12 1 1 11 100 12 1 1 1 10 100 1 1 1 1 5 0 1 1 1 1 1 1 1 1 1 1 1 1 1 1 1 1 1 1 1 1 100 1 1 1 1
ciInstanceKlass java/util/Collections$EmptyList 1 1 150 10 7 12 1 1 1 10 7 12 1 1 1 10 12 1 1 11 100 12 1 1 1 100 1 100 1 100 1 10 8 1 10 12 1 1 10 12 1 10 12 1 1 10 12 1 7 1 11 10 100 12 1 1 1 10 100 12 1 1 1 9 12 1 1 100 1 100 1 100 1 1 1 1 5 0 1 1 1 1 1 1 1 1 1 1 1 1 1 1 1 1 1 1 1 1 1 1 1 1 1 1 1 1 1 1 1 1 1 1 1 1 1 1 1 1 1 1 1 1 1 1 1 1 1 1 1 1 1 1 1 1 1 1 1 1 1 1 1 1 1 1 1 1 1 1 1 1 1 1
ciMethod java/util/Collections$EmptyList isEmpty ()Z 358 0 179 0 0
ciInstanceKlass java/lang/module/ModuleDescriptor$Requires 1 1 205 10 7 12 1 1 1 9 7 12 1 1 1 100 1 10 11 7 12 1 1 1 9 12 1 1 9 12 1 1 9 12 1 1 9 12 1 11 12 1 1 11 100 12 1 1 1 11 12 1 1 100 1 10 12 1 1 9 100 12 1 1 1 10 100 12 1 1 1 10 100 12 1 1 1 10 7 12 1 1 1 10 12 1 10 12 10 7 12 1 1 1 10 12 1 1 10 7 12 1 1 1 10 100 12 1 1 1 10 12 1 10 12 1 1 11 10 100 12 1 1 10 12 1 10 12 1 1 10 100 1 10 10 12 1 1 8 1 10 12 1 8 1 10 10 12 1 10 12 1 10 7 12 1 1 100 1 1 1 1 1 1 1 1 1 1 1 1 1 1 1 1 1 1 1 1 1 1 1 1 1 1 1 1 1 1 1 1 1 1 1 1 1 1 1 1 1 1 1 1 1 1 1 1 1
staticfield java/lang/module/ModuleDescriptor$Requires $assertionsDisabled Z 1
ciInstanceKlass java/util/zip/ZipFile$Source$Key 1 1 82 10 7 12 1 1 1 9 7 12 1 1 1 9 12 1 1 9 12 1 1 10 7 12 1 1 1 11 7 12 1 1 1 10 7 12 1 1 1 11 12 1 1 10 7 12 1 1 10 10 7 1 10 12 1 1 10 10 10 1 1 1 1 1 1 1 1 1 1 1 1 1 1 1 1 7 1 1 100 1 1 1
ciMethod java/util/Collections emptyMap ()Ljava/util/Map; 76 0 41 0 -1
ciMethod java/util/Collections sort (Ljava/util/List;Ljava/util/Comparator;)V 116 0 207 0 -1
ciMethod java/util/HashMap getNode (Ljava/lang/Object;)Ljava/util/HashMap$Node; 782 12 36342 0 616
ciMethod java/util/HashMap hash (Ljava/lang/Object;)I 1024 0 58741 0 200
ciMethod java/util/HashMap <init> (I)V 512 0 775 0 -1
ciMethod java/util/Objects checkIndex (II)I 1024 0 19237 0 -1
ciMethod java/util/Collection iterator ()Ljava/util/Iterator; 0 0 1 0 -1
ciMethod java/util/Collection size ()I 0 0 1 0 -1
ciMethod jdk/internal/util/ArraysSupport hashCodeOfUTF16 ([BIII)I 0 0 8 0 -1
ciMethod jdk/internal/util/ArraysSupport hashCodeOfUnsigned ([BIII)I 72 0 9649 0 680
ciMethod jdk/internal/util/ArraysSupport vectorizedHashCode (Ljava/lang/Object;IIII)I 1024 0 9660 0 -1
ciMethod java/util/Iterator next ()Ljava/lang/Object; 0 0 1 0 -1
ciMethod java/util/Iterator hasNext ()Z 0 0 1 0 -1
ciMethod java/util/Set containsAll (Ljava/util/Collection;)Z 0 0 1 0 -1
ciMethod java/util/Set size ()I 0 0 1 0 -1
ciMethod java/lang/String trim ()Ljava/lang/String; 1024 0 8408 0 -1
ciMethod java/lang/String isLatin1 ()Z 732 0 163391 0 88
ciMethod java/util/Map get (Ljava/lang/Object;)Ljava/lang/Object; 0 0 1 0 -1
ciMethod java/util/Map put (Ljava/lang/Object;Ljava/lang/Object;)Ljava/lang/Object; 0 0 1 0 -1
ciMethod java/util/Map isEmpty ()Z 0 0 1 0 -1
ciMethod java/lang/Object getClass ()Ljava/lang/Class; 256 0 128 0 -1
ciMethod java/lang/Object <init> ()V 842 0 366836 0 120
ciInstanceKlass java/lang/AssertionError 0 0 79 10 100 12 1 1 1 10 12 1 10 100 12 1 1 1 10 100 1 100 1 10 12 1 1 10 12 1 10 12 1 10 12 1 10 12 1 10 12 1 10 12 1 10 12 1 1 1 1 5 0 1 1 1 1 1 1 1 1 1 1 100 1 1 1 1 1 1 1 1 1 1 1 1 1 1 1 1 1
ciInstanceKlass java/util/NoSuchElementException 0 0 34 10 100 12 1 1 1 10 12 1 10 12 1 10 12 1 100 1 1 1 1 5 0 1 1 1 1 1 1 1 1 1 1 1
ciInstanceKlass javafx/beans/Observable 1 0 10 100 100 1 1 1 1 1 1 1
instanceKlass javafx/beans/property/ObjectPropertyBase
ciInstanceKlass javafx/beans/property/ObjectProperty 1 1 85 10 10 10 10 10 10 100 8 10 8 10 10 8 8 10 8 8 10 8 10 7 7 100 100 1 1 1 1 1 1 1 1 1 1 1 1 1 1 1 100 100 1 1 1 12 12 100 12 12 12 12 1 1 12 1 12 12 1 1 12 1 1 12 1 12 1 1 1 1 1 1 1 1 1 1 1 1 1 1 1 1 1 1 1
ciInstanceKlass javafx/beans/value/ObservableObjectValue 1 0 14 100 100 100 1 1 1 1 1 1 1 1 1 1
ciInstanceKlass javafx/collections/ObservableList 1 1 142 100 10 100 10 100 10 11 100 100 100 100 1 1 1 1 1 1 1 1 1 1 1 1 1 1 1 1 1 1 1 1 1 1 1 1 1 1 1 1 1 1 1 12 1 12 1 12 12 1 1 1 1 1 1 1 1 1 100 1 8 1 12 10 1 1 8 1 1 8 1 1 1 8 1 1 8 1 1 1 8 1 1 1 8 1 1 8 1 1 1 8 1 1 1 8 1 8 1 1 1 8 1 1 1 8 1 1 8 1 1 1 8 1 1 8 1 8 1 1 8 1 1 1 8 1 8 1 8 1 1 1 8 1 1 8 1 1 8 1 1 8
ciInstanceKlass javafx/collections/ObservableSet 1 0 74 100 100 100 100 1 1 1 1 1 1 1 1 1 1 1 1 1 100 1 8 1 1 12 10 1 1 1 8 1 1 1 8 1 1 1 8 1 1 1 8 1 1 8 1 1 1 8 1 1 8 1 1 1 8 1 1 8 1 1 1 8 1 1 8 1 1 8 1 1 8 1 1 8
ciInstanceKlass com/sun/javafx/collections/SortableList 1 0 100 100 100 100 1 1 1 1 1 1 1 1 1 1 1 1 100 1 8 1 1 12 10 1 1 1 8 1 1 8 1 1 1 8 1 1 8 1 1 1 8 1 1 8 1 1 8 1 1 1 8 1 1 1 8 1 8 1 1 1 8 1 1 1 8 1 1 8 1 1 1 8 1 1 8 1 1 1 8 1 1 8 1 1 1 8 1 1 8 1 1 8 1 1 1 8 1 1 8 1
instanceKlass com/sun/javafx/scene/control/ReadOnlyUnbackedObservableList
instanceKlass com/sun/javafx/scene/control/SelectedItemsReadOnlyObservableList
instanceKlass javafx/collections/transformation/TransformationList
instanceKlass javafx/collections/FXCollections$UnmodifiableObservableListImpl
instanceKlass javafx/collections/ModifiableObservableListBase
ciInstanceKlass javafx/collections/ObservableListBase 1 1 131 10 7 10 9 10 10 10 10 10 10 10 10 10 9 10 10 10 10 10 10 10 10 10 100 10 10 10 10 7 7 100 1 1 1 1 1 1 1 1 1 1 1 1 1 1 1 1 1 1 1 1 1 1 1 1 1 1 1 1 1 1 1 1 1 1 100 1 1 1 1 1 1 1 1 1 1 1 1 1 1 1 1 1 1 12 1 12 12 12 12 12 12 12 12 12 12 12 12 7 12 12 12 12 12 12 7 12 12 12 1 12 12 12 1 1 1 100 1 1 1 1 1 1 1 1 1 1 1 1 1
instanceKlass com/sun/javafx/collections/ObservableListWrapper
ciInstanceKlass javafx/collections/ModifiableObservableListBase 1 1 103 10 10 10 10 10 10 10 10 10 10 10 10 9 10 10 10 10 10 10 7 10 10 7 7 1 1 1 1 1 1 1 1 1 100 1 1 1 1 1 1 1 1 1 1 1 1 1 1 1 1 1 1 1 1 1 1 1 1 1 1 1 1 1 1 1 1 1 12 12 12 12 12 12 12 12 12 12 12 12 12 12 12 12 12 12 1 12 12 1 1 1 1 1 1 1 1 1 1 1 1 1 1
instanceKlass com/sun/javafx/collections/TrackableObservableList
ciInstanceKlass com/sun/javafx/collections/ObservableListWrapper 1 1 193 10 10 10 10 9 9 100 100 10 10 11 11 10 11 11 10 11 11 11 11 11 10 10 10 10 11 9 10 7 11 10 11 10 10 10 11 10 10 100 10 10 10 9 100 10 7 7 100 100 100 1 1 1 1 1 1 1 1 1 1 1 1 1 1 1 1 7 100 1 1 1 1 1 1 1 1 1 1 1 100 1 1 1 1 1 1 1 1 1 1 1 1 1 1 1 1 1 1 1 1 1 1 1 1 1 1 1 1 1 1 100 12 12 12 12 12 12 1 1 12 12 12 12 12 12 12 12 12 12 12 12 12 12 12 12 12 1 7 12 12 12 12 12 12 100 1 1 12 12 12 12 1 1 1 1 1 1 1 1 1 1 1 1 1 1 1 1 1 1 1 1 1 1 1 1 1 1 1 1 1 1 1 1 1 1 100 1 1 1 100 1 1
ciInstanceKlass javafx/event/EventTarget 1 0 9 100 100 1 1 1 1 1 1
instanceKlass javafx/stage/PopupWindow
instanceKlass javafx/stage/Stage
ciInstanceKlass javafx/stage/Window 1 1 682 10 9 10 9 10 9 10 9 7 10 9 9 7 8 10 9 8 9 7 8 10 9 7 8 10 9 7 8 10 9 9 8 7 6 0 9 9 8 9 9 8 9 9 8 9 7 10 9 7 10 9 7 10 9 9 7 10 10 9 10 10 9 9 10 10 10 10 6 0 10 10 10 10 10 10 10 10 10 7 6 0 10 10 6 0 10 4 4 10 10 10 10 10 10 10 10 10 10 10 10 10 10 10 10 10 11 10 10 9 100 10 10 11 10 9 11 11 10 10 7 10 10 9 100 10 10 10 9 10 100 7 10 10 9 100 10 10 9 100 10 10 9 100 10 10 9 100 10 10 10 10 10 10 9 100 10 10 7 9 10 10 10 10 10 10 10 9 10 7 8 10 7 10 10 11 9 10 11 11 10 10 10 10 7 10 10 10 10 10 10 10 10 9 10 7 10 10 7 100 1 1 1 1 1 1 1 1 1 1 1 1 1 1 1 1 1 1 1 1 1 1 1 1 1 1 1 1 1 1 1 1 1 1 1 1 1 1 1 1 1 1 1 1 1 1 1 1 1 1 1 1 1 1 1 1 1 1 1 1 1 1 1 1 1 1 1 1 1 1 1 1 1 1 100 1 1 1 1 1 1 1 1 1 1 1 1 1 1 1 1 1 7 1 1 1 1 1 1 1 1 1 1 1 1 1 1 1 1 1 1 1 1 1 1 1 1 1 1 1 1 1 1 1 1 1 1 1 1 1 1 1 1 1 1 1 1 1 1 1 1 1 1 1 1 1 1 1 1 1 1 1 1 1 1 1 1 1 1 1 1 1 1 1 1 1 1 1 1 1 1 1 1 1 1 1 1 1 1 1 1 1 1 1 1 1 1 1 1 1 1 1 1 1 1 1 1 1 1 1 1 1 1 1 1 1 1 1 1 1 1 1 1 1 1 1 100 12 100 12 12 12 12 12 7 12 12 1 12 12 12 1 12 12 12 1 12 12 1 12 12 1 12 12 1 12 12 12 12 12 12 12 1 12 1 12 1 12 12 1 7 12 12 12 12 7 12 12 12 12 100 12 12 12 12 12 12 12 12 12 1 12 12 12 12 7 12 12 100 12 12 12 12 12 12 12 12 12 12 7 100 12 12 12 1 7 12 100 12 12 12 12 12 12 12 1 12 12 12 1 12 12 7 12 1 1 12 12 1 12 12 1 12 12 1 12 12 1 7 12 12 12 12 7 12 12 1 12 1 12 12 12 7 12 12 12 12 12 12 12 1 12 1 7 12 7 12 12 12 12 12 12 12 12 12 1 12 100 12 12 12 7 12 12 12 12 1 12 1 1 1 1 1 1 1 1 1 1 1 1 1 1 1 1 1 1 1 1 1 1 1 1 1 1 1 1 1 1 1 1 1 1 1 1 1 1 1 1 1 1 1 1 1 1 1 1 1 1 1 1 1 1 1 1 1 1 1 1 1 1 1 1 1 1 1 1 1 1 1 1 1 1 1 1 1 1 1 1 1 1 1 1 1 1 1 1 1 1 100 1 1 1
staticfield javafx/stage/Window USER_DATA_KEY Ljava/lang/Object; java/lang/Object
staticfield javafx/stage/Window $assertionsDisabled Z 1
ciInstanceKlass javafx/css/Styleable 1 1 27 100 100 1 1 1 1 1 1 1 1 1 1 1 1 1 1 1 1 1 1 1 1 1 1 1 1
instanceKlass javafx/scene/shape/Shape3D
instanceKlass javafx/scene/shape/Shape
instanceKlass javafx/scene/SubScene
instanceKlass javafx/scene/image/ImageView
instanceKlass javafx/scene/Camera
instanceKlass javafx/scene/Parent
ciInstanceKlass javafx/scene/Node 1 1 3349 7 10 10 9 10 10 10 10 10 5 0 9 9 10 9 10 10 10 10 9 9 9 9 10 10 9 9 10 9 10 10 9 9 10 10 10 10 10 18 10 9 10 9 10 10 10 10 9 10 10 10 9 10 10 10 9 10 9 10 10 10 9 10 10 10 10 9 10 10 9 10 10 10 9 7 10 10 11 10 9 11 11 10 10 9 10 7 10 7 10 10 10 7 9 10 10 10 10 10 10 10 9 10 7 10 9 10 10 10 10 10 9 10 10 10 10 9 10 9 10 10 10 10 7 10 10 10 10 10 10 9 10 7 7 10 9 10 9 8 7 10 10 10 9 10 7 10 10 10 9 9 10 10 10 10 10 9 10 7 10 10 9 10 7 7 10 10 9 10 10 10 7 10 10 10 9 10 10 10 9 10 10 10 9 10 10 10 9 10 9 10 9 10 10 10 10 9 7 8 10 10 10 9 10 10 7 10 10 10 10 10 10 10 10 10 10 100 10 100 10 11 10 10 9 9 10 10 10 11 11 10 10 10 10 10 10 10 10 100 10 10 10 10 10 10 10 10 9 10 10 10 10 10 10 10 10 10 10 100 10 10 10 10 10 10 10 10 100 8 10 10 18 10 10 9 10 10 10 10 10 10 10 10 10 10 10 10 10 10 10 10 100 8 10 10 8 9 10 10 9 10 8 10 10 10 10 9 7 4 10 18 9 18 9 18 18 7 10 7 10 7 10 9 9 10 9 9 9 9 9 9 9 9 9 7 10 9 10 10 10 9 7 10 10 9 7 10 10 9 7 10 10 10 10 10 10 10 9 10 10 18 10 10 10 10 10 10 10 10 6 0 10 10 10 10 10 9 10 10 10 10 6 0 10 10 100 10 9 100 10 10 10 10 10 10 10 10 10 10 10 10 10 10 10 9 10 10 9 10 10 10 10 10 10 10 10 10 10 10 10 9 10 10 10 10 10 10 6 0 10 10 7 10 10 10 10 10 10 7 10 10 9 10 9 10 10 10 10 10 10 10 10 10 10 10 10 10 10 10 10 10 10 10 10 10 10 10 10 10 10 10 10 7 10 10 10 10 9 10 7 10 10 10 10 10 10 10 10 10 7 10 10 10 10 10 10 10 9 9 9 10 7 10 10 10 10 10 10 10 10 10 10 10 7 10 10 10 10 10 10 10 10 10 10 10 10 10 10 10 7 9 9 10 10 10 10 10 10 10 10 10 10 10 10 10 10 10 10 10 10 10 10 10 10 10 10 9 10 10 10 10 10 10 10 10 10 10 10 10 10 10 10 10 10 10 10 10 10 10 10 10 10 10 10 11 11 11 7 10 10 10 10 10 10 10 10 10 10 10 10 10 10 10 10 10 10 10 10 10 10 10 10 6 0 6 0 10 6 0 6 0 10 10 10 10 10 10 10 10 10 10 10 10 10 10 10 10 10 10 10 10 10 10 10 10 10 10 10 10 9 10 10 10 10 10 10 10 10 7 10 10 9 9 7 10 10 10 10 9 9 7 7 10 10 9 9 9 7 10 10 10 10 10 10 10 10 10 10 10 10 7 10 10 10 10 10 9 7 10 10 9 7 10 10 10 10 10 10 10 10 10 10 10 10 10 10 10 10 10 10 10 10 10 10 10 10 10 10 10 10 10 10 10 10 10 10 10 10 10 10 10 10 10 10 10 10 10 10 10 10 10 10 10 10 10 10 10 10 10 10 10 10 10 10 10 10 10 10 10 10 10 10 10 10 10 10 10 10 10 10 10 10 10 10 10 10 10 10 10 10 10 10 10 10 10 10 10 10 10 10 10 10 10 10 10 10 9 10 10 10 9 10 10 9 10 7 10 10 9 7 10 10 10 10 10 10 10 100 10 10 10 11 10 10 10 10 8 8 8 8 10 10 10 9 10 10 9 10 9 9 10 9 9 9 9 9 10 10 10 10 10 10 10 10 10 9 10 7 10 10 9 10 10 10 7 10 9 10 10 10 18 10 9 100 10 10 7 10 9 10 10 10 10 10 9 10 7 8 10 7 10 9 18 11 10 7 10 9 10 10 9 9 10 10 10 10 10 10 9 9 10 10 8 7 10 10 11 10 9 9 10 11 11 9 10 10 10 9 10 9 10 9 9 10 10 10 11 11 9 10 10 10 9 10 9 7 8 10 9 9 10 10 10 9 10 10 9 10 100 10 9 10 10 10 10 10 10 10 10 9 10 10 100 9 100 10 10 10 10 10 10 100 10 10 11 7 10 100 10 11 100 7 8 10 10 8 10 7 10 10 7 9 9 8 10 9 8 9 8 9 8 9 8 9 18 100 100 7 1 1 7 1 100 1 7 1 1 1 1 1 1 1 1 1 1 1 1 1 1 1 1 1 1 1 1 1 1 1 1 1 1 1 1 1 1 1 1 1 1 1 1 1 1 1 1 1 1 1 1 1 1 1 1 1 1 1 1 1 1 1 1 1 1 1 1 1 1 1 1 1 1 1 1 1 1 1 1 1 1 1 1 1 1 1 1 1 1 6 0 1 1 1 6 0 1 1 1 1 1 1 1 1 1 1 1 1 1 3 1 3 1 1 1 3 1 1 1 1 1 1 1 1 1 1 1 1 1 1 1 1 1 1 1 1 1 1 1 1 1 1 1 1 1 1 1 1 1 1 1 1 1 1 1 1 1 1 1 1 1 1 1 1 1 1 1 1 1 1 1 1 1 1 1 1 1 1 1 1 1 1 1 1 1 1 1 1 1 1 1 1 7 7 100 100 1 1 1 1 1 1 1 1 1 1 1 1 1 1 1 1 1 1 1 1 1 1 1 1 1 1 1 1 1 1 1 1 1 1 1 1 1 1 1 1 1 1 1 1 1 1 1 1 1 1 100 1 1 1 1 1 1 1 1 1 1 1 1 1 1 1 1 1 1 1 1 1 1 1 1 1 1 1 1 7 1 1 1 1 1 1 100 1 1 1 1 1 1 7 1 1 1 1 1 1 1 1 1 1 1 1 1 1 1 1 1 1 1 1 100 1 1 100 7 1 1 1 1 1 1 1 1 1 1 1 100 100 1 1 1 1 1 1 1 1 100 1 1 1 1 1 1 1 1 1 1 1 1 1 1 1 1 1 1 1 1 1 1 1 1 1 1 1 1 1 1 1 1 1 1 1 1 1 1 7 1 1 1 1 1 1 1 1 1 1 1 1 100 1 1 1 1 1 1 1 100 100 1 1 1 1 1 1 1 1 1 1 1 1 1 1 1 1 1 1 1 1 1 1 1 1 1 1 1 1 7 1 1 1 1 1 1 7 1 1 1 1 1 1 1 1 1 1 1 1 1 1 1 1 1 7 1 1 1 1 1 1 1 1 1 1 100 1 1 1 1 1 7 7 1 1 1 1 1 1 1 1 1 1 1 1 1 1 1 1 1 1 1 1 1 1 1 1 1 1 1 1 1 1 1 1 1 1 1 1 1 1 1 1 1 1 1 1 1 1 1 1 1 1 1 1 1 1 1 1 1 1 1 1 1 1 1 1 1 1 1 1 1 1 1 1 1 1 1 1 1 1 1 1 1 1 1 1 1 1 1 1 1 1 1 1 1 1 1 1 1 1 1 1 1 1 1 1 1 1 1 1 1 1 1 1 1 1 1 1 1 1 1 1 1 1 1 1 1 1 1 1 1 1 1 1 1 1 1 1 1 1 1 1 1 1 1 1 1 1 1 1 1 1 1 1 1 1 1 1 1 1 1 1 1 1 1 1 1 1 1 1 1 1 1 1 1 1 1 1 1 1 1 1 1 1 1 1 1 1 1 1 1 1 1 1 1 1 1 1 1 1 1 1 1 1 1 1 1 1 1 1 1 1 1 1 1 1 1 1 1 1 1 1 1 1 100 1 1 1 1 1 1 1 1 1 1 1 1 1 1 1 1 1 1 100 1 1 1 1 1 1 1 1 1 1 1 1 1 1 1 1 1 1 1 1 1 1 1 1 1 1 1 1 1 1 1 1 1 1 1 1 1 1 1 1 7 7 1 1 1 1 1 1 1 1 1 1 1 1 1 100 1 1 1 1 1 1 1 1 1 1 1 1 1 1 1 1 1 1 7 1 1 1 1 1 1 1 1 1 1 1 1 1 1 1 1 1 1 1 1 1 1 1 1 1 1 1 1 1 1 100 1 1 1 1 1 1 100 1 1 1 1 1 1 1 1 1 1 1 1 1 1 100 100 100 100 100 100 100 100 100 100 100 100 100 100 100 100 100 100 100 100 100 100 100 100 100 100 100 100 100 100 100 100 100 100 100 100 100 1 12 12 12 7 12 12 12 12 12 12 12 12 12 7 12 12 12 12 12 12 12 12 12 12 12 12 12 12 12 12 7 12 12 12 12 12 12 12 1 15 8 12 12 12 12 12 12 12 12 12 12 12 7 12 12 12 12 12 12 12 12 12 12 7 12 12 12 12 12 12 12 12 12 12 12 12 12 12 12 1 12 7 12 12 12 12 12 12 7 12 12 12 1 12 1 12 12 7 1 12 12 12 12 12 12 12 12 12 12 1 12 12 7 12 12 12 12 12 12 12 12 12 12 12 12 12 12 1 12 12 7 12 1 1 12 12 12 1 1 12 12 7 12 12 12 1 12 12 7 12 12 12 12 12 7 12 12 12 1 12 12 12 1 1 12 12 12 12 1 12 12 12 12 12 12 12 12 12 12 12 12 12 12 12 1 12 12 7 12 12 1 12 12 12 12 100 12 12 1 12 1 12 12 12 12 7 12 12 12 12 100 12 12 12 12 12 12 12 12 12 12 1 100 12 12 12 12 12 12 12 12 12 12 12 12 12 12 12 12 7 12 12 1 12 12 12 12 1 1 12 12 15 16 15 12 12 12 12 12 12 12 12 12 12 12 12 12 12 12 1 1 12 1 12 12 12 100 12 100 12 1 12 100 12 12 12 1 12 16 15 12 12 15 12 16 15 16 12 15 16 1 1 1 12 12 12 12 12 12 12 12 12 12 12 1 12 12 12 12 12 1 12 12 1 12 12 1 12 12 12 7 12 7 12 12 12 8 12 12 12 12 12 12 12 12 12 12 12 12 12 12 7 12 12 12 12 12 1 12 12 1 12 12 12 12 12 12 12 12 12 12 12 12 12 12 12 12 12 12 12 12 12 12 12 12 12 12 12 12 12 12 12 12 12 12 12 12 12 1 12 12 12 12 1 12 12 12 12 12 12 12 12 12 12 12 12 12 12 12 12 12 12 12 12 12 12 12 12 1 12 12 12 12 12 1 12 12 12 12 12 12 12 1 12 12 12 12 12 12 12 12 12 12 12 1 12 12 12 12 12 12 12 1 12 100 12 12 12 12 7 12 12 12 12 12 12 12 12 1 12 12 12 12 12 12 12 12 100 12 100 12 12 12 12 12 12 12 12 12 12 12 12 12 12 12 12 12 12 12 12 12 12 12 12 12 12 12 12 12 12 12 12 12 12 12 12 12 12 12 12 12 12 12 12 12 1 12 12 12 12 12 12 12 12 12 12 12 12 12 12 12 12 12 12 12 12 12 12 12 12 12 12 12 12 12 12 12 12 12 1 12 12 1 12 12 12 12 12 12 1 1 12 12 12 12 12 1 12 12 12 12 12 12 12 12 12 12 1 12 12 12 1 12 12 1 12 12 12 12 12 12 12 12 12 12 12 12 12 12 12 12 12 12 12 12 12 12 12 12 12 12 12 12 12 12 12 12 12 12 12 12 12 12 12 12 12 12 12 12 12 12 12 12 12 12 12 12 12 12 12 12 12 12 12 12 12 12 12 12 12 12 12 12 12 12 12 12 12 12 12 12 1 12 12 1 12 12 12 12 12 12 1 12 12 12 12 100 12 12 1 1 1 1 12 12 12 12 12 12 12 12 12 12 12 12 12 7 12 12 12 12 12 12 12 12 12 12 12 12 1 7 12 12 12 1 12 12 8 12 12 12 1 12 1 12 7 12 12 12 12 12 12 12 1 12 1 12 12 16 15 12 7 12 12 1 12 12 7 12 12 12 12 12 12 12 100 12 12 12 12 1 1 12 12 12 12 12 12 12 7 12 12 12 12 12 12 12 12 12 12 12 12 12 12 12 12 12 1 12 12 12 12 12 12 12 12 12 12 12 1 12 100 12 12 12 12 12 12 12 12 100 12 1 12 1 12 12 12 12 100 12 12 1 12 12 1 12 1 12 12 1 1 1 12 12 1 7 12 1 12 1 7 12 12 7 12 12 12 12 12 1 12 16 15 12 1 1 1 1 1 1 1 1 1 100 1 1 1 1 1 1 1 1 1 1 1 1 1 1 1 1 1 1 1 1 1 1 1 1 1 1 1 1 1 1 1 1 1 1 1 1 1 1 1 1 1 1 1 1 1 1 1 1 1 1 1 1 1 1 1 1 1 1 1 1 1 1 1 1 1 1 1 1 1 1 1 1 1 1 1 1 1 1 1 1 1 1 1 1 1 1 1 1 1 1 1 10 1 1 1 1 1 1 1 1 1 1 1 1 1 1 1 1 1 1 1 1 1 1 1 1 1 1 1 1 1 1 1 1 1 1 1 1 1 1 1 1 1 1 1 1 1 1 1 1 1 1 1 1 1 1 1 1 1 1 1 1 1 1 1 1 1 1 1 1 1 1 1 1 1 1 1 1 1 1 1 1 1 1 1 1 1 1 1 1 1 1 1 1 1 1 1 1 1 1 1 1 1 1 1 1 1 1 1 1 1 1 1 1 1 1 1 1 1 1 1 1 10 10 1 1 1 1 1 1 1 1 1 1 1 1 1 1 1 1 1 1 10 1 1 10 1 10 1 1 10 1 1 1 1 1 1 1 1 1 1 1 1 1 1 1 1 1 1 1 1 1 1 1 1 1 1 1 1 1 1 1 1 1 1 1 1 1 1 1 1 1 1 1 1 1 1 1 1 1 1 1 1 1 1 1 1 1 1 1 1 1 1 1 1 1 1 1 1 1 1 1 1 1 1 1 1 1 1 1 1 1 1 1 1 1 1 1 1 1 1 1 1 1 1 1 1 1 1 1 1 1 1 1 1 1 1 1 1 1 1 1 1 1 1 1 1 1 1 1 1 1 1 1 1 1 1 1 1 1 1 1 1 1 1 1 1 1 1 1 1 1 1 1 1 1 1 1 1 1 1 1 1 1 1 1 1 1 1 1 1 1 1 1 1 1 1 1 1 1 1 1 1 1 1 1 1 1 1 1 1 1 1 1 1 1 1 1 1 1 1 1 1 1 1 1 1 1 1 1 1 1 1 1 1 1 1 1 1 1 10 1 1 1 1 1 1 1 1 1 1 1 1 1 1 1 1 1 1 1 1 1 1 1 1 1 1 1 1 1 1 1 1 1 1 1 1 1 1 1 1 1 1 1 1 1 1 1 1 1 1 1 1 1 1 1 1 1 1 1 1 1 100 1 1 1 1 1 1 1 1 1 1 100 1 1 1 1 1 1 1 1 10 1 1 100 12 7 12 12 12 12 12 12 12 1 1 12 1 100 1 1 1 1 1 100 1 1
staticfield javafx/scene/Node USER_DATA_KEY Ljava/lang/Object; java/lang/Object
staticfield javafx/scene/Node DEFAULT_ROTATION_AXIS Ljavafx/geometry/Point3D; javafx/geometry/Point3D
staticfield javafx/scene/Node DEFAULT_CACHE_HINT Ljavafx/scene/CacheHint; javafx/scene/CacheHint
staticfield javafx/scene/Node DEFAULT_CLIP Ljavafx/scene/Node; 
staticfield javafx/scene/Node DEFAULT_CURSOR Ljavafx/scene/Cursor; 
staticfield javafx/scene/Node DEFAULT_DEPTH_TEST Ljavafx/scene/DepthTest; javafx/scene/DepthTest
staticfield javafx/scene/Node DEFAULT_EFFECT Ljavafx/scene/effect/Effect; 
staticfield javafx/scene/Node DEFAULT_INPUT_METHOD_REQUESTS Ljavafx/scene/input/InputMethodRequests; 
staticfield javafx/scene/Node HOVER_PSEUDOCLASS_STATE Ljavafx/css/PseudoClass; com/sun/javafx/css/PseudoClassImpl
staticfield javafx/scene/Node PRESSED_PSEUDOCLASS_STATE Ljavafx/css/PseudoClass; com/sun/javafx/css/PseudoClassImpl
staticfield javafx/scene/Node DISABLED_PSEUDOCLASS_STATE Ljavafx/css/PseudoClass; com/sun/javafx/css/PseudoClassImpl
staticfield javafx/scene/Node FOCUSED_PSEUDOCLASS_STATE Ljavafx/css/PseudoClass; com/sun/javafx/css/PseudoClassImpl
staticfield javafx/scene/Node SHOW_MNEMONICS_PSEUDOCLASS_STATE Ljavafx/css/PseudoClass; com/sun/javafx/css/PseudoClassImpl
staticfield javafx/scene/Node boundsAccessor Lcom/sun/javafx/scene/BoundsAccessor; javafx/scene/Node$$Lambda+0x00000000260dc2e8
instanceKlass javafx/scene/Group
instanceKlass javafx/scene/layout/Region
ciInstanceKlass javafx/scene/Parent 1 1 908 10 7 10 10 11 9 9 18 10 9 10 9 10 9 11 11 7 10 10 9 10 9 11 11 10 11 9 10 9 10 10 18 10 18 18 100 8 10 11 11 11 18 9 10 11 10 11 18 10 9 9 7 10 10 11 10 9 11 8 9 11 11 11 10 10 10 9 9 10 10 9 10 9 10 10 10 10 10 10 10 10 10 10 10 10 10 10 10 9 10 9 7 9 10 9 100 8 10 9 10 10 10 10 10 10 10 9 10 9 6 0 9 9 9 9 10 10 10 10 10 10 10 10 10 10 10 10 10 10 10 10 10 10 10 10 10 6 0 9 9 10 10 10 7 10 10 10 9 10 11 10 7 9 9 9 10 10 11 7 9 9 10 10 10 7 10 7 7 10 10 10 7 10 10 7 10 9 9 9 9 9 9 9 9 9 10 10 10 10 10 9 10 9 10 9 10 10 10 10 10 10 10 10 10 10 10 10 7 6 0 6 0 10 10 10 9 10 10 10 9 9 9 9 9 9 9 10 10 10 10 9 10 10 10 10 9 9 9 10 100 10 9 10 10 10 10 8 10 9 7 10 10 7 1 1 1 1 3 1 1 1 3 1 1 1 1 1 1 1 1 1 1 1 1 1 1 1 1 1 1 1 1 1 1 1 1 1 1 1 1 1 1 1 1 1 1 1 1 1 1 1 1 1 1 1 1 1 1 1 1 1 1 1 1 1 1 3 1 3 1 3 1 3 1 3 1 3 1 1 1 1 1 1 1 7 1 1 7 1 1 1 1 1 1 1 1 1 1 1 1 1 1 1 100 1 1 1 7 1 1 1 1 1 1 1 1 1 1 1 1 1 1 1 1 1 1 7 1 1 1 1 1 1 1 1 1 1 1 1 1 1 1 1 1 1 1 1 1 1 1 1 1 1 1 1 1 1 1 1 1 1 1 1 1 1 1 7 7 1 1 1 1 1 1 1 1 1 1 1 1 1 1 1 1 1 1 100 1 1 1 1 1 1 1 1 1 1 1 12 1 7 12 12 12 12 100 12 1 15 8 12 100 12 7 12 12 12 12 12 7 12 1 12 12 12 12 12 12 12 12 12 12 12 12 8 12 8 12 8 1 1 12 12 12 12 8 12 12 7 12 12 12 15 16 15 16 12 100 12 12 12 1 12 12 12 12 12 100 12 1 12 12 12 100 12 12 12 12 12 12 12 12 12 12 12 12 12 7 12 12 12 12 12 12 12 12 12 12 12 12 12 1 12 12 12 1 12 12 12 7 12 12 12 12 12 12 12 12 12 12 12 12 12 12 12 12 12 100 12 12 100 12 12 12 12 12 12 12 12 12 12 12 12 12 12 12 12 12 1 12 12 12 12 7 12 12 1 12 7 12 12 12 12 12 1 12 12 12 1 1 1 12 12 7 12 1 12 1 12 12 12 12 12 12 12 12 7 12 12 12 12 12 12 12 12 12 12 12 12 12 12 12 12 12 12 12 12 12 1 12 12 12 12 12 12 12 12 12 12 12 12 12 12 12 12 12 12 12 100 12 12 12 12 12 1 12 12 100 12 12 12 1 7 12 12 1 12 1 1 1 1 1 1 1 1 1 1 1 1 1 1 1 1 1 10 1 1 1 1 1 1 1 1 1 1 1 1 1 1 1 1 1 1 1 1 1 1 1 1 1 1 1 1 1 1 1 1 1 1 1 1 1 1 1 1 1 1 1 1 1 10 1 10 1 1 1 1 1 1 1 1 1 1 1 1 1 1 1 1 1 1 1 1 1 1 1 1 1 1 1 1 1 1 1 1 1 1 1 1 1 1 1 1 1 1 1 1 1 1 1 1 1 1 1 1 1 1 1 1 1 1 1 1 1 1 1 1 1 1 1 1 1 1 1 1 1 1 1 1 1 1 1 1 1 1 1 1 1 1 1 1 1 1 1 1 1 1 1 1 1 1 1 1 1 1 1 1 1 1 1 1 1 1 1 1 1 1 1 1 1 1 1 1 1 1 1 1 1 100 1 1 100 12 100 12 12 1 1 100 1 1 1 1 1 100 1 1
staticfield javafx/scene/Parent warnOnAutoMove Z 0
instanceKlass javafx/scene/layout/GridPane$6
instanceKlass javafx/scene/layout/GridPane$5
instanceKlass javafx/scene/control/ContextMenu$2
instanceKlass javafx/scene/shape/Path$3
instanceKlass javafx/animation/Timeline$1
instanceKlass javafx/scene/Scene$10
instanceKlass javafx/scene/Parent$4
instanceKlass javafx/scene/Parent$2
instanceKlass javafx/css/Rule$Observables$2
instanceKlass javafx/css/Rule$Observables$1
instanceKlass javafx/css/Stylesheet$1
instanceKlass javafx/scene/Node$4
instanceKlass javafx/stage/Stage$3
ciInstanceKlass com/sun/javafx/collections/TrackableObservableList 1 1 57 10 7 10 18 10 10 7 7 1 1 1 1 1 1 1 1 100 1 1 1 1 1 1 1 1 12 1 12 1 15 16 15 12 12 12 1 1 100 1 10 10 1 1 1 1 7 12 12 1 1 100 1 1 100 1 1
instanceKlass javafx/scene/Scene$2$1
ciInstanceKlass javafx/scene/Scene 1 1 2398 7 6 0 9 9 10 10 10 10 10 8 10 10 9 9 9 10 9 7 10 9 9 7 10 9 7 10 9 9 7 10 9 9 9 9 7 10 9 9 9 9 9 7 10 9 9 9 7 10 9 7 8 10 9 9 7 10 9 9 9 100 8 10 9 10 8 10 10 10 10 9 9 9 10 9 100 8 10 9 9 9 10 7 10 10 9 9 9 10 10 10 10 8 9 100 10 11 11 9 10 10 9 10 7 10 7 10 9 10 10 10 9 10 8 10 10 10 10 11 8 7 10 11 7 10 11 8 10 11 10 10 11 10 10 10 7 11 11 8 10 7 10 10 7 10 10 8 8 10 9 10 10 10 11 8 10 10 9 10 10 7 8 10 10 9 8 10 9 7 10 10 9 7 10 10 10 10 9 10 7 100 10 10 100 9 7 10 10 10 10 10 10 9 10 10 9 10 9 7 7 10 10 9 7 7 10 11 10 10 10 10 11 11 10 11 100 10 10 10 10 100 10 10 10 9 9 9 9 9 9 10 9 9 10 10 9 9 11 11 100 11 100 10 10 11 9 10 11 10 9 10 9 9 9 9 18 10 18 10 8 18 10 10 9 100 100 10 10 100 8 10 100 10 10 10 10 18 7 10 9 7 10 9 18 10 10 10 10 10 10 10 10 10 10 10 10 8 10 10 10 9 10 10 10 10 10 10 10 10 10 10 10 10 6 0 10 6 0 10 10 100 9 10 10 10 9 9 9 9 9 10 10 100 10 100 10 9 9 9 100 10 10 10 9 10 10 9 10 10 9 10 10 9 9 9 9 10 100 10 10 10 10 10 10 10 10 11 9 11 7 100 6 0 6 0 10 10 10 10 7 10 9 10 10 10 10 10 10 7 7 9 9 9 10 10 10 10 7 10 10 10 10 10 9 10 10 10 10 10 10 10 11 10 9 9 10 9 10 11 9 10 11 11 10 10 7 10 9 10 10 10 10 10 10 10 9 10 7 8 10 7 10 10 10 10 10 10 10 11 10 10 9 100 100 10 10 9 100 10 10 9 100 10 10 9 100 10 10 9 100 10 10 9 100 10 10 9 100 10 10 9 100 10 10 9 100 10 10 9 100 10 10 9 100 10 10 9 100 10 10 9 100 10 10 9 100 10 10 9 100 10 10 9 100 10 10 9 100 10 10 9 100 10 10 9 100 10 10 9 100 10 10 9 100 10 10 9 100 10 10 9 100 10 10 9 100 10 10 9 100 10 10 9 100 10 10 9 100 10 10 9 100 10 10 9 100 10 10 9 100 10 10 9 100 10 10 9 100 10 10 9 100 10 10 9 100 10 10 9 100 10 10 10 9 9 100 8 10 100 10 10 11 11 11 11 10 8 10 8 10 9 100 10 10 9 100 10 10 9 100 10 10 9 100 10 9 10 11 10 9 11 11 10 9 9 7 100 10 9 10 9 100 10 10 9 10 10 10 10 7 10 10 10 9 9 100 11 11 100 11 11 9 9 8 10 10 8 11 10 10 100 10 10 10 10 8 10 10 100 10 11 100 7 8 10 18 10 11 100 8 11 10 7 10 10 7 10 10 7 9 18 10 7 10 9 100 1 1 1 1 1 1 1 1 100 1 100 1 100 1 100 1 100 1 1 1 1 1 7 1 1 1 1 1 1 1 1 1 1 1 1 1 1 1 1 1 1 1 1 3 1 1 1 1 1 3 1 1 1 1 1 1 1 1 1 1 1 1 1 1 1 1 1 1 1 1 1 1 1 1 1 1 1 1 1 1 1 1 1 1 1 1 1 1 1 1 1 1 1 1 1 1 1 1 1 1 1 1 1 1 1 1 1 1 1 1 1 1 1 1 1 1 1 1 1 1 1 1 1 1 1 1 1 1 1 1 1 1 1 1 1 1 1 1 1 1 1 1 1 1 1 1 1 1 1 1 1 1 1 1 1 1 1 1 1 1 1 1 1 1 1 1 1 1 1 1 1 1 1 1 1 1 1 1 1 1 1 1 1 1 1 1 1 1 1 1 1 1 1 1 1 1 1 1 1 1 1 1 1 1 1 1 1 1 1 1 1 1 1 1 1 1 1 1 1 1 1 1 7 1 1 1 1 1 1 1 1 1 1 1 1 1 1 1 1 1 1 1 1 1 1 1 1 1 1 1 1 1 1 1 1 7 7 7 1 1 1 1 1 1 1 1 1 1 1 1 1 1 1 1 1 1 1 1 1 1 1 1 1 1 1 1 1 1 1 1 1 1 1 1 1 1 1 1 1 1 1 1 1 1 1 1 100 100 1 1 1 1 1 1 1 1 1 1 1 1 1 1 1 1 1 1 1 1 1 1 1 1 1 1 1 100 1 1 1 1 1 1 1 1 1 1 1 100 100 100 100 1 1 1 1 1 1 1 7 1 1 1 1 1 1 1 1 1 1 1 1 1 1 1 1 1 1 1 1 1 1 1 1 1 1 1 1 1 1 1 100 1 1 1 1 1 1 1 1 1 1 1 1 1 1 1 1 1 1 1 1 1 1 1 1 1 1 1 1 1 1 1 1 1 1 1 1 1 1 1 1 1 1 1 1 1 1 1 1 1 1 1 1 1 1 1 1 1 1 1 1 1 1 1 1 1 1 1 1 1 1 1 1 1 1 1 1 1 1 1 1 1 1 1 1 1 1 1 1 1 1 1 1 1 1 1 1 1 1 1 1 1 1 1 1 1 1 1 1 1 1 1 1 1 1 1 1 1 1 1 1 1 1 1 1 1 1 1 1 1 1 1 1 1 1 1 1 1 1 1 1 1 1 1 1 1 1 1 1 1 1 1 1 1 1 1 1 1 1 1 1 1 1 1 1 1 1 1 100 100 1 1 1 1 1 1 1 1 1 1 1 1 1 1 1 1 1 1 1 1 1 1 1 1 1 1 1 1 1 1 1 1 1 1 1 1 1 1 1 1 1 1 1 1 1 1 1 1 100 1 1 1 1 1 1 1 1 1 1 1 100 100 1 7 12 12 12 12 12 7 12 100 12 1 12 12 12 12 12 7 12 12 1 12 12 12 1 12 1 12 12 1 12 12 12 12 1 12 12 12 12 12 1 12 12 12 1 12 1 12 12 12 1 12 12 12 1 1 12 7 12 7 12 1 12 12 12 12 12 12 12 7 12 12 1 1 12 12 12 12 12 1 100 12 12 12 7 12 7 12 12 12 12 12 1 12 1 12 12 12 12 7 12 12 12 1 12 1 12 12 7 12 12 100 12 1 7 12 12 12 12 12 1 1 12 1 12 1 12 12 12 12 12 12 7 12 1 12 12 1 12 1 12 1 12 1 1 12 12 12 12 12 1 12 12 12 12 12 1 12 12 12 12 12 1 12 12 1 12 12 7 12 1 1 12 1 12 1 12 12 12 12 12 12 12 12 12 12 12 1 1 12 12 12 1 1 12 12 12 12 12 12 12 12 12 1 1 100 12 12 12 1 12 12 12 12 12 12 12 12 12 12 12 12 12 12 1 12 1 12 12 12 12 12 12 12 12 12 12 12 12 1 15 16 15 12 12 15 12 12 1 15 12 12 12 12 1 1 12 1 12 1 12 12 12 12 15 8 12 1 12 1 12 8 12 12 12 12 12 100 12 12 12 12 12 1 12 12 12 12 12 12 12 12 12 12 12 12 12 12 12 12 12 12 12 1 12 12 100 12 100 12 100 12 100 12 100 12 12 12 12 1 12 1 12 12 12 1 12 12 12 12 12 12 12 100 12 12 12 12 100 12 12 12 12 12 100 12 1 12 12 12 12 12 12 12 100 12 100 12 12 12 1 1 12 12 12 12 1 12 100 12 12 12 12 12 12 12 1 1 12 12 12 12 12 12 12 1 12 100 12 7 12 12 100 12 12 12 12 12 12 12 12 12 12 100 12 12 12 12 12 12 12 12 12 12 12 1 12 12 12 12 100 12 12 12 12 12 12 12 1 12 1 12 100 12 12 12 12 12 7 12 12 12 12 1 1 12 12 1 12 12 1 12 12 1 12 12 1 12 12 1 12 12 1 12 12 1 12 12 1 12 12 1 12 12 1 12 12 1 12 12 1 12 12 1 12 12 1 12 12 1 12 12 1 12 12 1 12 12 1 12 12 1 12 12 1 12 12 1 12 12 1 12 12 1 12 12 1 12 12 1 12 12 1 12 12 1 12 12 1 12 12 1 12 12 1 12 12 1 12 12 1 12 12 1 12 12 1 12 12 12 12 1 1 1 100 12 100 12 12 12 12 12 1 12 1 12 12 1 12 12 1 12 12 1 12 12 1 12 100 12 100 12 12 12 12 12 12 1 1 12 12 12 12 1 12 12 12 12 12 12 1 12 12 12 12 12 1 12 1 1 12 12 12 1 100 12 1 12 100 12 12 1 12 12 100 12 1 12 12 1 12 12 1 1 1 12 16 15 16 12 12 12 1 1 12 1 12 1 7 12 1 12 15 16 12 12 1 12 12 1 1 1 1 1 1 1 1 1 1 1 1 1 1 1 1 1 1 1 1 1 1 1 1 1 1 1 1 1 1 1 1 1 1 1 1 1 1 1 1 1 1 1 1 1 1 1 1 1 1 1 1 1 1 1 1 1 1 1 1 1 1 1 1 1 1 1 1 1 1 1 1 1 1 1 1 1 1 1 1 1 1 1 1 1 1 1 1 1 1 1 1 1 1 1 1 1 1 1 1 1 1 1 1 1 1 1 1 1 1 1 1 1 1 1 1 1 1 1 1 1 1 1 1 1 1 1 1 1 1 1 1 1 1 1 1 1 1 1 1 1 1 1 1 1 10 10 1 1 1 10 1 1 10 1 1 1 10 1 1 1 1 1 1 1 1 1 1 1 1 1 1 1 1 1 1 1 1 1 1 1 1 1 1 1 1 1 1 1 1 1 1 1 1 1 1 1 1 1 1 1 1 1 1 1 1 1 1 1 1 1 1 1 1 1 1 1 1 1 1 1 1 1 1 1 1 1 1 1 1 1 1 1 1 1 1 1 1 1 1 1 1 1 1 1 1 1 1 1 1 1 1 1 1 1 1 1 1 1 1 1 1 1 1 1 1 1 1 1 1 1 1 1 1 1 1 1 1 1 1 1 1 1 1 1 1 1 1 1 1 1 1 1 1 1 1 1 1 1 1 1 1 1 1 1 1 1 1 1 1 1 1 1 1 1 1 1 1 1 1 1 1 1 1 1 1 1 1 1 1 1 1 1 1 1 1 1 1 1 1 1 1 1 1 1 1 1 1 1 1 1 1 1 1 1 1 1 100 1 1 1 1 1 1 1 1 1 1 1 1 10 1 1 1 1 1 1 100 1 1 1 100 1 10 1 1 1 1 7 12 12 12 12 100 12 1 12 1 1 12 1 1 100 1 1 1 1 100 1 1
staticfield javafx/scene/Scene trackerMonitor Ljava/lang/Object; java/lang/Object
staticfield javafx/scene/Scene USER_DATA_KEY Ljava/lang/Object; java/lang/Object
staticfield javafx/scene/Scene defaultNodeOrientation Ljavafx/geometry/NodeOrientation; javafx/geometry/NodeOrientation
staticfield javafx/scene/Scene $assertionsDisabled Z 1
ciInstanceKlass javafx/scene/Scene$2$1 1 1 39 9 10 10 10 10 7 7 1 100 1 1 1 1 1 1 1 1 1 1 1 1 1 12 1 12 12 12 12 12 1 1 1 1 1 1 1 1 1
ciInstanceKlass javafx/geometry/NodeOrientation 1 1 48 9 10 100 7 10 10 8 10 9 8 9 8 9 7 1 1 1 1 1 1 1 1 1 1 1 1 1 1 1 1 1 1 1 1 12 100 12 1 12 12 12 12 12 1 1 1 1
staticfield javafx/geometry/NodeOrientation LEFT_TO_RIGHT Ljavafx/geometry/NodeOrientation; javafx/geometry/NodeOrientation
staticfield javafx/geometry/NodeOrientation RIGHT_TO_LEFT Ljavafx/geometry/NodeOrientation; javafx/geometry/NodeOrientation
staticfield javafx/geometry/NodeOrientation INHERIT Ljavafx/geometry/NodeOrientation; javafx/geometry/NodeOrientation
staticfield javafx/geometry/NodeOrientation $VALUES [Ljavafx/geometry/NodeOrientation; 3 [Ljavafx/geometry/NodeOrientation;
instanceKlass javafx/scene/control/skin/ScrollBarSkin$EndButton
instanceKlass javafx/scene/control/skin/VirtualFlow$ClippedContainer
instanceKlass javafx/scene/control/skin/VirtualFlow
instanceKlass com/sun/javafx/scene/control/ContextMenuContent$MenuItemContainer
instanceKlass javafx/scene/control/skin/TableColumnHeader
instanceKlass javafx/scene/layout/Pane
instanceKlass javafx/scene/control/Control
ciInstanceKlass javafx/scene/layout/Region 1 1 1425 7 10 9 10 10 10 10 10 10 10 10 10 10 10 10 10 10 10 10 10 10 10 10 10 10 6 0 10 10 10 10 18 10 11 11 7 10 10 11 7 10 10 6 0 10 9 10 11 10 100 10 10 10 10 10 10 11 11 11 10 10 10 9 10 6 0 100 8 10 9 10 8 10 18 9 10 9 7 10 9 7 10 9 7 10 9 7 10 9 9 9 9 9 7 9 9 9 9 9 9 9 9 9 9 10 9 10 10 100 10 10 10 7 7 10 11 10 10 9 7 10 10 10 10 9 10 10 9 9 9 10 10 9 10 10 10 7 10 10 9 10 9 7 10 9 10 10 7 8 9 10 9 8 9 10 10 9 8 9 9 8 9 10 10 9 8 9 9 8 9 10 10 9 100 10 7 10 10 10 100 10 10 100 10 10 100 10 10 10 10 9 10 10 18 10 10 10 10 10 10 10 10 10 10 10 10 10 10 10 10 10 10 6 0 10 10 10 10 10 10 10 9 10 10 10 10 10 10 10 10 10 10 7 10 10 6 0 9 10 10 10 10 10 10 10 9 10 9 10 9 10 10 10 10 10 10 10 10 7 10 10 10 10 10 9 10 10 10 10 9 10 9 10 10 9 10 9 10 9 10 10 10 10 100 4 10 10 10 10 10 10 10 10 10 10 11 7 10 10 10 10 10 10 7 10 10 10 10 10 100 10 10 10 9 10 10 10 10 10 10 10 10 10 10 10 10 10 10 10 10 10 6 0 10 7 10 9 10 10 11 10 9 10 10 10 10 10 10 10 10 10 10 10 10 7 10 4 4 10 10 10 10 10 10 10 9 10 9 10 10 10 10 9 10 10 10 10 10 10 10 10 10 10 10 10 10 10 10 9 10 9 10 100 10 100 10 11 10 10 7 10 10 7 7 1 7 1 1 1 1 1 1 1 1 1 1 1 1 1 1 1 1 1 1 1 1 1 1 1 1 1 1 1 1 1 1 1 1 1 1 1 1 1 1 1 1 1 1 1 1 1 1 1 1 1 1 1 1 1 1 1 1 1 1 1 1 1 1 1 1 1 1 1 1 1 1 1 1 1 1 1 7 1 1 1 1 1 1 1 1 1 1 1 1 1 1 1 1 1 1 1 1 1 1 1 1 1 1 1 1 1 1 1 1 7 7 100 1 1 1 1 1 1 1 1 100 1 1 1 1 1 1 1 100 1 1 1 1 1 1 1 1 1 1 1 1 1 1 1 1 1 1 1 1 1 1 1 1 1 1 1 1 1 1 1 1 1 1 1 1 1 1 1 1 1 1 1 1 1 1 1 1 1 1 1 1 1 1 1 1 1 1 1 1 1 1 1 1 1 1 1 1 1 1 1 1 1 1 1 1 1 1 1 1 1 1 1 1 1 1 1 1 7 1 1 1 1 1 1 1 1 1 1 1 1 1 1 1 1 1 1 1 1 1 1 1 1 1 1 1 1 1 1 1 1 1 1 1 1 1 1 1 1 1 7 1 1 7 1 1 1 1 1 1 1 1 1 1 1 7 1 1 1 1 1 1 1 100 1 1 1 1 100 1 1 1 1 1 1 1 1 1 1 1 1 1 1 100 100 100 1 1 7 7 1 1 1 1 1 1 1 1 100 1 1 1 1 1 1 1 1 1 100 100 100 100 100 100 100 100 100 100 100 100 100 100 100 1 12 12 12 12 12 12 12 12 12 12 12 7 12 12 12 12 7 12 12 12 12 12 12 12 12 12 12 12 12 1 15 16 15 16 12 12 12 12 1 12 12 12 1 12 12 12 12 100 12 12 12 1 12 12 12 12 12 12 12 12 12 12 12 7 12 12 12 1 1 12 12 1 12 16 15 12 12 7 12 12 1 12 12 1 12 12 1 12 12 1 12 12 12 12 12 12 1 12 12 12 12 12 12 12 12 12 12 12 12 12 100 12 1 12 7 12 12 1 1 100 12 12 100 12 12 12 1 12 12 12 12 12 7 12 12 12 12 7 12 12 7 12 12 12 12 1 12 12 12 12 12 1 12 7 1 12 12 12 12 12 12 12 12 12 12 12 12 12 12 12 12 12 12 12 1 12 1 12 12 1 12 1 12 1 12 12 7 12 7 12 12 12 15 8 12 12 12 12 12 12 12 12 12 12 12 12 12 12 12 12 12 12 12 12 12 12 12 12 12 12 12 12 12 12 12 1 12 12 12 12 12 12 12 12 12 12 12 12 12 12 12 12 12 12 12 12 12 12 1 12 12 12 12 12 12 12 12 12 12 12 12 12 12 12 12 12 12 12 12 12 12 1 12 12 12 12 12 12 12 12 12 1 100 12 12 12 12 12 1 12 12 12 12 1 12 12 12 12 12 12 12 12 12 12 12 12 12 12 12 12 1 7 12 12 7 12 12 12 12 12 12 12 12 12 12 12 12 12 12 7 12 12 1 12 12 12 12 12 12 12 12 12 12 12 12 12 12 12 12 12 12 12 12 12 12 7 12 12 12 12 12 1 12 1 12 12 12 12 1 12 1 1 1 1 1 1 1 1 1 1 1 1 1 1 1 1 1 1 1 1 1 1 1 1 1 1 1 1 1 1 1 1 1 1 1 1 1 1 1 1 1 1 1 1 1 1 1 1 1 1 1 1 1 1 1 1 1 1 10 1 10 1 1 1 1 1 1 1 1 1 1 1 1 1 1 1 1 1 1 1 1 1 1 1 1 1 1 1 1 1 1 1 1 10 1 1 1 1 1 1 1 1 1 1 1 1 1 1 1 1 1 1 1 1 1 1 1 1 1 1 1 1 1 1 1 1 1 1 1 1 1 1 1 1 1 1 1 1 1 1 1 1 1 1 1 1 1 10 1 1 1 1 1 1 1 1 1 1 1 1 1 1 1 1 1 1 1 1 1 1 1 1 1 1 1 1 1 1 1 1 1 1 1 1 1 1 1 1 1 1 1 1 1 1 1 1 1 1 1 1 1 1 1 1 1 1 1 1 1 1 1 1 1 1 1 1 1 1 1 1 1 1 1 1 1 1 1 1 1 1 1 1 1 1 1 1 1 1 1 1 1 1 1 1 1 1 1 1 1 1 1 1 1 1 1 1 1 1 1 1 1 1 1 1 1 1 1 1 1 1 1 1 1 1 1 1 1 1 1 1 1 1 1 1 1 1 100 1 1 7 12 12 12 100 12 1 1 1 100 1 1 1 1 100 1 1
ciInstanceKlass javafx/scene/control/Button 1 1 129 10 10 10 10 10 7 7 8 11 9 10 10 10 10 9 10 7 10 10 9 7 10 10 7 10 10 7 10 8 10 9 8 9 7 1 1 1 1 1 1 1 1 1 1 1 1 1 1 1 1 1 1 1 1 1 1 1 1 1 1 1 1 1 1 1 1 1 1 1 1 12 12 12 12 12 1 1 1 7 12 7 12 12 12 12 7 12 12 12 1 12 12 12 1 12 1 12 1 12 1 7 12 12 1 12 1 1 1 1 1 1 1 1 1 1 1 1 1 1 1 1 1 1 1 1 1 1 1
staticfield javafx/scene/control/Button PSEUDO_CLASS_DEFAULT Ljavafx/css/PseudoClass; com/sun/javafx/css/PseudoClassImpl
staticfield javafx/scene/control/Button PSEUDO_CLASS_CANCEL Ljavafx/css/PseudoClass; com/sun/javafx/css/PseudoClassImpl
ciInstanceKlass javafx/scene/control/ComboBox 1 1 448 7 10 10 10 10 7 8 10 9 8 10 10 9 8 9 8 9 7 8 10 9 7 8 10 9 7 10 9 9 9 10 7 8 11 9 10 10 7 10 10 10 18 10 10 18 10 10 18 10 10 10 10 7 10 7 10 100 10 100 7 10 10 10 10 100 9 100 8 10 100 10 9 10 10 9 8 10 100 7 10 10 10 10 10 10 10 10 10 10 10 9 10 10 10 10 10 8 10 10 10 11 10 10 11 18 10 11 10 10 10 10 10 7 100 1 1 1 1 1 1 1 1 1 1 1 1 1 1 1 1 1 1 1 1 1 1 1 1 1 1 1 1 1 1 1 1 1 1 1 1 1 1 1 1 1 1 1 1 1 1 1 1 1 1 1 1 1 1 1 1 1 1 1 1 1 1 1 1 1 1 1 1 1 1 1 1 1 1 1 1 1 1 1 1 1 1 1 1 1 1 1 1 1 1 1 1 1 1 1 1 1 1 1 1 1 1 100 1 100 1 1 1 1 1 1 1 1 1 1 7 100 1 1 1 1 1 1 100 100 1 12 7 12 12 1 12 12 12 12 12 12 12 1 12 12 1 12 12 1 12 12 12 12 12 1 1 12 7 12 12 12 1 12 12 1 15 16 15 12 7 12 12 16 15 12 7 12 12 15 7 12 12 12 1 12 1 12 1 12 1 1 100 12 12 12 100 1 12 1 1 12 12 12 12 1 1 12 12 12 12 12 12 12 12 12 12 12 100 12 12 12 12 12 1 12 12 12 12 12 12 12 16 15 12 12 12 12 12 12 12 12 1 1 1 1 1 1 1 1 1 1 1 1 1 1 1 1 1 1 1 1 1 1 1 1 10 10 1 1 1 1 1 1 1 10 1 1 1 1 1 1 10 1 1 1 1 1 1 1 1 1 1 1 1 1 1 1 1 1 1 1 1 1 1 1 1 1 1 1 1 1 1 1 10 1 1 1 1 1 1 1 1 1 7 12 12 12 12 12 1 1 100 1 1 100 1 1
ciInstanceKlass javafx/scene/control/TableView 1 1 914 10 10 10 10 9 9 10 9 9 9 7 10 9 7 10 9 18 9 18 9 18 9 18 9 18 9 7 10 9 9 9 9 7 10 9 9 7 8 10 9 7 8 10 9 9 9 9 10 7 7 8 11 9 10 10 7 10 10 7 10 10 10 11 10 18 10 7 10 11 10 10 10 7 9 7 8 10 10 10 10 10 9 9 7 7 8 10 9 7 8 10 10 9 8 10 100 10 7 10 9 8 10 9 8 10 10 10 9 100 6 0 10 7 10 10 10 9 10 100 10 100 8 10 10 9 100 8 10 9 9 100 8 10 10 9 100 100 10 10 10 11 10 9 100 10 10 11 100 10 9 100 10 10 10 7 10 10 11 100 10 10 10 10 10 11 7 7 10 10 11 100 10 10 100 10 10 10 7 10 10 10 11 10 10 10 10 10 10 11 11 11 11 100 10 10 100 8 9 11 10 9 10 11 11 11 11 10 10 9 10 9 10 10 10 10 11 100 10 11 10 10 10 9 10 7 9 10 9 100 11 9 100 10 9 9 10 9 7 10 7 10 9 7 10 8 10 8 7 100 1 1 1 1 1 7 1 1 1 1 8 1 1 1 1 1 1 1 1 1 1 1 1 1 1 1 1 1 1 1 1 1 1 1 1 1 1 1 1 1 1 1 1 1 1 1 1 1 1 1 1 1 1 1 1 1 1 1 1 1 1 1 1 1 1 1 1 1 1 1 1 1 1 1 1 1 1 1 1 1 1 1 100 1 1 1 1 1 1 1 1 1 1 1 1 1 1 1 1 1 1 1 1 1 1 1 1 1 1 1 1 1 1 1 1 1 1 1 1 1 1 1 1 1 1 1 1 1 1 1 1 1 1 1 1 1 1 1 1 1 1 1 1 1 1 1 1 1 1 1 1 1 1 1 1 1 1 1 1 1 1 1 1 1 1 1 1 1 1 1 1 1 1 1 1 1 1 1 1 1 1 1 1 1 1 1 1 1 1 1 1 1 1 1 1 1 1 1 1 1 1 1 1 1 1 1 1 1 1 1 1 1 1 1 1 1 1 1 1 1 1 1 1 1 1 1 1 1 1 1 1 1 7 1 1 1 1 1 1 1 7 1 1 1 1 1 1 1 100 1 1 100 7 1 1 1 1 1 100 1 1 1 1 1 1 1 1 1 1 1 1 1 1 100 100 100 100 100 100 100 100 12 7 12 12 12 12 12 12 12 12 12 1 12 12 1 12 1 15 16 15 12 12 15 12 15 12 15 12 15 12 1 12 12 12 12 12 1 12 12 12 1 12 12 1 12 12 12 12 12 1 1 1 12 7 12 12 12 1 12 1 12 12 12 12 16 15 12 12 1 7 12 12 7 12 12 1 12 1 12 12 12 12 12 12 12 1 1 12 12 1 12 12 12 1 12 1 12 12 12 12 12 12 100 12 12 1 12 1 12 12 12 1 12 1 12 12 1 12 12 12 1 12 12 1 1 100 12 12 12 12 12 1 12 12 1 12 12 1 7 12 12 1 12 12 12 1 12 12 12 12 12 1 1 12 12 100 1 1 12 12 1 12 12 12 1 12 12 12 12 12 12 100 12 12 12 100 1 1 12 12 1 1 12 12 12 12 12 12 12 12 12 12 12 12 12 100 12 12 100 12 12 1 12 12 12 100 12 12 1 12 12 12 1 12 12 1 12 12 12 12 12 1 1 12 1 1 12 1 1 1 1 1 1 1 1 1 1 1 100 1 1 1 1 1 1 1 1 1 1 1 1 1 1 1 1 10 10 1 1 10 10 10 10 1 1 1 1 1 1 1 1 1 1 1 1 10 1 1 1 1 1 1 1 1 1 1 1 1 1 1 1 1 1 1 1 1 1 1 1 1 1 1 1 1 1 1 1 1 1 1 1 1 1 1 1 1 1 1 1 1 1 1 1 1 1 1 1 1 1 1 1 1 1 1 1 1 1 1 1 1 1 1 1 1 1 1 1 1 1 1 1 1 1 1 1 1 1 1 1 1 1 1 1 1 1 1 1 7 12 12 12 12 12 12 12 1 1 100 1 1 100 1 1
staticfield javafx/scene/control/TableView UNCONSTRAINED_RESIZE_POLICY Ljavafx/util/Callback; javafx/scene/control/TableView$1
staticfield javafx/scene/control/TableView CONSTRAINED_RESIZE_POLICY Ljavafx/util/Callback; javafx/scene/control/TableView$2
staticfield javafx/scene/control/TableView DEFAULT_SORT_POLICY Ljavafx/util/Callback; javafx/scene/control/TableView$3
staticfield javafx/scene/control/TableView PSEUDO_CLASS_CELL_SELECTION Ljavafx/css/PseudoClass; com/sun/javafx/css/PseudoClassImpl
staticfield javafx/scene/control/TableView PSEUDO_CLASS_ROW_SELECTION Ljavafx/css/PseudoClass; com/sun/javafx/css/PseudoClassImpl
instanceKlass javafx/scene/control/PasswordField
instanceKlass com/sun/javafx/scene/control/FakeFocusTextField
ciInstanceKlass javafx/scene/control/TextField 1 1 194 10 8 10 7 10 10 7 7 10 9 7 10 9 10 8 11 9 10 10 10 9 10 10 10 10 10 10 100 10 9 7 9 10 10 7 7 10 10 9 10 7 7 1 1 1 1 1 1 3 1 1 1 1 1 1 1 1 1 1 1 1 1 1 1 1 1 1 1 1 1 1 1 1 1 1 1 1 1 1 1 1 1 1 1 1 1 1 1 1 1 1 1 1 1 1 1 1 1 1 1 100 100 12 1 12 1 12 12 1 1 12 12 1 12 12 12 1 7 12 7 12 12 12 12 12 7 12 7 12 12 12 12 7 12 1 12 12 1 12 12 12 1 1 12 12 12 1 1 1 1 1 1 100 1 1 1 1 1 1 1 1 1 1 1 1 1 1 1 1 1 1 1 1 1 1 1 1 1 1 1 1 1 1 1 1 1 1 1 1 1 1 1 1
ciInstanceKlass javafx/scene/layout/AnchorPane 1 1 211 7 8 10 10 7 8 8 8 10 10 10 10 10 10 11 10 10 6 0 10 10 10 10 11 11 11 7 10 10 10 10 10 10 10 9 10 10 10 10 10 10 10 10 10 10 9 10 10 10 10 9 10 10 10 7 1 1 1 1 1 1 1 1 1 1 1 1 1 1 1 1 1 1 1 1 1 1 1 1 1 1 1 1 1 1 1 7 7 1 1 1 1 1 7 7 7 1 1 1 1 12 12 1 1 1 1 12 12 12 12 12 12 100 12 12 12 12 12 12 12 12 12 12 1 12 12 12 12 12 12 12 12 12 12 12 12 12 7 12 12 12 12 12 12 12 12 12 12 12 12 12 12 1 1 1 1 1 1 1 1 1 1 1 1 1 1 1 1 1 1 1 1 1 1 1 1 1 1 1 1 1 1 1 1 1 1 1 1 1 1 1 1 1 1 1 1 1 1 1 1 1 1 1 1 1 1 1 1 1 1
ciInstanceKlass javafx/scene/layout/HBox 1 1 471 7 8 10 10 7 8 7 10 10 10 9 7 6 0 9 9 9 10 10 10 11 9 7 10 10 10 10 9 7 9 10 10 10 10 7 10 9 100 10 10 10 10 10 10 10 9 9 10 11 11 11 7 10 9 10 10 10 10 10 6 0 10 10 10 9 10 10 10 10 10 10 10 11 10 10 11 10 10 10 10 10 10 10 9 10 9 10 10 10 10 10 10 10 10 11 6 0 10 10 10 10 10 10 10 10 10 18 10 10 9 7 10 9 10 10 10 18 7 7 1 1 1 1 1 1 1 1 1 1 1 1 1 1 1 1 1 1 1 1 1 1 1 1 1 1 1 1 1 1 1 1 1 1 1 1 1 1 1 1 1 1 1 1 1 1 1 1 1 1 1 1 1 1 1 1 1 1 1 1 1 1 1 1 1 1 1 7 7 1 1 1 1 1 1 1 1 1 1 1 1 1 100 1 1 1 1 1 1 1 1 1 1 7 1 100 1 1 1 1 1 1 1 1 1 1 1 1 1 100 100 100 1 1 12 12 1 1 1 12 12 12 12 1 12 12 12 12 12 100 12 12 1 12 12 7 12 12 12 1 12 12 12 7 12 12 1 12 12 1 12 12 100 12 12 12 12 12 12 12 12 12 12 12 1 12 100 12 12 12 12 12 12 12 12 12 12 12 12 12 12 12 12 12 12 12 12 12 12 12 12 12 12 12 12 12 12 12 12 7 12 12 12 12 12 12 12 12 12 100 12 12 12 12 12 12 12 1 15 16 15 16 12 12 12 12 12 12 12 100 12 12 15 16 12 1 1 1 1 1 1 1 1 1 1 1 1 1 1 1 1 1 1 1 1 1 1 1 1 1 1 1 1 1 1 1 1 1 1 1 1 1 1 1 1 1 1 1 1 1 1 1 1 1 1 1 1 1 1 1 1 1 1 1 1 1 1 1 1 1 1 1 1 1 1 1 1 1 1 1 1 1 1 1 1 1 1 1 1 10 1 10 1 1 1 1 1 1 1 1 1 1 1 1 1 1 10 1 1 7 12 12 12 1 1 100 1 1 100 1 1
staticfield javafx/scene/layout/HBox marginAccessor Ljavafx/util/Callback; javafx/scene/layout/HBox$$Lambda+0x00000000261255c8
ciInstanceKlass javafx/scene/layout/VBox 1 1 388 7 8 10 10 7 8 7 10 10 10 9 10 10 10 11 9 7 10 10 10 10 9 7 9 10 10 10 10 7 10 9 100 10 10 10 10 9 10 11 11 11 7 10 9 10 6 0 10 10 10 9 10 10 10 10 10 10 10 10 10 10 10 11 10 10 11 10 10 10 10 10 9 10 9 10 10 10 10 10 10 10 10 10 10 10 10 9 7 10 9 10 18 7 7 1 1 1 1 1 1 1 1 1 1 1 1 1 1 1 1 1 1 1 1 1 1 1 1 1 1 1 1 1 1 1 1 1 1 1 1 1 1 1 1 1 1 1 1 1 1 1 1 1 1 1 1 1 1 1 1 1 1 1 1 1 1 7 7 1 1 1 1 1 1 1 1 1 1 1 1 1 100 1 1 1 1 1 1 1 1 100 100 1 1 1 1 1 1 1 1 1 1 1 100 100 100 1 1 12 12 1 1 1 12 12 12 12 12 12 100 12 12 1 12 12 7 12 12 12 1 12 12 12 7 12 12 1 12 12 1 12 12 100 12 12 12 12 12 12 12 1 12 7 12 12 12 12 12 12 12 12 12 12 12 12 12 12 12 12 12 12 12 12 12 12 12 12 12 12 12 12 12 12 7 12 12 12 12 12 12 12 12 12 12 12 12 12 12 1 15 16 15 16 12 1 1 1 1 1 1 1 1 1 1 1 1 1 1 1 1 1 1 1 1 1 1 1 1 1 1 1 1 1 1 1 1 1 1 1 1 1 1 1 1 1 1 1 1 1 1 1 1 1 1 1 1 1 1 1 1 1 1 1 1 1 1 1 1 1 1 1 1 1 1 1 1 1 1 1 1 1 10 1 10 1 1 7 12 12 1 1 100 1 1 100 1 1
staticfield javafx/scene/layout/VBox marginAccessor Ljavafx/util/Callback; javafx/scene/layout/VBox$$Lambda+0x0000000026126df8
ciInstanceKlass javafx/scene/SubScene 0 0 589 9 10 10 10 9 9 9 100 10 9 9 100 10 9 9 9 10 10 10 9 100 10 10 8 10 10 10 8 10 10 9 10 100 100 10 10 9 100 100 10 10 100 9 100 10 10 10 10 10 10 9 10 10 10 9 10 100 10 10 9 100 10 10 9 100 100 10 10 10 100 10 10 10 10 9 10 10 11 10 9 10 10 9 10 100 10 9 10 10 10 10 10 10 10 9 9 9 10 10 9 10 10 9 10 100 8 10 100 10 10 10 10 10 10 10 10 10 10 10 10 10 10 9 10 10 10 10 100 10 100 10 10 10 10 10 10 10 10 10 10 10 10 10 10 10 10 11 9 11 11 10 11 10 11 100 11 100 10 100 10 10 9 10 100 100 1 1 1 1 1 1 1 1 1 1 1 1 1 1 1 1 1 1 1 1 1 1 1 1 1 1 1 1 1 1 1 1 1 1 1 1 1 1 1 1 100 1 1 1 1 1 1 1 1 1 1 1 1 1 1 1 1 1 1 1 1 1 1 1 1 1 1 1 1 1 1 1 1 1 1 1 1 1 100 1 1 1 1 1 1 1 1 1 1 1 1 1 1 1 1 1 1 1 1 1 1 1 1 1 1 1 1 1 1 1 1 100 100 1 1 1 1 100 1 1 1 1 12 12 12 100 12 12 12 12 1 12 12 12 1 12 12 12 12 12 12 12 1 100 12 100 12 1 12 100 12 12 1 12 100 12 12 12 1 1 12 12 1 1 12 1 12 1 12 12 12 12 12 12 12 12 100 12 12 12 1 12 12 1 12 12 1 1 12 12 12 1 12 12 12 12 12 12 12 100 12 12 12 12 12 12 1 12 12 12 12 12 12 12 12 12 100 12 12 12 100 12 12 12 12 1 12 1 12 12 12 100 12 100 12 100 12 12 12 12 100 12 12 12 100 12 12 12 12 1 1 12 12 100 12 12 12 12 100 12 12 12 12 12 12 12 12 12 100 12 12 12 12 12 12 12 12 1 12 1 1 12 100 12 100 12 1 1 1 1 1 1 1 1 1 1 1 1 1 1 1 1 1 1 1 1 1 1 1 1 1 1 1 1 1 1 1 1 1 1 1 1 1 1 1 1 1 1 1 1 1 1 1 1 1 1 1 1 1 1 1 1 1 1 1 1 1 1 1 1 1 1 1 1 1 1 1 1 1 1 1 1 1 1 1 1 1 1 1 1 1 1 1 1 1 1 1 1 1 1 1 1 1 1 1 1 1 1 1 1 1 1 1 1 1 1 1 1 1 1 1 1 1 1 1 1 1 1 1 1 1 1 1 100 1 1 1 1 1 1 1 1 1
instanceKlass com/sun/javafx/css/StyleClassSet
instanceKlass com/sun/javafx/css/PseudoClassState
ciInstanceKlass com/sun/javafx/css/BitSet 1 1 152 10 9 9 10 7 10 10 7 10 9 10 100 10 10 5 0 10 7 10 10 10 10 10 10 10 10 7 100 1 1 1 1 1 1 1 1 1 1 1 1 1 1 1 1 1 1 1 1 1 1 1 1 1 1 1 1 1 1 100 100 1 1 1 1 1 1 1 1 1 1 1 1 1 1 1 1 1 1 1 1 1 1 1 1 1 1 1 1 1 1 12 12 12 12 1 12 12 1 7 12 12 7 12 1 12 12 12 1 12 12 12 12 12 12 12 12 1 1 1 1 1 1 1 1 1 1 1 1 1 1 1 1 1 1 100 1 100 1 1 1 100 1 8 1 12 10 1 1 1 8 1
staticfield com/sun/javafx/css/BitSet EMPTY_SET [J 0
ciInstanceKlass com/sun/javafx/css/PseudoClassState 1 1 212 10 11 11 7 10 10 10 7 10 100 10 100 10 7 10 10 11 11 10 11 10 100 8 10 7 10 9 11 7 9 10 10 10 11 10 10 100 8 10 9 100 10 10 10 10 10 10 10 10 10 10 10 10 10 10 10 10 10 10 10 10 10 7 10 7 10 7 1 1 1 1 1 1 1 1 1 1 1 1 1 1 1 7 1 1 1 1 1 1 1 100 1 1 1 1 1 1 1 1 1 1 1 1 1 1 1 1 1 1 1 1 1 1 1 1 1 1 1 1 1 1 1 1 1 1 1 1 1 12 12 12 1 12 12 1 12 1 12 1 12 1 12 12 12 12 100 12 1 1 12 1 12 12 7 12 1 12 12 12 12 12 12 12 1 1 12 1 12 12 12 12 12 12 12 12 12 12 12 12 12 12 12 12 1 7 12 1 12 1 1 1 1 1 1 1 1 1 1 1 1 1 1 1 1 1 1 1 1 1 1 1
staticfield com/sun/javafx/css/PseudoClassState pseudoClassMap Ljava/util/Map; java/util/HashMap
staticfield com/sun/javafx/css/PseudoClassState pseudoClasses Ljava/util/List; java/util/ArrayList
staticfield com/sun/javafx/css/PseudoClassState $assertionsDisabled Z 1
ciInstanceKlass com/sun/javafx/css/StyleManager 1 1 1010 9 10 9 10 7 10 9 9 9 7 10 9 7 10 9 9 7 10 9 10 7 10 10 100 10 9 9 11 7 10 11 10 10 7 10 7 10 9 10 10 10 10 10 11 11 7 9 10 9 10 9 11 11 11 11 11 100 11 11 100 10 7 10 10 11 11 11 10 10 10 10 10 7 10 10 10 11 10 9 10 10 10 10 11 10 10 9 11 7 11 11 7 11 10 10 7 10 10 7 8 10 8 10 8 10 8 10 8 7 10 7 10 10 10 7 100 100 100 100 10 10 10 10 8 10 10 100 100 10 8 10 10 7 8 10 10 10 10 10 10 10 10 7 10 100 100 100 100 10 100 9 18 10 8 10 8 10 18 10 10 10 10 100 8 10 10 10 100 100 10 10 18 10 100 100 10 18 10 7 18 10 7 10 10 18 18 10 7 10 10 9 100 18 10 11 10 9 10 8 10 10 10 100 100 10 100 10 9 10 6 0 10 18 10 100 18 9 18 18 9 10 10 9 10 11 10 10 10 10 10 9 10 10 8 10 8 10 11 11 10 11 10 11 11 9 10 10 10 10 10 10 9 100 10 10 10 10 10 10 7 18 10 10 10 10 7 10 9 9 9 10 10 10 7 10 10 11 10 10 10 8 10 10 9 10 10 10 10 10 10 1 1 1 1 1 7 1 1 7 1 1 1 1 1 1 1 1 1 1 1 1 1 1 1 1 1 1 1 1 1 1 1 1 1 1 1 1 1 1 1 1 1 1 1 1 1 1 1 1 1 1 1 1 1 1 100 100 1 1 1 1 1 1 7 7 1 100 1 1 1 1 1 1 1 1 1 1 1 1 1 1 1 1 100 100 1 1 7 100 100 1 1 100 1 1 1 1 1 1 1 1 1 7 1 1 1 1 1 1 1 1 1 1 1 1 1 1 1 1 100 1 1 1 1 1 1 1 1 1 1 1 1 1 1 1 1 1 100 12 100 12 12 12 1 12 12 12 1 12 1 12 12 1 12 12 1 12 1 12 12 12 1 12 12 12 1 1 12 7 12 12 12 12 12 12 12 12 1 12 12 12 12 12 12 12 12 12 12 1 1 12 1 12 1 12 12 12 12 12 12 12 12 1 12 12 12 12 12 12 7 12 12 12 12 12 12 1 12 12 1 100 12 12 1 12 12 1 1 12 1 12 1 12 1 12 1 1 12 1 12 12 7 12 1 1 1 1 1 12 100 12 12 12 1 12 12 1 1 12 1 12 12 1 1 7 12 12 12 12 12 12 1 12 1 1 1 1 12 1 7 12 1 15 8 12 100 12 1 12 1 12 15 16 15 16 12 7 12 12 12 12 1 1 12 12 12 1 1 12 12 15 16 12 12 1 1 12 15 16 12 12 1 15 16 12 1 12 12 8 12 8 12 1 12 12 1 8 100 12 100 12 100 12 1 12 12 12 1 1 12 1 1 12 100 12 12 100 12 8 12 1 8 12 8 8 12 12 12 12 7 12 12 12 12 12 12 7 12 12 12 1 1 12 12 12 100 7 7 12 12 12 12 12 7 12 7 12 12 12 1 12 12 12 12 12 1 16 15 16 12 12 12 12 12 1 12 12 12 7 12 12 1 12 12 12 12 100 12 1 12 12 12 12 12 100 12 12 12 1 1 1 1 1 1 100 1 1 1 1 1 1 1 1 1 1 1 1 1 1 1 1 1 1 1 1 1 1 1 1 1 1 1 1 1 1 1 1 1 1 1 1 1 1 1 1 1 1 1 1 1 1 1 1 1 1 1 1 1 1 1 1 1 1 1 1 1 1 1 1 1 1 1 1 1 1 1 1 1 1 1 1 1 1 1 1 1 1 1 1 1 1 1 1 1 1 1 1 1 1 1 1 1 1 1 1 1 1 1 1 1 1 1 1 1 1 1 1 1 1 1 10 1 1 1 1 1 1 1 1 10 10 1 1 1 1 1 1 1 1 1 1 1 1 1 1 10 1 1 1 1 1 10 1 1 1 10 1 1 1 1 1 1 1 1 1 1 1 1 1 1 1 1 1 1 1 1 1 1 1 1 1 1 1 1 1 1 1 1 1 1 1 1 1 1 1 1 1 1 1 1 1 1 1 1 1 1 1 1 1 1 1 1 1 1 1 1 1 1 1 1 1 1 1 1 1 10 1 1 1 1 1 1 1 1 1 1 1 1 1 1 1 1 1 1 1 1 1 1 1 1 1 1 1 1 1 1 1 1 1 1 1 7 12 7 12 12 12 12 12 1 100 1 1 1 1 1 100 1 1
staticfield com/sun/javafx/css/StyleManager styleLock Ljava/lang/Object; java/lang/Object
staticfield com/sun/javafx/css/StyleManager cacheContainerMap Ljava/util/Map; java/util/WeakHashMap
staticfield com/sun/javafx/css/StyleManager $assertionsDisabled Z 1
ciInstanceKlass com/sun/javafx/css/StyleManager$InstanceHolder 1 1 24 10 7 10 9 7 100 1 1 1 1 1 1 1 1 1 1 12 1 12 1 1 1 1
staticfield com/sun/javafx/css/StyleManager$InstanceHolder INSTANCE Lcom/sun/javafx/css/StyleManager; com/sun/javafx/css/StyleManager
ciInstanceKlass javafx/scene/Node$4 1 1 63 9 10 10 10 8 10 100 100 10 10 10 10 7 7 1 1 1 1 1 1 1 100 1 1 1 1 1 1 1 1 1 1 1 1 7 1 12 12 12 12 1 12 1 1 12 12 12 1 1 100 1 1 1 1 1 1 1 1 1 1 1 1
ciInstanceKlass javafx/css/Rule 1 1 246 9 7 10 9 9 7 10 7 10 10 10 9 9 10 10 9 10 10 11 100 9 100 10 10 9 7 10 10 10 11 11 7 10 10 7 7 10 10 100 10 10 10 8 10 8 8 8 10 10 10 10 100 10 100 10 10 10 10 10 10 10 7 10 10 10 10 10 7 1 1 1 1 1 1 1 1 1 1 1 1 1 1 1 1 1 1 1 1 1 1 1 1 1 100 1 1 1 1 1 1 1 1 1 1 100 1 1 100 1 1 7 1 1 100 1 1 1 1 1 1 1 100 1 1 1 1 1 1 1 1 1 1 100 100 12 1 12 12 12 1 12 1 12 12 12 12 12 12 12 12 12 12 12 1 12 1 12 12 1 12 12 12 12 12 1 12 1 1 12 12 1 12 12 1 12 1 1 1 12 12 12 12 1 1 12 12 12 12 12 1 12 12 12 12 7 12 1 1 1 1 1 100 1 1 1 1 1 1 1 1 1 1 1 1 1 1 1 1 1 1 1 1 1 1 1 1 1 1 1 1 1 1 1 1 1 1 1 1 1 1 1 1 1 1 1
staticfield javafx/css/Rule $assertionsDisabled Z 1
instanceKlass javafx/css/SimpleSelector
instanceKlass javafx/css/CompoundSelector
ciInstanceKlass javafx/css/Selector 1 1 157 10 9 9 9 7 7 10 10 10 10 10 100 10 10 10 11 9 9 10 11 11 100 8 10 8 10 10 8 10 7 10 7 100 1 1 1 1 1 1 1 1 3 1 3 1 1 1 1 1 1 1 1 1 1 1 1 1 1 1 1 1 1 1 1 1 1 1 1 1 100 1 1 1 1 100 1 1 1 1 100 100 100 1 1 1 12 12 12 12 1 1 100 12 7 12 12 12 12 1 12 12 12 12 12 12 12 12 1 1 12 1 12 12 1 12 1 12 1 1 100 1 1 1 1 1 1 1 1 1 1 1 1 1 1 1 1 1 1 1 1 1 1 1 1 1 1 1 1 1 1 1 1 1 1 1 1
ciInstanceKlass javafx/css/CompoundSelector 1 1 235 9 10 9 10 9 9 10 7 10 11 11 7 10 9 10 9 9 7 10 10 9 100 10 11 7 10 7 9 11 10 10 10 11 10 10 10 7 10 10 100 10 10 10 10 10 10 10 10 10 7 10 10 11 10 9 18 10 10 1 1 1 1 1 1 1 1 1 1 1 1 1 1 1 1 1 1 7 1 1 1 1 1 1 1 100 7 1 1 7 1 1 1 1 1 1 1 1 1 1 1 1 1 100 1 1 1 1 100 1 1 1 1 1 12 12 12 7 12 12 12 12 1 12 12 1 12 12 12 12 12 1 12 12 12 1 1 12 1 12 12 12 12 12 12 12 100 12 1 12 1 12 12 12 100 12 12 12 7 12 1 12 12 12 12 1 15 8 12 12 7 12 1 1 1 1 100 1 1 1 1 1 1 1 1 1 1 1 1 1 1 1 1 1 1 1 1 1 1 1 1 1 1 1 1 1 1 1 1 1 1 1 1 1 1 1 1 10 1 1 1 1 1 1 1 1 100 12 1 100 1 1 100 1 1
staticfield javafx/css/CompoundSelector $assertionsDisabled Z 1
ciInstanceKlass javafx/css/SimpleSelector 1 1 271 9 7 10 9 10 11 11 100 10 11 10 9 9 10 100 10 9 9 8 9 8 10 8 8 10 9 7 10 11 11 7 10 10 10 10 9 7 10 9 8 10 10 10 10 9 7 10 7 10 10 11 11 11 10 10 11 11 10 10 7 10 10 10 10 10 100 10 10 10 10 10 10 10 10 10 10 7 1 1 1 1 1 1 1 1 1 1 1 1 1 1 1 1 1 1 1 1 7 100 1 1 1 1 1 1 1 1 1 1 1 1 1 7 1 1 1 1 1 7 1 1 1 1 1 1 1 1 1 1 1 1 1 100 1 1 1 100 1 100 1 1 7 100 1 1 12 1 12 12 12 12 12 1 12 12 100 12 12 12 1 12 12 12 1 12 1 1 1 12 12 1 12 12 1 12 12 12 1 12 1 12 12 12 12 1 12 1 12 12 12 12 12 12 12 7 12 12 100 12 1 12 1 12 12 12 12 12 12 12 12 1 1 1 1 1 100 1 1 1 1 1 1 1 1 1 1 1 1 1 1 1 1 1 1 1 1 1 1 1 1 1 1 1 1 1 1 1 1 1 1 1 1 1 1 1 1 1 1 1 1 1 1 1 1 1 1 1 1 1 1
ciInstanceKlass com/sun/javafx/css/StyleClassSet 1 1 222 10 11 11 7 10 10 10 10 7 10 100 10 100 10 100 8 10 10 11 11 10 10 8 10 10 100 8 10 10 10 100 8 10 9 11 7 10 9 9 100 10 10 11 10 11 10 10 10 10 10 10 10 10 10 10 10 10 10 10 10 10 10 10 10 10 7 10 7 10 7 10 7 1 1 1 1 1 1 1 1 1 1 1 1 1 1 1 7 1 1 1 1 1 1 1 100 1 1 1 1 1 1 1 1 1 1 1 1 1 1 1 1 1 1 1 1 1 1 1 1 1 1 1 1 1 1 1 1 1 1 1 1 1 12 12 12 1 12 12 12 1 12 1 12 1 12 1 1 12 12 12 12 12 12 1 12 12 1 1 12 12 1 1 12 7 12 1 12 12 12 1 12 12 12 12 12 12 12 12 12 12 12 12 12 12 12 12 12 12 12 1 7 12 1 12 1 1 1 1 1 1 1 1 1 1 1 1 1 1 1 1 1 1 1 1 1 1 1 1 1 1
staticfield com/sun/javafx/css/StyleClassSet styleClassMap Ljava/util/Map; java/util/HashMap
staticfield com/sun/javafx/css/StyleClassSet styleClasses Ljava/util/List; java/util/ArrayList
staticfield com/sun/javafx/css/StyleClassSet $assertionsDisabled Z 1
ciInstanceKlass javafx/css/StyleClass 1 1 27 10 9 9 7 7 1 1 1 1 1 1 1 1 1 1 1 1 1 1 1 12 12 12 1 1 1
instanceKlass com/sun/javafx/collections/SetListenerHelper$SingleChange
instanceKlass com/sun/javafx/collections/SetListenerHelper$SingleInvalidation
ciInstanceKlass com/sun/javafx/collections/SetListenerHelper 1 1 69 10 100 10 100 10 10 10 100 10 10 10 10 100 100 100 1 1 1 1 1 1 1 1 1 1 1 1 1 1 1 1 1 100 1 1 1 1 1 1 1 1 1 1 1 1 1 1 1 1 12 1 1 12 12 12 1 12 12 12 12 1 1 1 100 1 1 1 1
instanceKlass com/sun/javafx/css/Combinator$2
instanceKlass com/sun/javafx/css/Combinator$1
ciInstanceKlass com/sun/javafx/css/Combinator 1 1 51 9 10 100 7 10 10 7 8 10 9 7 8 10 9 7 1 1 1 1 1 1 1 1 1 1 1 1 1 1 1 1 1 1 1 1 1 12 100 12 1 12 12 1 12 1 12 1 1 1 1
staticfield com/sun/javafx/css/Combinator CHILD Lcom/sun/javafx/css/Combinator; com/sun/javafx/css/Combinator$1
staticfield com/sun/javafx/css/Combinator DESCENDANT Lcom/sun/javafx/css/Combinator; com/sun/javafx/css/Combinator$2
staticfield com/sun/javafx/css/Combinator $VALUES [Lcom/sun/javafx/css/Combinator; 2 [Lcom/sun/javafx/css/Combinator;
ciInstanceKlass com/sun/javafx/css/Combinator$1 1 1 20 10 8 100 7 1 1 1 1 1 1 1 1 1 1 12 1 1 1 1
ciInstanceKlass com/sun/javafx/css/Combinator$2 1 1 20 10 8 100 7 1 1 1 1 1 1 1 1 1 1 12 1 1 1 1
ciInstanceKlass com/sun/javafx/css/SelectorPartitioning$PartitionKey 1 1 40 10 9 10 7 10 10 7 1 1 1 1 1 1 1 1 1 1 1 1 1 1 1 1 1 1 7 12 12 12 1 1 1 12 12 1 1 1 1 1
ciInstanceKlass javafx/css/Rule$Observables$1 1 1 76 9 10 10 10 10 11 11 100 9 10 10 10 7 7 1 100 1 1 1 1 1 1 1 1 100 1 1 1 100 1 1 1 1 1 1 12 1 100 12 12 12 12 12 12 12 1 12 12 12 12 1 1 1 100 1 1 1 1 1 1 1 1 1 1 1 1 1 1 1 1 1 1 1 1 1
ciInstanceKlass javafx/css/Rule$Observables$2 1 1 87 9 10 10 10 10 11 11 100 9 9 9 10 10 10 10 7 7 1 100 1 1 1 1 1 1 1 1 100 1 1 1 100 1 1 1 1 1 1 12 1 100 12 12 12 12 12 12 12 1 12 12 100 12 12 12 12 1 1 1 100 1 1 1 1 1 1 1 1 1 1 1 1 1 1 1 1 1 1 1 1 1 1 1 1 1 1
ciInstanceKlass javafx/css/Declaration 1 1 166 10 9 9 9 100 8 10 8 9 10 10 10 7 10 10 10 10 10 100 10 8 10 10 8 10 10 10 10 7 7 10 10 10 10 10 10 10 10 10 10 10 10 7 1 1 1 1 1 1 1 1 1 1 1 1 1 100 7 1 1 1 1 1 1 1 1 1 1 100 1 1 1 1 1 1 1 100 1 100 1 1 1 1 100 1 1 1 1 12 12 12 12 1 1 12 1 12 12 12 12 1 12 12 1 1 12 12 1 12 12 7 12 12 1 1 12 7 12 12 12 100 12 12 12 12 7 12 12 12 12 1 1 1 1 1 1 1 1 1 1 1 1 1 1 1 1 1 1 1 1 1 1 1 1 1 1 1 1 1 1 1 1 1 1 1
ciInstanceKlass com/sun/javafx/css/ParsedValueImpl 1 1 395 9 9 7 7 7 7 10 10 9 10 7 10 7 10 100 3 9 10 10 9 10 9 7 9 10 10 10 10 100 10 10 10 8 8 10 8 10 8 8 10 8 10 8 10 10 8 10 8 8 8 8 8 10 10 10 10 10 10 10 10 10 10 10 10 10 100 7 10 10 10 10 10 10 7 10 10 10 100 10 10 10 100 100 18 10 10 10 10 10 10 10 10 10 10 100 18 10 10 9 7 10 9 10 10 100 10 10 10 100 18 18 1 1 1 1 1 1 1 1 1 3 1 3 1 3 1 3 1 3 1 3 1 3 1 3 1 3 1 3 1 1 1 1 1 1 1 1 1 1 7 1 1 7 1 1 1 1 1 1 1 1 1 1 1 1 1 1 1 1 1 1 100 1 1 1 1 100 1 1 7 100 1 1 1 1 12 12 1 1 1 1 12 12 12 12 1 12 1 12 1 12 12 12 12 12 12 1 12 12 12 100 12 100 12 1 12 12 12 1 1 12 1 12 1 1 12 1 12 1 12 12 1 12 1 1 1 1 1 12 12 12 12 100 12 12 12 12 12 1 1 12 7 12 12 12 12 12 1 12 12 12 1 12 12 1 1 1 15 8 12 12 12 12 12 12 12 12 12 12 12 1 8 12 12 12 1 12 12 100 12 1 12 1 8 12 8 1 1 1 1 1 1 1 1 1 1 1 1 1 1 1 1 1 1 1 1 1 1 1 1 1 1 1 1 1 1 1 1 1 1 1 1 1 1 1 1 1 1 1 1 1 1 1 1 1 1 1 1 1 1 1 1 1 10 1 1 1 1 1 1 1 1 1 1 1 1 1 1 1 1 1 1 1 1 1 1 1 1 1 1 1 1 1 1 1 100 12 1 100 1 1 100 1 1
ciInstanceKlass java/util/ConcurrentModificationException 0 0 34 10 100 12 1 1 1 10 12 1 10 12 1 10 12 1 100 1 1 1 1 5 0 1 1 1 1 1 1 1 1 1 1 1
ciInstanceKlass com/sun/javafx/css/StyleManager$CacheContainer 1 1 200 10 9 9 9 7 10 9 9 11 10 11 7 11 11 9 7 10 11 7 9 11 11 9 10 10 7 9 11 100 3 10 9 11 100 100 10 18 10 9 10 10 100 10 10 7 7 1 1 1 100 1 1 1 1 100 100 1 1 1 1 1 1 1 1 1 1 1 1 1 1 1 1 1 1 1 1 7 7 100 1 1 1 1 1 1 1 1 1 1 1 1 1 1 100 1 1 1 7 12 12 12 12 1 12 12 12 12 1 12 12 12 1 12 12 1 12 12 12 12 12 1 12 1 12 12 12 1 1 1 15 8 12 12 100 12 12 12 1 12 12 1 1 1 100 1 1 1 1 1 1 1 1 1 1 1 1 1 1 1 1 1 1 1 1 1 1 1 1 1 1 1 1 1 1 10 1 1 1 1 1 1 1 1 1 1 1 1 1 1 1 100 12 1 100 1 1 100 1 1
ciInstanceKlass com/sun/javafx/css/StyleMap 1 1 186 10 9 9 11 9 11 10 7 10 11 11 7 10 10 10 11 11 7 7 10 11 9 10 7 10 10 11 7 10 11 11 9 100 10 11 10 10 7 10 10 10 9 18 7 1 1 1 1 1 1 1 1 1 1 1 1 1 1 1 1 1 1 1 1 1 1 1 1 1 1 1 1 100 7 7 1 1 1 1 1 1 1 12 12 12 12 12 7 7 12 1 12 12 1 12 12 12 7 1 1 12 12 12 12 1 12 12 12 1 12 12 12 12 1 12 12 12 1 7 12 12 12 12 1 15 16 15 16 12 1 1 1 1 1 1 1 1 1 1 1 1 1 1 1 1 1 1 1 1 1 1 1 1 1 1 1 1 1 1 1 1 1 1 1 1 1 1 1 10 1 10 1 1 7 12 12 1 1 100 1 1 1 100 1 1
staticfield com/sun/javafx/css/StyleMap EMPTY_MAP Lcom/sun/javafx/css/StyleMap; com/sun/javafx/css/StyleMap
staticfield com/sun/javafx/css/StyleMap cascadingStyleComparator Ljava/util/Comparator; com/sun/javafx/css/StyleMap$$Lambda+0x00000000261c3988
staticfield com/sun/javafx/css/StyleMap $assertionsDisabled Z 1
ciInstanceKlass com/sun/javafx/css/CascadingStyle 1 1 128 9 10 9 9 9 8 10 10 10 9 7 10 10 10 10 10 10 10 10 10 10 10 10 7 11 10 11 10 10 10 7 100 1 1 1 1 1 1 1 1 1 1 1 1 1 1 1 1 1 1 1 1 1 1 1 1 1 1 1 1 1 1 1 1 1 7 1 1 1 1 7 7 7 1 1 1 1 12 12 12 12 12 1 12 12 12 12 1 7 12 12 12 12 12 12 12 12 12 1 100 12 12 12 12 12 1 1 1 1 1 1 1 1 1 1 1 1 1 1 1 1 1 1 1 1 1 1
ciInstanceKlass javafx/scene/CssStyleHelper$CacheContainer 1 1 135 10 9 10 9 10 7 9 9 11 7 10 9 10 11 11 7 8 10 10 9 7 10 9 9 10 10 10 9 7 7 1 1 1 1 1 1 1 1 1 1 1 1 100 1 1 1 1 1 1 1 1 1 1 7 100 7 7 1 1 100 1 1 1 7 12 12 12 12 12 1 12 12 100 1 12 12 12 12 12 1 1 12 7 12 12 1 12 12 12 7 12 12 12 1 1 1 100 1 1 1 1 1 1 1 1 1 1 1 1 1 1 1 1 1 1 1 1 1 1 1 1 1 1 1 1 1 1 1 1 1 1 1 1 1
ciInstanceKlass javafx/scene/CssStyleHelper 1 1 924 10 7 10 9 11 10 10 10 10 9 9 10 9 11 9 10 10 9 10 10 10 11 11 7 10 10 7 10 7 10 7 10 9 10 11 9 10 11 100 10 10 11 10 10 9 10 9 11 7 11 10 11 11 11 7 11 11 7 10 10 11 10 10 10 9 11 11 10 10 10 10 7 10 10 11 8 10 9 10 10 11 7 10 7 10 10 10 10 10 10 9 100 18 10 10 10 9 11 10 9 9 10 10 18 10 11 100 8 7 10 10 10 100 10 11 10 9 10 10 9 8 10 10 7 11 7 10 10 10 10 10 10 10 7 10 10 10 10 100 10 8 10 18 10 18 10 10 8 10 10 10 10 11 9 10 11 10 7 9 10 11 10 10 18 100 10 11 10 7 10 10 11 10 7 7 11 7 10 10 7 7 10 100 10 8 10 8 8 8 10 8 10 10 10 10 8 10 8 9 10 8 10 8 8 8 8 8 7 10 10 8 10 10 10 10 10 10 10 18 10 18 100 9 10 8 10 9 9 8 8 9 8 8 9 8 9 8 9 9 8 9 8 8 9 10 10 10 10 10 10 10 6 0 9 8 10 10 10 7 10 10 8 7 8 7 8 10 10 10 11 100 10 11 10 100 10 10 10 10 11 10 11 10 7 10 1 1 1 1 1 1 1 1 1 1 1 1 1 1 1 1 1 1 1 1 1 1 1 1 1 7 100 7 1 1 1 1 7 1 1 1 1 1 1 1 1 1 1 1 100 1 1 7 7 1 1 1 1 1 1 100 1 1 1 7 7 1 1 7 7 1 1 1 1 1 1 1 1 1 1 7 1 1 1 1 1 100 100 1 1 1 1 7 1 1 1 1 1 1 1 1 1 1 1 1 1 1 1 1 1 1 1 1 1 1 1 1 1 1 1 1 1 1 1 12 1 12 12 7 12 12 12 12 12 12 12 12 12 12 12 12 12 12 12 12 12 12 1 12 12 1 1 12 1 12 12 12 12 12 100 12 1 12 12 12 12 12 7 12 12 1 12 12 12 12 12 1 1 12 1 12 12 12 12 12 12 7 12 12 12 12 1 1 12 12 12 1 12 12 12 12 12 1 12 1 12 12 12 12 12 12 1 1 15 8 12 12 12 12 12 12 12 7 12 12 12 8 12 12 12 1 1 1 12 12 12 100 1 1 1 12 12 7 12 12 12 12 12 1 12 12 1 1 12 12 12 7 12 12 12 12 1 12 12 12 1 12 1 12 8 12 12 8 12 1 12 12 12 12 12 12 1 7 12 12 12 8 12 1 12 12 1 12 12 12 12 1 1 1 12 1 1 12 1 1 12 1 1 1 12 1 100 12 100 12 12 1 1 12 1 1 1 1 1 1 1 1 12 12 12 12 12 12 8 12 8 12 1 12 12 1 12 12 12 1 1 12 1 1 12 1 12 1 12 12 1 12 1 1 12 12 12 7 12 12 12 12 12 12 1 12 12 12 1 12 12 1 1 1 1 1 100 12 12 12 1 12 100 12 1 12 12 12 12 7 12 1 12 1 1 1 1 1 1 1 1 1 1 1 1 1 1 1 1 1 1 1 1 1 1 1 1 1 1 1 1 1 1 1 1 1 1 1 1 1 1 1 1 1 1 1 1 1 1 1 1 1 1 1 1 1 1 1 1 1 1 1 1 1 1 1 1 1 1 1 1 1 1 1 1 1 1 1 1 1 1 1 1 1 1 1 1 1 1 1 1 1 1 1 1 1 1 1 1 1 1 1 1 1 1 1 1 1 10 1 1 1 1 1 1 1 1 1 1 1 1 1 1 1 1 1 1 1 1 1 1 1 1 100 1 1 1 1 1 1 1 1 1 1 1 1 1 1 1 1 1 1 1 1 1 1 1 1 1 1 1 1 1 1 1 1 1 1 1 1 1 1 1 1 1 1 1 1 1 1 1 1 1 1 1 1 1 1 1 1 1 1 1 1 1 1 1 1 1 1 1 1 1 1 1 1 1 1 1 1 1 1 1 1 1 1 1 1 1 1 1 1 1 1 1 1 1 1 1 1 1 1 1 1 1 1 1 1 100 12 1 1 100 1 1 100 1 1
staticfield javafx/scene/CssStyleHelper LOGGER Lcom/sun/javafx/logging/PlatformLogger; com/sun/javafx/logging/PlatformLogger
staticfield javafx/scene/CssStyleHelper NULL_PSEUDO_CLASS_STATE Ljava/util/Set; 
staticfield javafx/scene/CssStyleHelper dummyFontProperty Ljavafx/css/CssMetaData; javafx/scene/CssStyleHelper$1
staticfield javafx/scene/CssStyleHelper $assertionsDisabled Z 1
ciInstanceKlass javafx/css/Match 1 1 81 10 9 100 10 9 9 9 9 10 7 10 9 9 7 10 10 7 100 1 1 1 1 1 1 1 1 1 1 1 1 1 1 1 100 7 1 1 1 1 1 1 1 1 1 1 1 1 1 1 1 12 12 1 12 12 12 12 12 1 12 7 12 12 1 12 7 12 1 1 1 1 1 1 1 1 1 1 1 1 1
staticfield javafx/css/Match $assertionsDisabled Z 1
ciInstanceKlass javafx/css/Style 1 1 64 9 9 10 10 7 10 10 10 10 100 10 10 10 8 8 10 7 1 1 1 1 1 1 1 1 1 1 1 1 1 1 1 1 1 1 1 1 1 12 12 12 12 1 12 100 12 1 100 12 12 1 1 12 1 1 1 1 1 1 1 1 1 1
instanceKlass javafx/scene/control/skin/TableHeaderRow$1
instanceKlass javafx/scene/control/skin/TableHeaderRow
instanceKlass javafx/scene/control/skin/ScrollBarSkin$1
instanceKlass javafx/scene/control/skin/ScrollPaneSkin$6
instanceKlass javafx/scene/control/skin/ScrollPaneSkin$5
ciInstanceKlass javafx/scene/layout/StackPane 1 1 283 7 8 10 10 7 8 7 10 10 10 9 10 11 9 100 9 10 10 10 10 10 9 10 11 11 11 7 10 9 10 10 9 10 10 10 10 10 10 10 6 0 10 10 10 10 10 10 9 18 10 11 11 10 10 10 9 10 10 18 7 7 1 1 1 1 1 1 1 1 1 1 1 1 1 1 1 1 1 1 1 1 1 1 1 1 1 1 1 1 1 1 1 1 1 1 1 1 1 1 1 1 1 7 7 1 1 1 1 100 1 1 1 100 7 1 1 1 1 1 1 1 1 1 1 1 100 1 1 12 12 1 1 1 12 12 12 12 12 100 12 12 1 12 12 12 100 12 12 12 12 12 12 12 12 1 12 100 12 12 12 12 12 12 12 12 12 12 12 12 12 12 12 12 12 12 1 15 16 15 16 12 12 12 12 12 12 12 12 12 100 12 15 16 12 1 1 1 1 1 1 1 1 1 1 1 1 1 1 1 1 1 1 1 1 1 1 1 1 1 1 1 1 1 1 1 1 1 1 1 1 1 1 1 1 1 1 1 1 1 1 1 1 1 1 1 1 1 1 1 10 1 10 1 1 1 1 1 1 1 1 1 1 1 1 1 1 1 10 1 1 7 12 12 12 1 1 100 1 1 100 1 1
staticfield javafx/scene/layout/StackPane marginAccessor Ljavafx/util/Callback; javafx/scene/layout/StackPane$$Lambda+0x00000000261f5f18
ciInstanceKlass javafx/scene/control/skin/ScrollPaneSkin$6 1 1 91 9 10 9 10 10 7 10 10 10 10 9 10 9 10 9 10 9 10 9 10 10 7 7 1 1 1 1 1 1 1 1 1 1 1 1 1 7 12 1 12 12 12 12 12 1 12 12 12 12 7 12 12 12 12 12 12 12 12 12 12 1 1 1 1 1 1 1 1 1 1 1 1 1 1 1 1 1 1 1 1 1 1 1 1 1 1 1 1 1 1
ciInstanceKlass javafx/collections/FXCollections$UnmodifiableObservableSet 1 1 140 10 9 9 18 100 10 11 9 10 100 10 11 11 11 10 10 10 10 10 100 10 100 10 10 7 7 7 1 1 1 1 1 1 1 1 1 1 1 1 1 1 1 1 1 1 1 1 1 100 1 1 1 1 1 1 1 1 1 1 1 1 1 1 1 1 1 1 1 1 1 1 1 1 1 1 1 1 1 1 1 1 100 12 12 12 1 15 16 15 12 1 12 12 12 100 12 1 12 12 12 12 12 12 12 12 12 1 1 12 12 1 1 1 100 1 1 10 10 1 1 1 1 1 1 1 1 1 1 100 12 12 1 1 100 1 1 100 1 1
ciInstanceKlass com/sun/javafx/css/BitSet$1 1 1 84 9 10 9 9 9 9 100 10 100 100 18 10 10 7 7 100 1 1 1 1 1 1 1 1 1 1 1 1 1 1 1 1 1 1 1 1 1 1 7 12 1 12 12 12 12 12 12 1 12 1 1 1 15 8 12 12 12 1 1 1 1 1 1 1 1 1 1 1 10 1 1 1 1 1 100 12 1 100 1 1 100 1 1
ciMethodData javafx/scene/CssStyleHelper getStyleHelper (Ljavafx/scene/Node;)Ljavafx/scene/CssStyleHelper; 2 11924 orig 80 0 0 0 0 0 0 0 0 0 0 0 0 0 0 0 0 0 0 0 0 0 0 0 0 0 0 0 0 0 0 0 0 0 0 0 0 0 1 0 0 0 0 0 0 0 0 0 0 0 0 0 0 0 0 0 0 0 0 0 0 0 0 0 0 0 0 0 0 0 0 0 0 0 0 0 0 0 0 0 0 data 16 0x10007 0x142 0x38 0x2d53 0x80003 0x2d53 0x18 0x800000010001000d 0x1cfd0be79e0 0x0 0x0 0x0 0x0 0x9 0x1 0x0 oops 0 methods 1 8 javafx/scene/CssStyleHelper resolveRef (Ljavafx/css/Styleable;Ljava/lang/String;Lcom/sun/javafx/css/StyleMap;Ljava/util/Set;)Lcom/sun/javafx/css/CascadingStyle;
ciInstanceKlass javafx/scene/control/skin/ComboBoxListViewSkin$3 1 1 126 7 9 10 10 8 10 11 6 0 10 7 9 10 9 10 8 11 11 100 10 10 10 10 6 0 10 11 10 10 6 0 10 7 7 1 1 1 1 1 1 1 1 1 1 1 1 1 1 1 1 12 1 1 12 12 12 1 7 12 7 12 12 1 12 12 12 7 1 12 12 1 12 12 12 7 12 12 7 12 12 12 12 1 1 1 1 1 1 1 1 1 1 1 1 1 1 1 1 1 1 1 1 1 1 1 1 1 1 1 1 1 1 1 1 1 1 1 1 1 1 1 1 1 1 1
ciInstanceKlass com/sun/javafx/scene/control/VirtualScrollBar 1 1 142 10 7 8 10 9 9 10 18 10 10 10 10 6 0 10 10 6 0 10 9 10 10 10 10 10 10 10 10 10 10 10 7 7 1 1 1 1 1 1 1 1 1 1 1 1 1 1 1 1 1 1 1 1 1 1 100 1 1 1 1 12 1 12 12 12 12 1 15 16 15 12 7 12 100 12 12 12 100 12 12 12 12 12 12 12 100 12 12 12 12 12 12 12 12 1 1 1 1 1 1 10 1 10 1 1 1 1 1 1 1 1 1 1 1 1 1 1 1 1 1 1 1 1 1 1 1 1 1 1 7 12 12 1 1 100 1 1 1 100 1 1
ciInstanceKlass javafx/scene/control/skin/ScrollBarSkin$3 1 1 53 9 10 9 10 10 100 10 10 7 7 1 1 1 1 1 1 1 1 1 1 1 1 7 12 1 12 12 100 12 100 12 12 1 12 12 1 1 1 1 1 1 1 1 1 1 1 1 1 1 1 1 1
ciInstanceKlass javafx/scene/control/skin/TableHeaderRow 1 1 742 10 8 10 9 7 10 9 7 10 9 9 18 9 18 9 18 9 18 9 18 9 7 10 9 9 7 10 9 9 9 7 8 10 9 7 8 10 9 9 9 9 10 7 8 11 7 10 9 10 10 10 10 10 10 10 10 10 10 10 10 11 7 10 9 10 10 10 7 9 10 10 8 10 10 10 11 10 10 10 10 7 10 9 10 8 18 10 10 8 7 10 9 10 8 10 7 11 10 10 10 18 10 10 10 10 10 10 7 10 9 10 6 0 10 10 10 10 10 10 10 10 10 10 9 10 10 10 10 10 10 10 6 0 10 10 10 10 10 10 9 10 10 10 10 9 8 10 10 10 10 10 10 100 10 11 10 11 11 11 7 10 10 100 10 11 11 11 10 10 11 7 10 10 10 10 10 10 11 10 11 11 11 10 10 11 11 10 11 10 10 10 10 10 10 10 18 10 18 10 18 10 10 10 9 10 10 10 7 10 10 10 10 10 7 1 1 1 1 1 1 1 1 1 1 1 1 1 1 1 1 1 1 1 1 1 1 1 1 1 1 1 1 1 1 1 1 1 1 1 1 1 1 1 1 1 1 1 1 1 1 1 1 1 1 1 1 1 1 1 7 7 1 1 1 1 1 1 1 1 1 1 1 1 1 1 1 7 1 1 1 1 1 1 7 1 1 1 1 1 1 1 1 1 1 1 7 1 1 1 1 1 7 1 1 1 1 1 1 1 1 1 1 1 1 1 1 1 1 1 1 1 1 1 1 1 100 1 1 1 1 1 1 1 1 12 1 7 12 12 1 12 1 12 12 1 15 16 15 12 12 15 12 16 15 12 12 15 12 15 12 1 12 12 12 1 12 12 12 12 1 12 12 1 12 12 12 12 12 1 1 7 12 1 12 12 12 12 7 12 12 12 12 12 7 12 12 7 7 12 12 1 12 12 7 12 12 1 12 12 1 12 12 12 12 12 12 12 12 1 12 16 15 16 12 12 12 1 1 12 12 7 1 1 12 12 12 15 12 12 12 12 12 1 12 12 12 12 12 12 12 12 7 12 7 12 12 12 12 12 12 12 12 12 12 12 12 12 12 12 12 12 12 12 1 12 12 12 12 1 12 12 12 12 1 12 12 1 12 12 12 12 12 12 7 12 1 12 12 12 12 12 12 12 12 12 12 12 12 12 12 12 12 12 12 15 12 15 12 12 15 8 12 100 12 12 100 12 12 100 12 12 1 12 12 12 12 12 1 1 1 1 1 1 1 100 1 1 1 1 10 10 1 1 10 10 1 1 10 10 1 1 1 1 1 1 1 1 1 1 1 1 1 1 1 1 1 1 1 1 1 1 1 1 1 1 1 1 1 1 1 1 1 1 1 1 1 1 1 1 1 1 1 10 1 1 1 1 1 1 1 1 1 1 1 10 1 1 1 1 1 1 1 1 1 1 1 1 1 1 1 1 1 1 1 1 1 1 1 1 1 1 1 1 1 1 1 1 1 1 1 1 1 1 1 1 1 1 1 1 1 1 1 1 1 1 1 1 1 1 1 1 1 1 1 1 1 1 1 1 1 1 1 1 1 10 1 10 1 10 1 1 1 1 1 1 1 1 1 1 1 1 1 1 1 1 1 1 1 7 12 12 12 12 12 12 12 12 12 12 100 12 1 1 100 1 1 1 1 100 1 1
ciInstanceKlass javafx/scene/control/skin/TableHeaderRow$1 1 1 70 9 9 10 10 10 10 10 10 10 10 6 0 9 9 10 7 7 1 1 1 1 1 1 1 1 1 1 1 1 1 100 12 1 12 12 12 12 12 12 12 12 12 12 7 12 7 12 12 1 1 1 1 1 1 1 1 1 1 1 1 1 1 1 1 1 1 1 1 1
ciMethodData java/lang/Byte toUnsignedInt (B)I 2 90919 orig 80 0 0 0 0 0 0 0 0 0 0 0 0 0 0 0 0 0 0 0 0 0 0 0 0 0 0 0 0 0 0 0 0 0 0 0 0 0 0 0 0 0 0 0 0 0 0 0 0 0 0 0 0 0 0 0 0 0 0 0 0 0 0 0 0 0 0 0 0 0 0 0 0 0 0 0 0 0 0 0 0 data 4 0x0 0x9 0x1 0x0 oops 0 methods 0
ciMethodData java/lang/String isLatin1 ()Z 2 163025 orig 80 1 0 0 0 2 0 0 0 0 0 0 0 0 0 0 0 0 0 0 0 0 0 0 0 0 0 0 0 0 0 0 0 0 0 0 0 0 0 0 3 0 0 0 0 0 0 0 0 0 0 0 0 0 0 0 0 0 0 0 0 0 0 0 0 0 0 0 0 0 0 0 0 0 0 0 0 0 0 0 0 data 18 0x30007 0x0 0x58 0x27cd1 0x80000006000a0007 0xa 0x38 0x27cca 0xe0003 0x27cca 0x18 0x0 0x0 0x0 0x0 0x9 0x1 0x0 oops 0 methods 0
ciMethodData java/lang/Object <init> ()V 2 366423 orig 80 1 0 0 0 0 0 0 0 0 0 0 0 0 0 0 0 0 0 0 0 0 0 0 0 0 0 0 0 0 0 0 0 0 0 0 0 0 0 0 0 0 0 0 0 0 0 0 0 0 0 0 0 0 0 0 0 0 0 0 0 0 0 0 0 0 0 0 0 0 0 0 0 0 0 0 0 0 0 0 0 data 4 0x0 0x9 0x1 0x0 oops 0 methods 0
ciMethodData java/lang/String hashCode ()I 2 18700 orig 80 1 0 0 0 1 0 0 0 0 0 0 0 0 0 0 0 0 0 0 0 0 0 0 0 0 0 0 0 0 0 0 0 0 0 0 0 0 0 0 2 0 0 0 0 0 0 0 0 0 0 0 0 0 0 0 0 0 0 0 0 0 0 0 0 0 0 0 0 0 0 0 0 0 0 0 0 0 0 0 0 data 41 0x60007 0x1a93 0x100 0x2e79 0xd0007 0x4 0xe0 0x2e75 0x110005 0x67 0x1cfbe59cc28 0x2e0e 0x0 0x0 0x8000000600140007 0x7 0x48 0x2e71 0x1b0002 0x2e71 0x1e0003 0x2e71 0x28 0x250002 0x7 0x2a0007 0x2e78 0x38 0x0 0x320003 0x0 0x18 0x0 0x0 0x0 0x0 0x0 0x0 0x9 0x1 0x0 oops 1 10 java/lang/String methods 0
ciMethodData java/lang/StringLatin1 hashCode ([B)I 2 11889 orig 80 0 0 0 0 0 0 0 0 0 0 0 0 0 0 0 0 0 0 0 0 0 0 0 0 0 0 0 0 0 0 0 0 0 0 0 0 0 0 0 0 0 0 0 0 0 0 0 0 0 0 0 0 0 0 0 0 0 0 0 0 0 0 0 0 0 0 0 0 0 0 0 0 0 0 0 0 0 0 0 0 data 11 0x50002 0x2e71 0x0 0x0 0x0 0x0 0x0 0x0 0x9 0x1 0x0 oops 0 methods 0
ciMethodData jdk/internal/util/ArraysSupport hashCodeOfUnsigned ([BIII)I 2 9613 orig 80 0 0 0 0 0 0 0 0 0 0 0 0 0 0 0 0 0 0 0 0 0 0 0 0 0 0 0 0 0 0 0 0 0 0 0 0 0 0 0 0 0 0 0 0 0 0 0 0 0 0 0 0 0 0 0 0 0 0 0 0 0 0 0 0 0 0 0 0 0 0 0 0 0 0 0 0 0 0 0 0 data 30 0x10008 0x6 0x258c 0x80 0x0 0x40 0x1 0x58 0x1d0003 0x0 0x50 0x270002 0x1 0x2b0003 0x1 0x28 0x330002 0x258c 0x0 0x0 0x0 0x0 0x0 0x0 0x9 0x4 0x0 0x0 0x0 0x0 oops 0 methods 0
ciMethodData java/lang/StringUTF16 hashCode ([B)I 1 8 orig 80 0 0 0 0 0 0 0 0 0 0 0 0 0 0 0 0 0 0 0 0 0 0 0 0 0 0 0 0 0 0 0 0 0 0 0 0 0 0 0 0 0 0 0 0 0 0 0 0 0 0 0 0 0 0 0 0 0 0 0 0 0 0 0 0 0 0 0 0 0 0 0 0 0 0 0 0 0 0 0 0 data 11 0x70002 0x8 0x0 0x0 0x0 0x0 0x0 0x0 0x9 0x1 0xffffffffffffffff oops 0 methods 0
ciMethodData java/lang/String equals (Ljava/lang/Object;)Z 2 33574 orig 80 3 0 0 0 1 0 0 0 0 0 0 0 0 0 0 0 0 1 0 0 4 0 0 0 0 0 0 0 0 0 0 0 0 0 0 0 0 0 0 1 0 0 0 0 0 0 0 0 0 0 0 0 0 0 0 0 0 0 0 0 0 0 0 0 0 0 0 0 0 0 0 0 0 0 0 0 0 0 0 0 data 47 0x20007 0x807d 0x20 0x2a9 0xffffffff00080104 0x0 0x1cfbe59cc28 0x802f 0x1cfca59a638 0x9 0xb0007 0x53 0xd8 0x802f 0xf0004 0x0 0x1cfbe59cc28 0x802f 0x0 0x0 0x160007 0x0 0x40 0x802f 0x8000000600210007 0x1 0x68 0x802f 0x2c0002 0x802f 0x2f0007 0x6ec7 0x38 0x1168 0x330003 0x1168 0x18 0x0 0x0 0x0 0x0 0x0 0x0 0x9 0x2 0x0 0x0 oops 3 6 java/lang/String 8 [Lcom/sun/javafx/css/ParsedValueImpl; 16 java/lang/String methods 0
ciMethodData java/util/AbstractCollection <init> ()V 2 27552 orig 80 0 0 0 0 0 0 0 0 0 0 0 0 0 0 0 0 0 0 0 0 0 0 0 0 0 0 0 0 0 0 0 0 0 0 0 0 0 0 0 0 0 0 0 0 0 0 0 0 0 0 0 0 0 0 0 0 0 0 0 0 0 0 0 0 0 0 0 0 0 0 0 0 0 0 0 0 0 0 0 0 data 7 0x10002 0x6ba0 0x0 0x0 0x9 0x1 0x0 oops 0 methods 0
ciMethodData java/lang/String isEmpty ()Z 2 48869 orig 80 0 0 0 0 0 0 0 0 0 0 0 0 0 0 0 0 0 0 0 0 0 0 0 0 0 0 0 0 0 0 0 0 0 0 0 0 0 0 0 0 0 0 0 0 0 0 0 0 0 0 0 0 0 0 0 0 0 0 0 0 0 0 0 0 0 0 0 0 0 0 0 0 0 0 0 0 0 0 0 0 data 14 0x50007 0xaad8 0x38 0x140e 0x90003 0x140e 0x18 0x0 0x0 0x0 0x0 0x9 0x1 0x0 oops 0 methods 0
ciMethodData java/util/HashMap hash (Ljava/lang/Object;)I 2 58229 orig 80 1 0 0 0 0 0 0 0 0 0 0 0 0 0 0 0 0 0 0 0 0 0 0 0 0 0 0 0 0 0 0 0 0 0 0 0 0 0 0 2 0 0 0 0 0 0 0 0 0 0 0 0 0 0 0 0 0 0 0 0 0 0 0 0 0 0 0 0 0 0 0 0 0 0 0 0 0 0 0 0 data 22 0x8000000600010007 0xe36a 0x38 0xe 0x50003 0xe 0x48 0x90005 0x3adf 0x1cfbe59cc28 0xa869 0x1cfc3e000f0 0x22 0x0 0x0 0x0 0x0 0x0 0x0 0x9 0x1 0xffffffffffffffff oops 2 9 java/lang/String 11 java/lang/module/ModuleDescriptor$Requires methods 0
ciMethodData java/util/ArrayList <init> ()V 2 11236 orig 80 0 0 0 0 0 0 0 0 0 0 0 0 0 0 0 0 0 0 0 0 0 0 0 0 0 0 0 0 0 0 0 0 0 0 0 0 0 0 0 0 0 0 0 0 0 0 0 0 0 0 0 0 0 0 0 0 0 0 0 0 0 0 0 0 0 0 0 0 0 0 0 0 0 0 0 0 0 0 0 0 data 9 0x10002 0x2be4 0x0 0x0 0x0 0x0 0x9 0x1 0x0 oops 0 methods 0
ciMethodData java/util/AbstractList <init> ()V 2 19710 orig 80 0 0 0 0 0 0 0 0 0 0 0 0 0 0 0 0 0 0 0 0 0 0 0 0 0 0 0 0 0 0 0 0 0 0 0 0 0 0 0 0 0 0 0 0 0 0 0 0 0 0 0 0 0 0 0 0 0 0 0 0 0 0 0 0 0 0 0 0 0 0 0 0 0 0 0 0 0 0 0 0 data 9 0x10002 0x4cfe 0x0 0x0 0x0 0x0 0x9 0x1 0x6 oops 0 methods 0
ciMethodData java/util/HashMap getNode (Ljava/lang/Object;)Ljava/util/HashMap$Node; 2 35951 orig 80 2 0 0 0 0 0 0 0 0 0 0 0 0 0 0 0 0 0 0 0 0 0 0 5 0 0 0 0 0 0 0 0 0 0 0 0 0 0 0 0 0 0 0 0 0 0 0 0 0 0 0 0 0 0 0 0 0 0 0 0 0 0 0 0 0 0 0 0 0 0 0 0 0 0 0 0 0 0 0 0 data 98 0x60007 0x676 0x2c0 0x85f9 0xe0007 0x0 0x2a0 0x85f9 0x170002 0x85f9 0x210007 0x358e 0x270 0x506d 0x2a0007 0x29af 0xb0 0x26be 0x350007 0x194d 0x90 0xd71 0x390007 0x0 0x70 0xd71 0x80000007003f0005 0x401 0x1cfbe59cc28 0x83c 0x1cfc3dfd3b8 0x139 0x420007 0x19 0x20 0xd5d 0x4e0007 0x15c1 0x1a0 0x1407 0x520004 0x0 0x1cfbeeaa2d8 0x13a3 0x1cfc3dfb750 0x64 0x550007 0x13a3 0x80 0x64 0x590004 0x0 0x1cfc3dfb750 0x64 0x0 0x0 0x5f0005 0x0 0x1cfc3dfb750 0x64 0x0 0x0 0x6a0007 0x706 0xb0 0xea7 0x760007 0x864 0x90 0x643 0x7a0007 0x0 0x70 0x643 0x800005 0x291 0x1cfbe59cc28 0x3b1 0x1cfc3dfd460 0x1 0x830007 0xc 0x20 0x637 0x910007 0x20a 0xffffffffffffff50 0x508 0x0 0x0 0x0 0x0 0x0 0x0 0x9 0x2 0x0 0xffffffffffffffff oops 8 28 java/lang/String 30 com/sun/javafx/css/SelectorPartitioning$PartitionKey 42 java/util/HashMap$Node 44 java/util/HashMap$TreeNode 52 java/util/HashMap$TreeNode 58 java/util/HashMap$TreeNode 76 java/lang/String 78 java/util/zip/ZipFile$Source$Key methods 0
ciMethodData java/util/HashMap get (Ljava/lang/Object;)Ljava/lang/Object; 2 41897 orig 80 2 0 0 0 0 0 0 0 0 0 0 0 0 0 0 0 0 0 0 0 0 0 0 0 0 0 0 0 0 0 0 0 0 0 0 0 0 0 0 0 0 0 0 0 0 0 0 0 0 0 0 0 0 0 0 0 0 0 0 0 0 0 0 0 0 0 0 0 0 0 0 0 0 0 0 0 0 0 0 0 data 23 0x20005 0x457 0x1cfc3daf3c8 0x9f53 0x0 0x0 0x70007 0x547c 0x38 0x4f30 0xb0003 0x4f30 0x18 0x0 0x0 0x0 0x0 0x0 0x0 0x9 0x2 0x0 0xffffffffffffffff oops 1 2 java/util/HashMap methods 0
ciMethodData java/util/HashMap isEmpty ()Z 2 73195 orig 80 0 0 0 0 0 0 0 0 0 0 0 0 0 0 0 0 0 0 0 0 0 0 0 0 0 0 0 0 0 0 0 0 0 0 0 0 0 0 0 0 0 0 0 0 0 0 0 0 0 0 0 0 0 0 0 0 0 0 0 0 0 0 0 0 0 0 0 0 0 0 0 0 0 0 0 0 0 0 0 0 data 13 0x40007 0x11d1c 0x38 0xcf 0x80003 0xcf 0x18 0x0 0x0 0x0 0x9 0x1 0x0 oops 0 methods 0
ciMethodData java/util/ArrayList isEmpty ()Z 2 6458 orig 80 0 0 0 0 0 0 0 0 0 0 0 0 0 0 0 0 0 0 0 0 0 0 0 0 0 0 0 0 0 0 0 0 0 0 0 0 0 0 0 0 0 0 0 0 0 0 0 0 0 0 0 0 0 0 0 0 0 0 0 0 0 0 0 0 0 0 0 0 0 0 0 0 0 0 0 0 0 0 0 0 data 13 0x40007 0x1618 0x38 0x322 0x80003 0x322 0x18 0x0 0x0 0x0 0x9 0x1 0x0 oops 0 methods 0
ciMethodData java/util/ArrayList elementData (I)Ljava/lang/Object; 2 18828 orig 80 0 0 0 0 0 0 0 0 0 0 0 0 0 0 0 0 0 0 0 0 0 0 0 0 0 0 0 0 0 0 0 0 0 0 0 0 0 0 0 0 0 0 0 0 0 0 0 0 0 0 0 0 0 0 0 0 0 0 0 0 0 0 0 0 0 0 0 0 0 0 0 0 0 0 0 0 0 0 0 0 data 8 0x0 0x0 0x0 0x0 0x9 0x2 0x0 0x0 oops 0 methods 0
ciMethodData java/util/ArrayList get (I)Ljava/lang/Object; 2 11371 orig 80 0 0 0 0 0 0 0 0 0 0 0 0 0 0 0 0 0 0 0 0 0 0 0 0 0 0 0 0 0 0 0 0 0 0 0 0 0 0 0 0 0 0 0 0 0 0 0 0 0 0 0 0 0 0 0 0 0 0 0 0 0 0 0 0 0 0 0 0 0 0 0 0 0 0 0 0 0 0 0 0 data 18 0x50002 0x2c6c 0xb0005 0x0 0x1cfbe59ff18 0x2c6c 0x0 0x0 0x0 0x0 0x0 0x0 0x0 0x0 0x9 0x2 0x0 0x0 oops 1 4 java/util/ArrayList methods 0
ciMethodData java/util/Objects checkIndex (II)I 2 18725 orig 80 0 0 0 0 0 0 0 0 0 0 0 0 0 0 0 0 0 0 0 0 0 0 0 0 0 0 0 0 0 0 0 0 0 0 0 0 0 0 0 0 0 0 0 0 0 0 0 0 0 0 0 0 0 0 0 0 0 0 0 0 0 0 0 0 0 0 0 0 0 0 0 0 0 0 0 0 0 0 0 0 data 12 0x30002 0x4926 0x0 0x0 0x0 0x0 0x0 0x0 0x9 0x2 0x0 0x0 oops 0 methods 0
ciMethodData java/util/Collections$UnmodifiableCollection size ()I 2 13109 orig 80 0 0 0 0 0 0 0 0 0 0 0 0 0 0 0 0 0 0 0 0 0 0 0 0 0 0 0 0 0 0 0 0 0 0 0 0 0 0 0 0 0 0 0 0 0 0 0 0 0 0 0 0 0 0 0 0 0 0 0 0 0 0 0 0 0 0 0 0 0 0 0 0 0 0 0 0 0 0 0 0 data 15 0x40005 0x0 0x1cfbe59ff18 0x315e 0x1cfc3501a00 0x1d8 0x0 0x0 0x0 0x0 0x0 0x0 0x9 0x1 0x0 oops 2 2 java/util/ArrayList 4 java/util/Arrays$ArrayList methods 0
ciMethodData java/util/Collections$UnmodifiableList get (I)Ljava/lang/Object; 2 7813 orig 80 0 0 0 0 0 0 0 0 0 0 0 0 0 0 0 0 0 0 0 0 0 0 0 0 0 0 0 0 0 0 0 0 0 0 0 0 0 0 0 0 0 0 0 0 0 0 0 0 0 0 0 0 0 0 0 0 0 0 0 0 0 0 0 0 0 0 0 0 0 0 0 0 0 0 0 0 0 0 0 0 data 16 0x50005 0x0 0x1cfbe59ff18 0x1e74 0x1cfc3501a00 0x12 0x0 0x0 0x0 0x0 0x0 0x0 0x9 0x2 0x0 0x0 oops 2 2 java/util/ArrayList 4 java/util/Arrays$ArrayList methods 0
ciMethodData java/util/AbstractCollection isEmpty ()Z 2 16384 orig 80 0 0 0 0 0 0 0 0 0 0 0 0 0 0 0 0 0 0 0 0 0 0 0 0 0 0 0 0 0 0 0 0 0 0 0 0 0 0 0 0 0 0 0 0 0 0 0 0 0 0 0 0 0 0 0 0 0 0 0 0 0 0 0 0 0 0 0 0 0 0 0 0 0 0 0 0 0 0 0 0 data 22 0x10005 0x3f9e 0x1cfca25bea0 0x3e 0x1cfca25bf48 0x25 0x40007 0x1936 0x38 0x26cb 0x80003 0x26cb 0x18 0x0 0x0 0x0 0x0 0x0 0x0 0x9 0x1 0x0 oops 2 2 javafx/css/Rule$Observables$1 4 com/sun/javafx/collections/ObservableListWrapper methods 0
ciMethod javafx/beans/value/ObservableObjectValue get ()Ljava/lang/Object; 0 0 1 0 -1
ciMethod javafx/collections/ObservableList size ()I 0 0 1 0 -1
ciMethod javafx/collections/ObservableList get (I)Ljava/lang/Object; 0 0 1 0 -1
ciMethod javafx/collections/ObservableSet contains (Ljava/lang/Object;)Z 0 0 1 0 -1
ciMethod com/sun/javafx/collections/ObservableListWrapper get (I)Ljava/lang/Object; 1024 0 7035 0 256
ciMethod com/sun/javafx/collections/ObservableListWrapper size ()I 1024 0 9043 0 128
ciMethod javafx/stage/Window getScene ()Ljavafx/scene/Scene; 18 0 27 0 -1
ciMethod javafx/scene/Node getSubScene ()Ljavafx/scene/SubScene; 256 0 128 0 0
ciMethod javafx/scene/Node getScene ()Ljavafx/scene/Scene; 516 0 24928 0 -1
ciMethod javafx/css/Styleable getTypeSelector ()Ljava/lang/String; 0 0 1 0 -1
ciMethod javafx/css/Styleable getId ()Ljava/lang/String; 0 0 1 0 -1
ciMethod javafx/css/Styleable getStyleClass ()Ljavafx/collections/ObservableList; 0 0 1 0 -1
ciMethod javafx/css/Styleable getStyleableParent ()Ljavafx/css/Styleable; 0 0 1 0 -1
ciMethod javafx/css/Styleable getPseudoClassStates ()Ljavafx/collections/ObservableSet; 0 0 1 0 -1
ciMethod javafx/scene/Node getNodeOrientation ()Ljavafx/geometry/NodeOrientation; 252 0 930 0 0
ciMethod javafx/scene/Node getEffectiveNodeOrientation ()Ljavafx/geometry/NodeOrientation; 12 0 117 0 0
ciMethod javafx/scene/Node getEffectiveOrientation (B)B 532 0 469 0 -1
ciMethod javafx/scene/Node getStyleableParent ()Ljavafx/css/Styleable; 592 0 7634 0 -1
ciMethod javafx/scene/Scene getRoot ()Ljavafx/scene/Parent; 2358 0 17701 0 -1
ciMethod javafx/scene/SubScene getRoot ()Ljavafx/scene/Parent; 0 0 1 0 -1
ciMethod com/sun/javafx/css/PseudoClassState getT (I)Ljava/lang/Object; 774 0 400 0 -1
ciMethod com/sun/javafx/css/PseudoClassState containsAll (Ljava/util/Collection;)Z 1024 0 6642 0 0
ciMethod com/sun/javafx/css/PseudoClassState iterator ()Ljava/util/Iterator; 1024 0 1565 0 0
ciMethod com/sun/javafx/css/PseudoClassState size ()I 684 0 10990 0 240
ciMethod com/sun/javafx/css/BitSet <init> ()V 1024 0 28683 0 0
ciMethod com/sun/javafx/css/BitSet size ()I 1024 1182 14441 0 240
ciMethod com/sun/javafx/css/BitSet iterator ()Ljava/util/Iterator; 1024 0 1565 0 0
ciMethod com/sun/javafx/css/BitSet add (Ljava/lang/Object;)Z 1024 0 6706 0 1250
ciMethod com/sun/javafx/css/BitSet containsAll (Ljava/util/Collection;)Z 614 4 10178 0 432
ciMethod com/sun/javafx/css/BitSet getT (I)Ljava/lang/Object; 0 0 1 0 -1
ciMethod com/sun/javafx/css/BitSet getIndex (Ljava/lang/Object;)I 0 0 1 0 -1
ciMethod com/sun/javafx/css/BitSet notifyObservers (Ljava/lang/Object;Z)V 0 0 828 0 -1
ciMethod com/sun/javafx/css/StyleManager getInstance ()Lcom/sun/javafx/css/StyleManager; 516 0 15978 0 0
ciMethod com/sun/javafx/css/StyleManager getCacheContainer (Ljavafx/css/Styleable;Ljavafx/scene/SubScene;)Lcom/sun/javafx/css/StyleManager$CacheContainer; 518 0 16202 0 3453
ciMethod com/sun/javafx/css/StyleManager getStyleMap (Ljavafx/css/Styleable;Ljavafx/scene/SubScene;I)Lcom/sun/javafx/css/StyleMap; 512 0 14837 0 0
ciMethod javafx/css/Selector getRule ()Ljavafx/css/Rule; 28 0 14 0 -1
ciMethod javafx/css/Selector createMatch ()Ljavafx/css/Match; 0 0 1 0 -1
ciMethod javafx/css/Selector stateMatches (Ljavafx/css/Styleable;Ljava/util/Set;)Z 0 0 1 0 -1
ciMethod javafx/css/Rule getDeclarations ()Ljavafx/collections/ObservableList; 352 0 1103 0 -1
ciMethod javafx/css/CompoundSelector stateMatches (Ljavafx/css/Styleable;Ljava/util/Set;)Z 1024 0 3150 0 0
ciMethod javafx/css/CompoundSelector stateMatches (Ljavafx/css/Styleable;Ljava/util/Set;I)Z 1024 0 4715 0 0
ciMethod javafx/css/SimpleSelector applies (Ljavafx/css/Styleable;)Z 570 562 5531 0 2368
ciMethod javafx/css/SimpleSelector stateMatches (Ljavafx/css/Styleable;Ljava/util/Set;)Z 1024 0 8211 0 0
ciMethod javafx/css/SimpleSelector matchStyleClasses (Lcom/sun/javafx/css/StyleClassSet;)Z 544 0 4825 0 0
ciMethod com/sun/javafx/css/StyleClassSet <init> ()V 1024 0 6871 0 0
ciMethod com/sun/javafx/css/StyleClassSet getIndex (Ljavafx/css/StyleClass;)I 1024 0 10980 0 0
ciMethod com/sun/javafx/css/StyleClassSet getStyleClass (Ljava/lang/String;)Ljavafx/css/StyleClass; 1024 0 6114 0 2808
ciMethod com/sun/javafx/css/StyleClassSet getIndex (Ljava/lang/Object;)I 1024 0 10980 0 128
ciMethod com/sun/javafx/css/StyleClassSet containsAll (Ljava/util/Collection;)Z 576 0 11531 0 376
ciMethod com/sun/javafx/css/StyleClassSet add (Ljava/lang/Object;)Z 1024 0 7157 0 0
ciMethod javafx/css/StyleClass <init> (Ljava/lang/String;I)V 470 0 277 0 -1
ciMethod javafx/css/StyleClass getIndex ()I 1016 0 508 0 0
ciMethod com/sun/javafx/collections/SetListenerHelper hasListeners (Lcom/sun/javafx/collections/SetListenerHelper;)Z 1024 0 12871 0 96
ciMethodData com/sun/javafx/css/StyleClassSet getIndex (Ljava/lang/Object;)I 2 10468 orig 80 0 0 0 0 0 0 0 0 0 0 0 0 0 0 0 0 0 0 0 0 0 0 0 0 0 0 0 0 0 0 0 0 0 0 0 0 0 0 0 0 0 0 0 0 0 0 0 0 0 0 0 0 0 0 0 0 0 0 0 0 0 0 0 0 0 0 0 0 0 0 0 0 0 0 0 0 0 0 0 0 data 22 0x20004 0x0 0x1cfc3776ea8 0x28e5 0x0 0x0 0x50005 0xab 0x1cfc3771178 0x283a 0x0 0x0 0x0 0x0 0x0 0x0 0x0 0x0 0x9 0x2 0x0 0x0 oops 2 2 javafx/css/StyleClass 8 com/sun/javafx/css/StyleClassSet methods 0
ciMethodData com/sun/javafx/css/StyleClassSet getIndex (Ljavafx/css/StyleClass;)I 2 10468 orig 80 0 0 0 0 0 0 0 0 0 0 0 0 0 0 0 0 0 0 0 0 0 0 0 0 0 0 0 0 0 0 0 0 0 0 0 0 0 0 0 0 0 0 0 0 0 0 0 0 0 0 0 0 0 0 0 0 0 0 0 0 0 0 0 0 0 0 0 0 0 0 0 0 0 0 0 0 0 0 0 0 data 16 0x10005 0xab 0x1cfc3776ea8 0x283a 0x0 0x0 0x0 0x0 0x0 0x0 0x0 0x0 0x9 0x2 0x0 0x0 oops 1 2 javafx/css/StyleClass methods 0
ciMethodData com/sun/javafx/css/BitSet <init> ()V 2 28171 orig 80 0 0 0 0 0 0 0 0 0 0 0 0 0 0 0 0 0 0 0 0 0 0 0 0 0 0 0 0 0 0 0 0 0 0 0 0 0 0 0 0 0 0 0 0 0 0 0 0 0 0 0 0 0 0 0 0 0 0 0 0 0 0 0 0 0 0 0 0 0 0 0 0 0 0 0 0 0 0 0 0 data 9 0x10002 0x6e0c 0x0 0x0 0x0 0x0 0x9 0x1 0x0 oops 0 methods 0
ciMethodData com/sun/javafx/css/BitSet add (Ljava/lang/Object;)Z 2 6194 orig 80 0 0 0 0 0 0 0 0 0 0 0 0 0 0 0 0 0 0 0 0 0 0 0 0 0 0 0 0 0 0 0 0 0 0 0 0 0 0 0 0 0 0 0 0 0 0 0 0 0 0 0 0 0 0 0 0 0 0 0 0 0 0 0 0 0 0 0 0 0 0 0 0 0 0 0 0 0 0 0 0 data 57 0x10007 0x1833 0x20 0x0 0x80005 0x0 0x1cfd0be8238 0x124 0x1cfc3771178 0x170f 0x120005 0x0 0x1cfd0be8238 0x124 0x1cfc3771178 0x170f 0x200007 0x2b0 0x30 0x1583 0x370002 0x1583 0x5b0007 0xf0 0x38 0x1743 0x5f0003 0x1743 0x18 0x670007 0xf0 0x80 0x1743 0x6e0002 0x1743 0x710007 0x1743 0x50 0x0 0x770005 0x0 0x0 0x0 0x0 0x0 0x0 0x0 0x0 0x0 0x0 0x0 0x0 0x0 0x9 0x2 0x0 0x0 oops 4 6 com/sun/javafx/css/PseudoClassState 8 com/sun/javafx/css/StyleClassSet 12 com/sun/javafx/css/PseudoClassState 14 com/sun/javafx/css/StyleClassSet methods 0
ciMethodData com/sun/javafx/collections/SetListenerHelper hasListeners (Lcom/sun/javafx/collections/SetListenerHelper;)Z 2 12359 orig 80 0 0 0 0 0 0 0 0 0 0 0 0 0 0 0 0 0 0 0 0 0 0 0 0 0 0 0 0 0 0 0 0 0 0 0 0 0 0 0 0 0 0 0 0 0 0 0 0 0 0 0 0 0 0 0 0 0 0 0 0 0 0 0 0 0 0 0 0 0 0 0 0 0 0 0 0 0 0 0 0 data 16 0x10007 0x3048 0x38 0x0 0x50003 0x0 0x18 0x0 0x0 0x0 0x0 0x0 0x0 0x9 0x1 0x0 oops 0 methods 0
ciMethodData com/sun/javafx/css/StyleClassSet getStyleClass (Ljava/lang/String;)Ljavafx/css/StyleClass; 2 5602 orig 80 0 0 0 0 0 0 0 0 0 0 0 0 0 0 0 0 0 0 0 0 0 0 0 0 0 0 0 0 0 0 0 0 0 0 0 0 0 0 0 0 0 0 0 0 0 0 0 0 0 0 0 0 0 0 0 0 0 0 0 0 0 0 0 0 0 0 0 0 0 0 0 0 0 0 0 0 0 0 0 0 data 112 0x10007 0x0 0xa0 0x15e3 0x50005 0x5b0 0x1cfbe59cc28 0x1033 0x0 0x0 0x80005 0x5b0 0x1cfbe59cc28 0x1033 0x0 0x0 0xb0007 0x15e3 0x30 0x0 0x140002 0x0 0x1e0005 0x0 0x1cfc3daf3c8 0x15e3 0x0 0x0 0x230104 0x0 0x1cfbe5a0908 0x1528 0x0 0x0 0x280007 0xbb 0x68 0x1528 0x2c0005 0x506 0x1cfbe5a0908 0x1022 0x0 0x0 0x2f0003 0x1528 0x18 0x370005 0x0 0x1cfbe59ff18 0x15e3 0x0 0x0 0x410007 0x15e3 0x50 0x0 0x470007 0x0 0x30 0x0 0x4e0002 0x0 0x540007 0xbb 0xa0 0x1528 0x5a0007 0x0 0x80 0x1528 0x610005 0x0 0x1cfbe59ff18 0x1528 0x0 0x0 0x660004 0x0 0x1cfc3776ea8 0x1528 0x0 0x0 0x6b0007 0x1528 0xa0 0xbb 0x750002 0xbb 0x7d0005 0x0 0x1cfbe59ff18 0xbb 0x0 0x0 0x890002 0xbb 0x8c0005 0x0 0x1cfc3daf3c8 0xbb 0x0 0x0 0x0 0x0 0x0 0x0 0x0 0x0 0x9 0x1 0x0 oops 10 6 java/lang/String 12 java/lang/String 24 java/util/HashMap 30 java/lang/Integer 40 java/lang/Integer 49 java/util/ArrayList 73 java/util/ArrayList 79 javafx/css/StyleClass 91 java/util/ArrayList 99 java/util/HashMap methods 0
ciMethodData com/sun/javafx/css/StyleClassSet add (Ljava/lang/Object;)Z 2 6645 orig 80 0 0 0 0 0 0 0 0 0 0 0 0 0 0 0 0 0 0 0 0 0 0 0 0 0 0 0 0 0 0 0 0 0 0 0 0 0 0 0 0 0 0 0 0 0 0 0 0 0 0 0 0 0 0 0 0 0 0 0 0 0 0 0 0 0 0 0 0 0 0 0 0 0 0 0 0 0 0 0 0 data 8 0x20002 0x19f6 0x0 0x0 0x9 0x2 0x0 0x0 oops 0 methods 0
ciMethodData com/sun/javafx/css/StyleClassSet <init> ()V 2 6359 orig 80 0 0 0 0 0 0 0 0 0 0 0 0 0 0 0 0 0 0 0 0 0 0 0 0 0 0 0 0 0 0 0 0 0 0 0 0 0 0 0 0 0 0 0 0 0 0 0 0 0 0 0 0 0 0 0 0 0 0 0 0 0 0 0 0 0 0 0 0 0 0 0 0 0 0 0 0 0 0 0 0 data 7 0x10002 0x18d8 0x0 0x0 0x9 0x1 0x0 oops 0 methods 0
ciMethodData com/sun/javafx/css/BitSet size ()I 2 13929 orig 80 0 0 0 0 0 0 0 0 0 0 0 0 0 0 0 0 0 0 0 0 0 0 0 0 0 0 0 0 0 0 0 0 0 0 0 0 0 0 0 0 0 0 0 0 0 0 0 0 0 0 0 0 0 0 0 0 0 0 0 0 0 0 0 0 0 0 0 0 0 0 0 0 0 0 0 0 0 0 0 0 data 26 0x70007 0x1f01 0x88 0x1769 0x120007 0x1769 0x68 0x22d0 0x1f0007 0xb00 0x30 0x17d0 0x240002 0x17d0 0x2c0003 0x22d0 0xffffffffffffffb0 0x0 0x0 0x0 0x0 0x0 0x0 0x9 0x1 0x0 oops 0 methods 0
ciMethodData com/sun/javafx/collections/ObservableListWrapper size ()I 2 8531 orig 80 0 0 0 0 0 0 0 0 0 0 0 0 0 0 0 0 0 0 0 0 0 0 0 0 0 0 0 0 0 0 0 0 0 0 0 0 0 0 0 0 0 0 0 0 0 0 0 0 0 0 0 0 0 0 0 0 0 0 0 0 0 0 0 0 0 0 0 0 0 0 0 0 0 0 0 0 0 0 0 0 data 15 0x40005 0x0 0x1cfbe59ff18 0x2154 0x0 0x0 0x0 0x0 0x0 0x0 0x0 0x0 0x9 0x1 0x0 oops 1 2 java/util/ArrayList methods 0
ciMethodData com/sun/javafx/collections/ObservableListWrapper get (I)Ljava/lang/Object; 2 6523 orig 80 0 0 0 0 0 0 0 0 0 0 0 0 0 0 0 0 0 0 0 0 0 0 0 0 0 0 0 0 0 0 0 0 0 0 0 0 0 0 0 0 0 0 0 0 0 0 0 0 0 0 0 0 0 0 0 0 0 0 0 0 0 0 0 0 0 0 0 0 0 0 0 0 0 0 0 0 0 0 0 0 data 16 0x50005 0x0 0x1cfbe59ff18 0x197c 0x0 0x0 0x0 0x0 0x0 0x0 0x0 0x0 0x9 0x2 0x0 0x0 oops 1 2 java/util/ArrayList methods 0
ciMethod javafx/scene/CssStyleHelper getStyleHelper (Ljavafx/scene/Node;)Ljavafx/scene/CssStyleHelper; 774 0 12273 0 0
ciMethod javafx/scene/CssStyleHelper getStyleMap (Ljavafx/css/Styleable;)Lcom/sun/javafx/css/StyleMap; 512 0 13219 0 0
ciMethod javafx/scene/CssStyleHelper getStyle (Ljavafx/css/Styleable;Ljava/lang/String;Lcom/sun/javafx/css/StyleMap;Ljava/util/Set;)Lcom/sun/javafx/css/CascadingStyle; 606 12 30976 0 0
ciMethod javafx/scene/CssStyleHelper resolveRef (Ljavafx/css/Styleable;Ljava/lang/String;Lcom/sun/javafx/css/StyleMap;Ljava/util/Set;)Lcom/sun/javafx/css/CascadingStyle; 628 0 15578 0 0
ciMethod com/sun/javafx/css/StyleManager$CacheContainer <init> ()V 2 0 3 0 -1
ciMethod com/sun/javafx/css/StyleManager$CacheContainer getStyleMapList ()Ljava/util/List; 596 0 30964 0 0
ciMethod com/sun/javafx/css/StyleManager$CacheContainer getStyleMap (I)Lcom/sun/javafx/css/StyleMap; 302 0 15413 0 470
ciMethodData com/sun/javafx/css/StyleClassSet containsAll (Ljava/util/Collection;)Z 2 11243 orig 80 0 0 0 0 0 0 0 0 0 0 0 0 0 0 0 0 0 0 0 0 0 0 0 0 0 0 0 0 0 0 0 0 0 0 0 0 0 0 0 0 0 0 0 0 0 0 0 0 0 0 0 0 0 0 0 0 0 0 0 0 0 0 0 0 0 0 0 0 0 0 0 0 0 0 0 0 0 0 0 0 data 8 0x20002 0x2beb 0x0 0x0 0x9 0x2 0x0 0x0 oops 0 methods 0
ciMethodData com/sun/javafx/css/BitSet containsAll (Ljava/util/Collection;)Z 2 9871 orig 80 0 0 0 0 0 0 0 0 0 0 0 0 0 0 0 0 0 0 0 0 0 0 0 0 0 0 0 0 0 0 0 0 0 0 0 0 0 0 0 0 0 0 0 0 0 0 0 0 0 0 0 0 0 0 0 0 0 0 0 0 0 0 0 0 0 0 0 0 0 0 0 0 0 0 0 0 0 0 0 0 data 60 0x10007 0x0 0xa0 0x268f 0x50005 0x1 0x1cfc3771178 0x267e 0x1cfd0be8238 0x10 0x90005 0x1 0x1cfc3771178 0x267e 0x1cfd0be8238 0x10 0xc0007 0x268f 0x20 0x0 0x120004 0x0 0x1cfc3771178 0x267f 0x1cfd0be8238 0x10 0x1b0007 0x2034 0x40 0x65b 0x230007 0x650 0x20 0xb 0x320007 0xff6 0x20 0x168e 0x430007 0x690 0x58 0x1877 0x5a0007 0xf11 0x20 0x966 0x620003 0xf11 0xffffffffffffffc0 0x0 0x0 0x0 0x0 0x0 0x0 0x0 0x9 0x2 0x0 0x0 oops 6 6 com/sun/javafx/css/StyleClassSet 8 com/sun/javafx/css/PseudoClassState 12 com/sun/javafx/css/StyleClassSet 14 com/sun/javafx/css/PseudoClassState 22 com/sun/javafx/css/StyleClassSet 24 com/sun/javafx/css/PseudoClassState methods 0
ciMethod com/sun/javafx/css/StyleMap isEmpty ()Z 360 0 31341 0 200
ciMethod com/sun/javafx/css/StyleMap getCascadingStyles ()Ljava/util/Map; 792 676 30344 0 -1
ciMethod com/sun/javafx/css/CascadingStyle <init> (Ljavafx/css/Declaration;Ljavafx/css/Match;I)V 324 0 817 0 -1
ciMethod com/sun/javafx/css/CascadingStyle getProperty ()Ljava/lang/String; 1024 0 5657 0 -1
ciMethod com/sun/javafx/css/CascadingStyle getSelector ()Ljavafx/css/Selector; 102 0 6616 0 104
ciMethod javafx/scene/CssStyleHelper$CacheContainer getStyleMap (Ljavafx/css/Styleable;)Lcom/sun/javafx/css/StyleMap; 512 0 14837 0 686
ciMethod javafx/css/Style getSelector ()Ljavafx/css/Selector; 224 0 112 0 0
ciMethodData javafx/css/SimpleSelector applies (Ljavafx/css/Styleable;)Z 2 5246 orig 80 0 0 0 0 0 0 0 0 0 0 0 0 0 0 0 0 0 0 0 0 0 0 0 0 0 0 0 0 0 0 0 0 0 0 0 0 0 0 0 0 0 0 0 0 0 0 0 0 0 0 0 0 0 0 0 0 0 0 0 0 0 0 0 0 0 0 0 0 0 0 0 0 0 0 0 0 0 0 0 0 data 170 0x70007 0x146e 0x178 0x10 0xb0004 0x0 0x1cfc3308b50 0x8 0x1cfc3308bf8 0x8 0xe0007 0x0 0x128 0x10 0x120004 0x0 0x1cfc3308b50 0x8 0x1cfc3308bf8 0x8 0x170005 0x0 0x1cfc3308b50 0x8 0x1cfc3308bf8 0x8 0x1f0007 0x0 0x88 0x10 0x230005 0x0 0x1cfc3308b50 0x8 0x1cfc3308bf8 0x8 0x2a0007 0x8 0x58 0x8 0x2d0003 0x8 0x38 0x350007 0x0 0x20 0x0 0x3e0007 0x1368 0xa0 0x10e 0x420005 0x69 0x1cfc3701f18 0x70 0x1cfc3308ca0 0x35 0x4d0005 0x15 0x1cfbe59cc28 0xf9 0x0 0x0 0x520007 0xe1 0x20 0x2d 0x5b0007 0x13e6 0xa0 0x63 0x5f0005 0xa 0x1cfc3308d48 0x33 0x1cfc3308bf8 0x26 0x6a0005 0x1 0x1cfbe59cc28 0x62 0x0 0x0 0x6f0007 0x63 0x20 0x0 0x780007 0x268 0x240 0x11e1 0x7f0002 0x11e1 0x840005 0xd61 0x1cfc3701f18 0x1a2 0x1cfc3308d48 0x2de 0x8e0005 0x0 0x1cfc3308df0 0x11e1 0x0 0x0 0x990007 0x11e1 0x160 0xf5c 0x9f0005 0x0 0x1cfc3308df0 0xf5c 0x0 0x0 0xa40004 0x0 0x1cfbe59cc28 0xf5c 0x0 0x0 0xab0007 0x0 0xc8 0xf5c 0xb00005 0xe5 0x1cfbe59cc28 0xe77 0x0 0x0 0xb30007 0xf5c 0x38 0x0 0xb60003 0x0 0x58 0xbb0002 0xf5c 0xc30005 0xe5 0x1cfc3771178 0xe77 0x0 0x0 0xca0003 0xf5c 0xfffffffffffffeb8 0xcf0005 0x11e1 0x0 0x0 0x0 0x0 0xd60007 0x7d9 0x20 0xa08 0x0 0x0 0x0 0x0 0x0 0x0 0x0 0x9 0x2 0x0 0x0 oops 21 6 javafx/scene/control/TextField 8 javafx/scene/layout/VBox 16 javafx/scene/control/TextField 18 javafx/scene/layout/VBox 22 javafx/scene/control/TextField 24 javafx/scene/layout/VBox 32 javafx/scene/control/TextField 34 javafx/scene/layout/VBox 53 javafx/scene/control/ComboBox 55 javafx/scene/control/Button 59 java/lang/String 73 javafx/scene/layout/HBox 75 javafx/scene/layout/VBox 79 java/lang/String 95 javafx/scene/control/ComboBox 97 javafx/scene/layout/HBox 101 javafx/scene/Node$4 111 javafx/scene/Node$4 117 java/lang/String 127 java/lang/String 142 com/sun/javafx/css/StyleClassSet methods 0
ciMethodData javafx/scene/Node getNodeOrientation ()Ljavafx/geometry/NodeOrientation; 1 804 orig 80 0 0 0 0 0 0 0 0 0 0 0 0 0 0 0 0 0 0 0 0 0 0 0 0 0 0 0 0 0 0 0 0 0 0 0 0 0 0 0 0 0 0 0 0 0 0 0 0 0 0 0 0 0 0 0 0 0 0 0 0 0 0 0 0 0 0 0 0 0 0 0 0 0 0 0 0 0 0 0 0 data 28 0x40007 0x0 0x38 0x324 0xa0003 0x324 0x78 0x110005 0x0 0x0 0x0 0x0 0x0 0x140004 0x0 0x0 0x0 0x0 0x0 0x0 0x0 0x0 0x0 0x0 0x0 0x9 0x1 0x0 oops 0 methods 0
ciMethodData javafx/scene/Node getEffectiveNodeOrientation ()Ljavafx/geometry/NodeOrientation; 1 111 orig 80 0 0 0 0 0 0 0 0 0 0 0 0 0 0 0 0 0 0 0 0 0 0 0 0 0 0 0 0 0 0 0 0 0 0 0 0 0 0 0 0 0 0 0 0 0 0 0 0 0 0 0 0 0 0 0 0 0 0 0 0 0 0 0 0 0 0 0 0 0 0 0 0 0 0 0 0 0 0 0 0 data 18 0x40002 0x6f 0x70007 0x0 0x38 0x6f 0xd0003 0x6f 0x18 0x0 0x0 0x0 0x0 0x0 0x0 0x9 0x1 0x0 oops 0 methods 0
ciMethodData javafx/css/SimpleSelector matchStyleClasses (Lcom/sun/javafx/css/StyleClassSet;)Z 2 4553 orig 80 0 0 0 0 0 0 0 0 0 0 0 0 0 0 0 0 0 0 0 0 0 0 0 0 0 0 0 0 0 0 0 0 0 0 0 0 0 0 0 0 0 0 0 0 0 0 0 0 0 0 0 0 0 0 0 0 0 0 0 0 0 0 0 0 0 0 0 0 0 0 0 0 0 0 0 0 0 0 0 0 data 16 0x50005 0xb5 0x1cfc3771178 0x1114 0x0 0x0 0x0 0x0 0x0 0x0 0x0 0x0 0x9 0x2 0x0 0x0 oops 1 2 com/sun/javafx/css/StyleClassSet methods 0
ciMethodData com/sun/javafx/css/StyleManager$CacheContainer getStyleMapList ()Ljava/util/List; 2 30666 orig 80 0 0 0 0 0 0 0 0 0 0 0 0 0 0 0 0 0 0 0 0 0 0 0 0 0 0 0 0 0 0 0 0 0 0 0 0 0 0 0 0 0 0 0 0 0 0 0 0 0 0 0 0 0 0 0 0 0 0 0 0 0 0 0 0 0 0 0 0 0 0 0 0 0 0 0 0 0 0 0 0 data 15 0x40007 0x77c8 0x30 0x2 0xc0002 0x2 0x0 0x0 0x0 0x0 0x0 0x0 0x9 0x1 0x0 oops 0 methods 0
ciMethodData com/sun/javafx/css/StyleManager$CacheContainer getStyleMap (I)Lcom/sun/javafx/css/StyleMap; 2 15262 orig 80 0 0 0 0 0 0 0 0 0 0 0 0 0 0 0 0 0 0 0 0 0 0 0 0 0 0 0 0 0 0 0 0 0 0 0 0 0 0 0 0 0 0 0 0 0 0 0 0 0 0 0 0 0 0 0 0 0 0 0 0 0 0 0 0 0 0 0 0 0 0 0 0 0 0 0 0 0 0 0 0 data 48 0x90007 0x0 0x130 0x3b9e 0xe0005 0x3b9e 0x0 0x0 0x0 0x0 0x110005 0x0 0x1cfbe59ff18 0x3b9e 0x0 0x0 0x160007 0x0 0xb0 0x3b9e 0x1a0005 0x3b9e 0x0 0x0 0x0 0x0 0x1e0005 0x0 0x1cfbe59ff18 0x3b9e 0x0 0x0 0x230004 0x0 0x1cfd0be7c20 0x3b9e 0x0 0x0 0x0 0x0 0x0 0x0 0x0 0x0 0x9 0x2 0x0 0x0 oops 3 12 java/util/ArrayList 28 java/util/ArrayList 34 com/sun/javafx/css/StyleMap methods 0
ciMethodData com/sun/javafx/css/StyleManager getInstance ()Lcom/sun/javafx/css/StyleManager; 2 15720 orig 80 0 0 0 0 0 0 0 0 0 0 0 0 0 0 0 0 0 0 0 0 0 0 0 0 0 0 0 0 0 0 0 0 0 0 0 0 0 0 0 0 0 0 0 0 0 0 0 0 0 0 0 0 0 0 0 0 0 0 0 0 0 0 0 0 0 0 0 0 0 0 0 0 0 0 0 0 0 0 0 0 data 4 0x0 0x0 0x9 0x0 oops 0 methods 0
ciMethodData com/sun/javafx/css/StyleManager getCacheContainer (Ljavafx/css/Styleable;Ljavafx/scene/SubScene;)Lcom/sun/javafx/css/StyleManager$CacheContainer; 2 15943 orig 80 0 0 0 0 0 0 0 0 0 0 0 0 0 0 0 0 0 0 0 0 0 0 0 0 0 0 0 0 0 0 0 0 0 0 0 0 0 0 0 0 0 0 0 0 0 0 0 0 0 0 0 0 0 0 0 0 0 0 0 0 0 0 0 0 0 0 0 0 0 0 0 0 0 0 0 0 0 0 0 0 data 129 0x10007 0x3e47 0x40 0x0 0x50007 0x0 0x20 0x0 0xd0007 0x3e47 0x68 0x0 0x110005 0x0 0x0 0x0 0x0 0x0 0x150003 0x0 0x230 0x190004 0x35ca 0x1cfc3701f18 0x824 0x1cfc3308ca0 0x59 0x1c0007 0x0 0xe8 0x3e47 0x200004 0x35ca 0x1cfc3701f18 0x824 0x1cfc3308ca0 0x59 0x270005 0x342e 0x1cfca598680 0x2 0x1cfca598728 0xa17 0x2e0007 0x0 0x50 0x3e47 0x330005 0x1b 0x1cfc37c4b08 0x3e28 0x1cfca5987d0 0x4 0x370003 0x3e47 0x118 0x3b0004 0x0 0x0 0x0 0x0 0x0 0x3e0007 0x0 0xd0 0x0 0x420004 0x0 0x0 0x0 0x0 0x0 0x450005 0x0 0x0 0x0 0x0 0x0 0x4c0007 0x0 0x50 0x0 0x510005 0x0 0x0 0x0 0x0 0x0 0x560007 0x3e47 0x20 0x0 0x660005 0x0 0x1cfca598878 0x3e47 0x0 0x0 0x6b0104 0x0 0x1cfc37c09d0 0x3e45 0x0 0x0 0x720007 0x3e45 0x60 0x2 0x790002 0x2 0x840005 0x0 0x1cfca598878 0x2 0x0 0x0 0x0 0x0 0x0 0x0 0x0 0x0 0x9 0x3 0x0 0x0 0x0 0x900001 0x900001 oops 11 23 javafx/scene/control/ComboBox 25 javafx/scene/control/Button 33 javafx/scene/control/ComboBox 35 javafx/scene/control/Button 39 javafx/scene/control/skin/ScrollPaneSkin$6 41 javafx/scene/layout/AnchorPane 49 javafx/scene/Scene 51 javafx/scene/Scene$2$1 94 java/util/WeakHashMap 100 com/sun/javafx/css/StyleManager$CacheContainer 112 java/util/WeakHashMap methods 0
ciMethodData com/sun/javafx/css/StyleMap isEmpty ()Z 2 31161 orig 80 0 0 0 0 0 0 0 0 0 0 0 0 0 0 0 0 0 0 0 0 0 0 0 0 0 0 0 0 0 0 0 0 0 0 0 0 0 0 0 0 0 0 0 0 0 0 0 0 0 0 0 0 0 0 0 0 0 0 0 0 0 0 0 0 0 0 0 0 0 0 0 0 0 0 0 0 0 0 0 0 data 29 0x40007 0x7807 0x50 0x1b2 0xb0005 0x0 0x1cfc390d018 0xd7 0x1cfbe59ff18 0xdb 0x150007 0x0 0x50 0x7807 0x1c0005 0x0 0x1cfc3daf3c8 0x7807 0x0 0x0 0x0 0x0 0x0 0x0 0x0 0x0 0x9 0x1 0x0 oops 3 6 java/util/Collections$EmptyList 8 java/util/ArrayList 16 java/util/HashMap methods 0
ciMethod javafx/collections/FXCollections$UnmodifiableObservableSet contains (Ljava/lang/Object;)Z 744 0 372 0 0
ciMethod com/sun/javafx/css/BitSet$1 <init> (Lcom/sun/javafx/css/BitSet;)V 1024 0 1565 0 0
ciMethod com/sun/javafx/css/BitSet$1 hasNext ()Z 1016 6144 1717 0 0
ciMethod com/sun/javafx/css/BitSet$1 next ()Ljava/lang/Object; 744 0 372 0 0
ciMethodData javafx/scene/CssStyleHelper getStyle (Ljavafx/css/Styleable;Ljava/lang/String;Lcom/sun/javafx/css/StyleMap;Ljava/util/Set;)Lcom/sun/javafx/css/CascadingStyle; 2 30716 orig 80 1 0 0 0 0 0 0 0 0 0 0 0 0 0 0 0 0 0 0 0 0 0 0 0 0 0 0 0 0 0 0 0 0 0 0 0 0 0 0 0 0 0 0 0 0 0 0 0 0 0 0 0 0 0 0 0 0 0 0 0 0 0 0 0 0 0 0 0 0 0 0 0 0 0 0 0 0 0 0 0 data 138 0x10007 0x0 0x70 0x77fa 0x50005 0x2c2 0x1cfd0be7c20 0x7538 0x0 0x0 0x80007 0x77fa 0x20 0x0 0xe0005 0x2c2 0x1cfd0be7c20 0x7538 0x0 0x0 0x150007 0x0 0x70 0x77fa 0x1a0005 0x0 0x1cfc3daf3c8 0x77fa 0x0 0x0 0x1f0007 0x77fa 0x20 0x0 0x270005 0x0 0x1cfc3daf3c8 0x77fa 0x0 0x0 0x2c0104 0x0 0x1cfc3daf470 0x1103 0x0 0x0 0x330007 0x66f7 0x70 0x1103 0x380005 0x0 0x1cfc3daf470 0x1103 0x0 0x0 0x3d0007 0x1103 0x20 0x0 0x470007 0x1103 0x38 0x0 0x4b0003 0x0 0x48 0x500005 0x0 0x1cfc3daf470 0x1103 0x0 0x0 0x5e0007 0x2df 0x1a0 0x19b3 0x650005 0x0 0x1cfc3daf470 0x19b3 0x0 0x0 0x6a0004 0x0 0x1cfd0be7db0 0x19b3 0x0 0x0 0x710007 0x19b3 0x38 0x0 0x750003 0x0 0x48 0x7a0005 0x0 0x1cfd0be7db0 0x19b3 0x0 0x0 0x810007 0x19b3 0x38 0x0 0x840003 0x0 0x80 0x8c0005 0x0 0x1cfc3daf518 0xd66 0x1cfc3daf5c0 0xc4d 0x8f0007 0xb8f 0x38 0xe25 0x960003 0xe25 0x30 0x9c0003 0xb8f 0xfffffffffffffe78 0x0 0x0 0x0 0x0 0x0 0x0 0x9 0x5 0x0 0x0 0x0 0x0 0x0 oops 12 6 com/sun/javafx/css/StyleMap 16 com/sun/javafx/css/StyleMap 26 java/util/HashMap 36 java/util/HashMap 42 java/util/ArrayList$SubList 52 java/util/ArrayList$SubList 69 java/util/ArrayList$SubList 79 java/util/ArrayList$SubList 85 com/sun/javafx/css/CascadingStyle 98 com/sun/javafx/css/CascadingStyle 111 javafx/css/SimpleSelector 113 javafx/css/CompoundSelector methods 0
ciMethodData java/util/HashMap$TreeNode getTreeNode (ILjava/lang/Object;)Ljava/util/HashMap$TreeNode; 1 0 orig 80 0 0 0 0 0 0 0 0 0 0 0 0 0 0 0 0 0 0 0 0 0 0 0 0 0 0 0 0 0 0 0 0 0 0 0 0 0 0 0 0 0 0 0 0 0 0 0 0 0 0 0 0 0 0 0 0 0 0 0 0 0 0 0 0 0 0 0 0 0 0 0 0 0 0 0 0 0 0 0 0 data 30 0x40007 0x0 0x68 0x0 0x80005 0x0 0x0 0x0 0x0 0x0 0xb0003 0x0 0x18 0x120005 0x0 0x0 0x0 0x0 0x0 0x0 0x0 0x0 0x0 0x0 0x0 0x9 0x3 0xffffffffffffffff 0x0 0xffffffffffffffff oops 0 methods 0
ciMethodData java/util/ArrayList$SubList checkForComodification ()V 2 15119 orig 80 0 0 0 0 0 0 0 0 0 0 0 0 0 0 0 0 0 0 0 0 0 0 0 0 0 0 0 0 0 0 0 0 0 0 0 0 0 0 0 0 0 0 0 0 0 0 0 0 0 0 0 0 0 0 0 0 0 0 0 0 0 0 0 0 0 0 0 0 0 0 0 0 0 0 0 0 0 0 0 0 data 13 0xb0007 0x3b0f 0x30 0x0 0x120002 0x0 0x0 0x0 0x0 0x0 0x9 0x1 0x0 oops 0 methods 0
ciMethodData java/util/ArrayList$SubList size ()I 2 8576 orig 80 0 0 0 0 0 0 0 0 0 0 0 0 0 0 0 0 0 0 0 0 0 0 0 0 0 0 0 0 0 0 0 0 0 0 0 0 0 0 0 0 0 0 0 0 0 0 0 0 0 0 0 0 0 0 0 0 0 0 0 0 0 0 0 0 0 0 0 0 0 0 0 0 0 0 0 0 0 0 0 0 data 15 0x10005 0x2180 0x0 0x0 0x0 0x0 0x0 0x0 0x0 0x0 0x0 0x0 0x9 0x1 0x0 oops 0 methods 0
ciMethodData java/util/ArrayList$SubList get (I)Ljava/lang/Object; 2 6134 orig 80 0 0 0 0 0 0 0 0 0 0 0 0 0 0 0 0 0 0 0 0 0 0 0 0 0 0 0 0 0 0 0 0 0 0 0 0 0 0 0 0 0 0 0 0 0 0 0 0 0 0 0 0 0 0 0 0 0 0 0 0 0 0 0 0 0 0 0 0 0 0 0 0 0 0 0 0 0 0 0 0 data 24 0x50002 0x17f7 0xa0005 0x17f7 0x0 0x0 0x0 0x0 0x170005 0x0 0x1cfbe59ff18 0x17f7 0x0 0x0 0x0 0x0 0x0 0x0 0x0 0x0 0x9 0x2 0x0 0x0 oops 1 10 java/util/ArrayList methods 0
ciMethodData java/util/AbstractCollection containsAll (Ljava/util/Collection;)Z 2 1067 orig 80 0 0 0 0 0 0 0 0 0 0 0 0 0 0 0 0 0 0 0 0 0 0 0 0 0 0 0 0 0 0 0 0 0 0 0 0 0 0 0 0 0 0 0 0 0 0 0 0 0 0 0 0 0 0 0 0 0 0 0 0 0 0 0 0 0 0 0 0 0 0 0 0 0 0 0 0 0 0 0 0 data 45 0x10005 0x0 0x1cfd0be8238 0x42c 0x0 0x0 0x80005 0x0 0x1cfca59e3f0 0x498 0x0 0x0 0xd0007 0x39c 0xb8 0xfc 0x110005 0x0 0x1cfca59e3f0 0xfc 0x0 0x0 0x190005 0x0 0x1cfca59b438 0xfc 0x0 0x0 0x1c0007 0x6c 0x20 0x90 0x210003 0x6c 0xffffffffffffff30 0x0 0x0 0x0 0x0 0x0 0x0 0x9 0x2 0xffffffffffffffff 0xffffffffffffffff oops 4 2 com/sun/javafx/css/PseudoClassState 8 com/sun/javafx/css/BitSet$1 18 com/sun/javafx/css/BitSet$1 24 javafx/collections/FXCollections$UnmodifiableObservableSet methods 0
ciMethodData java/util/Arrays$ArrayList size ()I 1 1 orig 80 0 0 0 0 0 0 0 0 0 0 0 0 0 0 0 0 0 0 0 0 0 0 0 0 0 0 0 0 0 0 0 0 0 0 0 0 0 0 0 0 0 0 0 0 0 0 0 0 0 0 0 0 0 0 0 0 0 0 0 0 0 0 0 0 0 0 0 0 0 0 0 0 0 0 0 0 0 0 0 0 data 7 0x0 0x0 0x0 0x0 0x9 0x1 0x0 oops 0 methods 0
ciMethodData com/sun/javafx/css/StyleMap getCascadingStyles ()Ljava/util/Map; 2 29948 orig 80 0 0 0 0 0 0 0 0 0 0 0 0 0 0 0 0 0 0 0 0 0 0 0 0 0 0 0 0 0 0 0 0 0 0 0 0 0 0 0 0 0 0 0 0 0 0 0 0 0 0 0 0 0 0 0 0 0 0 0 0 0 0 0 0 0 0 0 0 0 0 0 0 0 0 0 0 0 0 0 0 data 244 0x40007 0x74bf 0x728 0x3d 0xb0007 0x0 0x70 0x3d 0x120005 0x0 0x1cfbe59ff18 0x3d 0x0 0x0 0x170007 0x3d 0x30 0x0 0x1b0002 0x0 0x2a0002 0x3d 0x360005 0x0 0x1cfbe59ff18 0x3d 0x0 0x0 0x400007 0x3d 0x260 0x110 0x480005 0x0 0x1cfbe59ff18 0x110 0x0 0x0 0x4d0004 0x0 0x1cfc3daf518 0x95 0x1cfc3daf5c0 0x7b 0x540005 0x0 0x1cfc3daf518 0x95 0x1cfc3daf5c0 0x7b 0x5b0005 0x0 0x1cfc3daf518 0x95 0x1cfc3daf5c0 0x7b 0x650005 0x0 0x1cfbeea6020 0x110 0x0 0x0 0x680005 0x0 0x1cfbeea7980 0x110 0x0 0x0 0x730007 0x110 0x108 0x28f 0x780005 0x0 0x1cfbeea6020 0x28f 0x0 0x0 0x7d0005 0x0 0x1cfbeea7980 0x28f 0x0 0x0 0x820004 0x0 0x1cfbeea6bb8 0x28f 0x0 0x0 0x930002 0x28f 0x9b0005 0x0 0x1cfbe59ff18 0x28f 0x0 0x0 0xa40003 0x28f 0xffffffffffffff10 0xaa0003 0x110 0xfffffffffffffdb8 0xae0005 0x0 0x1cfbe59ff18 0x3d 0x0 0x0 0xb30007 0x3d 0x30 0x0 0xb70002 0x0 0xc60002 0x3d 0xca0005 0x0 0x1cfbe59ff18 0x3d 0x0 0x0 0xd60002 0x3d 0xde0005 0x0 0x1cfbe59ff18 0x3d 0x0 0x0 0xe30004 0x0 0x1cfd0be7db0 0x3d 0x0 0x0 0xea0005 0x0 0x1cfd0be7db0 0x3d 0x0 0x0 0xf50007 0x3d 0x278 0x185 0xfe0005 0x0 0x1cfc3daf3c8 0x185 0x0 0x0 0x1030104 0x0 0x0 0x0 0x0 0x0 0x10a0007 0x0 0x1b0 0x185 0x11b0007 0x3d 0x118 0x252 0x1210005 0x0 0x1cfbe59ff18 0x252 0x0 0x0 0x1260004 0x0 0x1cfd0be7db0 0x252 0x0 0x0 0x12d0005 0x0 0x1cfd0be7db0 0x252 0x0 0x0 0x1360005 0x0 0x1cfbe59cc28 0x252 0x0 0x0 0x1390007 0x10a 0xffffffffffffff20 0x148 0x13c0003 0x148 0x18 0x14a0005 0x0 0x1cfbe59ff18 0x185 0x0 0x0 0x14f0005 0x0 0x1cfc3daf3c8 0x185 0x0 0x0 0x1590003 0x185 0x48 0x15f0007 0x0 0x30 0x0 0x1660002 0x0 0x16a0003 0x185 0xfffffffffffffda0 0x1710005 0x0 0x1cfbe59ff18 0x3d 0x0 0x0 0x0 0x0 0x0 0x0 0x0 0x0 0x0 0x0 0x0 0x0 0x0 0x0 0x9 0x1 0x0 oops 28 10 java/util/ArrayList 24 java/util/ArrayList 34 java/util/ArrayList 40 javafx/css/SimpleSelector 42 javafx/css/CompoundSelector 46 javafx/css/SimpleSelector 48 javafx/css/CompoundSelector 52 javafx/css/SimpleSelector 54 javafx/css/CompoundSelector 58 javafx/css/Rule 64 javafx/css/Rule$Observables$2 74 javafx/css/Rule 80 javafx/css/Rule$Observables$2 86 javafx/css/Declaration 94 java/util/ArrayList 106 java/util/ArrayList 120 java/util/ArrayList 128 java/util/ArrayList 134 com/sun/javafx/css/CascadingStyle 140 com/sun/javafx/css/CascadingStyle 150 java/util/HashMap 170 java/util/ArrayList 176 com/sun/javafx/css/CascadingStyle 182 com/sun/javafx/css/CascadingStyle 188 java/lang/String 201 java/util/ArrayList 207 java/util/HashMap 225 java/util/ArrayList methods 0
ciMethodData com/sun/javafx/css/CascadingStyle getSelector ()Ljavafx/css/Selector; 2 6594 orig 80 0 0 0 0 0 0 0 0 0 0 0 0 0 0 0 0 0 0 0 0 0 0 0 0 0 0 0 0 0 0 0 0 0 0 0 0 0 0 0 0 0 0 0 0 0 0 0 0 0 0 0 0 0 0 0 0 0 0 0 0 0 0 0 0 0 0 0 0 0 0 0 0 0 0 0 0 0 0 0 0 data 15 0x40005 0x3d 0x1cfc34fb8a8 0x1985 0x0 0x0 0x0 0x0 0x0 0x0 0x0 0x0 0x9 0x1 0x0 oops 1 2 javafx/css/Style methods 0
ciMethodData javafx/scene/CssStyleHelper getStyleMap (Ljavafx/css/Styleable;)Lcom/sun/javafx/css/StyleMap; 2 12995 orig 80 0 0 0 0 0 0 0 0 0 0 0 0 0 0 0 0 0 0 0 0 0 0 0 0 0 0 0 0 0 0 0 0 0 0 0 0 0 0 0 0 0 0 0 0 0 0 0 0 0 0 0 0 0 0 0 0 0 0 0 0 0 0 0 0 0 0 0 0 0 0 0 0 0 0 0 0 0 0 0 0 data 24 0x40007 0x20 0x40 0x32a3 0x80007 0x32a3 0x20 0x0 0x120005 0x32a3 0x0 0x0 0x0 0x0 0x0 0x0 0x0 0x0 0x0 0x0 0x9 0x2 0x0 0xffffffffffffffff oops 0 methods 0
ciMethodData javafx/scene/CssStyleHelper$CacheContainer getStyleMap (Ljavafx/css/Styleable;)Lcom/sun/javafx/css/StyleMap; 2 14581 orig 80 0 0 0 0 0 0 0 0 0 0 0 0 0 0 0 0 0 0 0 0 0 0 0 0 0 0 0 0 0 0 0 0 0 0 0 0 0 0 0 0 0 0 0 0 0 0 0 0 0 0 0 0 0 0 0 0 0 0 0 0 0 0 0 0 0 0 0 0 0 0 0 0 0 0 0 0 0 0 0 0 data 47 0x10007 0x0 0x128 0x38f5 0x50004 0x3081 0x1cfc3701d20 0x7e 0x1cfc3701f18 0x7f6 0x80007 0x0 0x98 0x38f5 0xc0004 0x3081 0x1cfc3701d20 0x7e 0x1cfc3701f18 0x7f6 0xf0005 0x3081 0x1cfc3701d20 0x7e 0x1cfc3701f18 0x7f6 0x120003 0x38f5 0x18 0x170002 0x38f5 0x200005 0x0 0x1cfd109a470 0x38f5 0x0 0x0 0x0 0x0 0x0 0x0 0x0 0x0 0x9 0x2 0x0 0xffffffffffffffff oops 7 6 javafx/scene/layout/Region 8 javafx/scene/control/ComboBox 16 javafx/scene/layout/Region 18 javafx/scene/control/ComboBox 22 javafx/scene/layout/Region 24 javafx/scene/control/ComboBox 33 com/sun/javafx/css/StyleManager methods 0
ciMethodData com/sun/javafx/css/StyleManager getStyleMap (Ljavafx/css/Styleable;Ljavafx/scene/SubScene;I)Lcom/sun/javafx/css/StyleMap; 2 14581 orig 80 0 0 0 0 0 0 0 0 0 0 0 0 0 0 0 0 0 0 0 0 0 0 0 0 0 0 0 0 0 0 0 0 0 0 0 0 0 0 0 0 0 0 0 0 0 0 0 0 0 0 0 0 0 0 0 0 0 0 0 0 0 0 0 0 0 0 0 0 0 0 0 0 0 0 0 0 0 0 0 0 data 32 0x20007 0x38f5 0x20 0x0 0xc0005 0x0 0x1cfd109a470 0x38f5 0x0 0x0 0x130007 0x38f5 0x20 0x0 0x1d0005 0x0 0x1cfc37c09d0 0x38f5 0x0 0x0 0x0 0x0 0x0 0x0 0x0 0x0 0x9 0x4 0xffffffffffffffff 0xffffffffffffffff 0xffffffffffffffff 0x0 oops 2 6 com/sun/javafx/css/StyleManager 16 com/sun/javafx/css/StyleManager$CacheContainer methods 0
ciMethodData com/sun/javafx/css/PseudoClassState size ()I 2 10648 orig 80 0 0 0 0 0 0 0 0 0 0 0 0 0 0 0 0 0 0 0 0 0 0 0 0 0 0 0 0 0 0 0 0 0 0 0 0 0 0 0 0 0 0 0 0 0 0 0 0 0 0 0 0 0 0 0 0 0 0 0 0 0 0 0 0 0 0 0 0 0 0 0 0 0 0 0 0 0 0 0 0 data 7 0x10002 0x2998 0x0 0x0 0x9 0x1 0x0 oops 0 methods 0
ciMethodData javafx/scene/CssStyleHelper resolveRef (Ljavafx/css/Styleable;Ljava/lang/String;Lcom/sun/javafx/css/StyleMap;Ljava/util/Set;)Lcom/sun/javafx/css/CascadingStyle; 2 15268 orig 80 1 0 0 0 0 0 0 0 0 0 0 0 0 0 0 0 0 0 0 0 0 0 0 0 0 0 0 0 0 0 0 0 0 0 0 0 0 0 0 0 0 0 0 0 0 0 0 0 0 0 0 0 0 0 0 0 0 0 0 0 0 0 0 0 0 0 0 0 0 0 0 0 0 0 0 0 0 0 0 0 data 102 0x60005 0x3ba0 0x0 0x0 0x0 0x0 0xd0007 0x30bf 0x20 0xae1 0x150007 0xaca 0xa0 0x25f5 0x1a0005 0x0 0x1cfd0be8238 0x25f5 0x0 0x0 0x1f0007 0x1b2b 0x50 0xaca 0x290005 0xaca 0x0 0x0 0x0 0x0 0x2e0004 0x2111 0x1cfd0be82e0 0x8e 0x1cfd0be8388 0x456 0x3b0104 0xd7 0x1cfd0be8388 0x2a 0x1cfd0be8430 0x31 0x3e0002 0x25f5 0x450007 0x4b 0x40 0x25ab 0x4a0007 0x25ab 0x20 0x0 0x530005 0x25ab 0x0 0x0 0x0 0x0 0x5a0004 0x1d22 0x1cfd0be8388 0x3ce 0x1cfd0be8430 0x4bb 0x5d0007 0x0 0x68 0x25ab 0x620004 0xd7 0x1cfd0be8388 0x2a 0x1cfd0be8430 0x31 0x680003 0x25ab 0x48 0x6c0005 0x0 0x0 0x0 0x0 0x0 0x7c0005 0x25ab 0x0 0x0 0x0 0x0 0x0 0x0 0x0 0x0 0x0 0x0 0x9 0x5 0xffffffffffffffff 0xffffffffffffffff 0xffffffffffffffff 0xffffffffffffffff 0xffffffffffffffff oops 9 16 com/sun/javafx/css/PseudoClassState 32 javafx/scene/control/skin/ScrollBarSkin$3 34 com/sun/javafx/scene/control/VirtualScrollBar 38 com/sun/javafx/scene/control/VirtualScrollBar 40 javafx/scene/control/skin/ComboBoxListViewSkin$3 60 com/sun/javafx/scene/control/VirtualScrollBar 62 javafx/scene/control/skin/ComboBoxListViewSkin$3 70 com/sun/javafx/scene/control/VirtualScrollBar 72 javafx/scene/control/skin/ComboBoxListViewSkin$3 methods 0
ciMethodData javafx/css/SimpleSelector stateMatches (Ljavafx/css/Styleable;Ljava/util/Set;)Z 2 7699 orig 80 0 0 0 0 0 0 0 0 0 0 0 0 0 0 0 0 0 0 0 0 0 0 0 0 0 0 0 0 0 0 0 0 0 0 0 0 0 0 0 1 0 0 0 0 0 0 0 0 0 0 0 0 0 0 0 0 0 0 0 0 0 0 0 0 0 0 0 0 0 0 0 0 0 0 0 0 0 0 0 0 data 24 0x8000000600010007 0x5 0x68 0x1e10 0x90005 0x0 0x1cfd0be8238 0x1852 0x1cfca59b438 0x5be 0xe0003 0x1e10 0x18 0x0 0x0 0x0 0x0 0x0 0x0 0x9 0x3 0x0 0x0 0x0 oops 2 6 com/sun/javafx/css/PseudoClassState 8 javafx/collections/FXCollections$UnmodifiableObservableSet methods 0
ciMethodData com/sun/javafx/css/PseudoClassState containsAll (Ljava/util/Collection;)Z 2 6130 orig 80 0 0 0 0 0 0 0 0 0 0 0 0 0 0 0 0 0 0 0 0 0 0 0 0 0 0 0 0 0 0 0 0 0 0 0 0 0 0 0 0 0 0 0 0 0 0 0 0 0 0 0 0 0 0 0 0 0 0 0 0 0 0 0 0 0 0 0 0 0 0 0 0 0 0 0 0 0 0 0 0 data 8 0x20002 0x17f3 0x0 0x0 0x9 0x2 0x0 0x0 oops 0 methods 0
ciMethodData javafx/css/CompoundSelector stateMatches (Ljavafx/css/Styleable;Ljava/util/Set;I)Z 2 4203 orig 80 0 0 0 0 0 0 0 0 0 0 0 0 0 0 0 0 0 0 0 0 0 0 0 0 0 0 0 0 0 0 0 0 0 0 0 0 0 0 0 0 0 0 0 0 0 0 0 0 0 0 0 0 0 0 0 0 0 0 0 0 0 0 0 0 0 0 0 0 0 0 0 0 0 0 0 0 0 0 0 0 data 158 0x10007 0x106c 0x20 0x0 0xb0005 0x0 0x1cfc34fe7e0 0x106c 0x0 0x0 0x100004 0x0 0x1cfc3daf518 0x106c 0x0 0x0 0x150005 0x16a 0x1cfc3daf518 0xf02 0x0 0x0 0x180007 0x924 0x20 0x748 0x1e0007 0x551 0x20 0x3d3 0x2a0005 0x0 0x1cfc34fe7e0 0x551 0x0 0x0 0x2f0004 0x0 0x1cfc3701bd0 0x50c 0x1cfc3701c78 0x45 0x390007 0x45 0x198 0x50c 0x3d0005 0x286 0x1cfc3701d20 0xea 0x1cfd0be82e0 0x19c 0x460007 0x50c 0x20 0x0 0x520005 0x0 0x1cfc34fe7e0 0x50c 0x0 0x0 0x570004 0x0 0x1cfc3daf518 0x50c 0x0 0x0 0x5c0005 0x6e 0x1cfc3daf518 0x49e 0x0 0x0 0x5f0007 0x0 0x80 0x50c 0x640005 0x1b4 0x1cfd0be82e0 0x6d 0x1cfd0be8388 0x2eb 0x730005 0x50c 0x0 0x0 0x0 0x0 0x770003 0x0 0x1c0 0x7b0005 0x33 0x1cfc3701dc8 0xc 0x1cfc3701e70 0x6 0x840007 0x0 0x178 0x9a 0x8e0005 0x0 0x1cfc34fe7e0 0x9a 0x0 0x0 0x930004 0x0 0x1cfc3daf518 0x9a 0x0 0x0 0x980005 0x1 0x1cfc3daf518 0x99 0x0 0x0 0x9b0007 0x55 0x80 0x45 0xa00005 0x5 0x1cfc3701f18 0x5 0x1cfc3701fc0 0x3b 0xaf0005 0x45 0x0 0x0 0x0 0x0 0xb50005 0x22 0x1cfc3701e70 0x30 0x1cfc3702068 0x3 0xbc0003 0x55 0xfffffffffffffea0 0x0 0x0 0x0 0x0 0x0 0x0 0x9 0x4 0x0 0x0 0x0 0x0 oops 22 6 java/util/Collections$UnmodifiableRandomAccessList 12 javafx/css/SimpleSelector 18 javafx/css/SimpleSelector 32 java/util/Collections$UnmodifiableRandomAccessList 38 com/sun/javafx/css/Combinator$1 40 com/sun/javafx/css/Combinator$2 48 javafx/scene/layout/Region 50 javafx/scene/control/skin/ScrollBarSkin$3 58 java/util/Collections$UnmodifiableRandomAccessList 64 javafx/css/SimpleSelector 70 javafx/css/SimpleSelector 80 javafx/scene/control/skin/ScrollBarSkin$3 82 com/sun/javafx/scene/control/VirtualScrollBar 95 javafx/scene/layout/StackPane 97 javafx/scene/control/skin/TableHeaderRow 105 java/util/Collections$UnmodifiableRandomAccessList 111 javafx/css/SimpleSelector 117 javafx/css/SimpleSelector 127 javafx/scene/control/ComboBox 129 javafx/scene/control/TableView 139 javafx/scene/control/skin/TableHeaderRow 141 javafx/scene/control/skin/TableHeaderRow$1 methods 0
ciMethodData javafx/css/CompoundSelector stateMatches (Ljavafx/css/Styleable;Ljava/util/Set;)Z 2 2638 orig 80 0 0 0 0 0 0 0 0 0 0 0 0 0 0 0 0 0 0 0 0 0 0 0 0 0 0 0 0 0 0 0 0 0 0 0 0 0 0 0 0 0 0 0 0 0 0 0 0 0 0 0 0 0 0 0 0 0 0 0 0 0 0 0 0 0 0 0 0 0 0 0 0 0 0 0 0 0 0 0 0 data 23 0x70005 0x0 0x1cfc34fe7e0 0xa4f 0x0 0x0 0xe0005 0xa4f 0x0 0x0 0x0 0x0 0x0 0x0 0x0 0x0 0x0 0x0 0x9 0x3 0x0 0x0 0x0 oops 1 2 java/util/Collections$UnmodifiableRandomAccessList methods 0
ciMethodData com/sun/javafx/css/BitSet$1 hasNext ()Z 2 1209 orig 80 0 0 0 0 0 0 0 0 0 0 0 0 0 0 0 0 0 0 0 0 0 0 0 0 0 0 0 0 0 0 0 0 0 0 0 0 0 0 0 0 0 0 0 0 0 0 0 0 0 0 0 0 0 0 0 0 0 0 0 0 0 0 0 0 0 0 0 0 0 0 0 0 0 0 0 0 0 0 0 0 data 47 0x70007 0x0 0x40 0x4b9 0x120007 0x16e 0x20 0x34b 0x260007 0x20f0 0x58 0x6f 0x3c0007 0x6f 0x38 0x0 0x440003 0x0 0x18 0x600007 0x1ff0 0x38 0x100 0x640003 0x100 0x18 0x6a0007 0x1ff0 0xffffffffffffff70 0x100 0x6e0007 0x0 0x20 0x100 0x0 0x0 0x0 0x0 0x0 0x0 0x0 0x0 0x0 0x0 0x9 0x1 0x0 oops 0 methods 0
ciMethodData com/sun/javafx/css/PseudoClassState iterator ()Ljava/util/Iterator; 2 1053 orig 80 0 0 0 0 0 0 0 0 0 0 0 0 0 0 0 0 0 0 0 0 0 0 0 0 0 0 0 0 0 0 0 0 0 0 0 0 0 0 0 0 0 0 0 0 0 0 0 0 0 0 0 0 0 0 0 0 0 0 0 0 0 0 0 0 0 0 0 0 0 0 0 0 0 0 0 0 0 0 0 0 data 7 0x10002 0x41e 0x0 0x0 0x9 0x1 0x0 oops 0 methods 0
ciMethodData com/sun/javafx/css/BitSet iterator ()Ljava/util/Iterator; 2 1053 orig 80 0 0 0 0 0 0 0 0 0 0 0 0 0 0 0 0 0 0 0 0 0 0 0 0 0 0 0 0 0 0 0 0 0 0 0 0 0 0 0 0 0 0 0 0 0 0 0 0 0 0 0 0 0 0 0 0 0 0 0 0 0 0 0 0 0 0 0 0 0 0 0 0 0 0 0 0 0 0 0 0 data 8 0x50002 0x41e 0x0 0x0 0x0 0x9 0x1 0x0 oops 0 methods 0
ciMethodData com/sun/javafx/css/BitSet$1 <init> (Lcom/sun/javafx/css/BitSet;)V 2 1053 orig 80 0 0 0 0 0 0 0 0 0 0 0 0 0 0 0 0 0 0 0 0 0 0 0 0 0 0 0 0 0 0 0 0 0 0 0 0 0 0 0 0 0 0 0 0 0 0 0 0 0 0 0 0 0 0 0 0 0 0 0 0 0 0 0 0 0 0 0 0 0 0 0 0 0 0 0 0 0 0 0 0 data 10 0x60002 0x41e 0x0 0x0 0x0 0x0 0x9 0x2 0xe 0x0 oops 0 methods 0
compile javafx/scene/CssStyleHelper resolveRef (Ljavafx/css/Styleable;Ljava/lang/String;Lcom/sun/javafx/css/StyleMap;Ljava/util/Set;)Lcom/sun/javafx/css/CascadingStyle; -1 4 inline 228 0 -1 0 javafx/scene/CssStyleHelper resolveRef (Ljavafx/css/Styleable;Ljava/lang/String;Lcom/sun/javafx/css/StyleMap;Ljava/util/Set;)Lcom/sun/javafx/css/CascadingStyle; 1 6 0 javafx/scene/CssStyleHelper getStyle (Ljavafx/css/Styleable;Ljava/lang/String;Lcom/sun/javafx/css/StyleMap;Ljava/util/Set;)Lcom/sun/javafx/css/CascadingStyle; 2 5 0 com/sun/javafx/css/StyleMap isEmpty ()Z 3 11 0 java/util/ArrayList isEmpty ()Z 3 11 0 java/util/Collections$EmptyList isEmpty ()Z 3 28 0 java/util/HashMap isEmpty ()Z 2 26 0 java/util/HashMap isEmpty ()Z 2 39 0 java/util/HashMap get (Ljava/lang/Object;)Ljava/lang/Object; 3 2 0 java/util/HashMap getNode (Ljava/lang/Object;)Ljava/util/HashMap$Node; 4 23 0 java/util/HashMap hash (Ljava/lang/Object;)I 5 9 0 java/lang/String hashCode ()I 6 17 0 java/lang/String isLatin1 ()Z 6 27 0 java/lang/StringLatin1 hashCode ([B)I 7 5 0 jdk/internal/util/ArraysSupport hashCodeOfUnsigned ([BIII)I 8 39 0 java/lang/Byte toUnsignedInt (B)I 2 56 0 java/util/AbstractCollection isEmpty ()Z 3 1 0 java/util/ArrayList$SubList size ()I 4 1 0 java/util/ArrayList$SubList checkForComodification ()V 2 80 0 java/util/ArrayList$SubList size ()I 3 1 0 java/util/ArrayList$SubList checkForComodification ()V 2 101 0 java/util/ArrayList$SubList get (I)Ljava/lang/Object; 3 5 0 java/util/Objects checkIndex (II)I 3 10 0 java/util/ArrayList$SubList checkForComodification ()V 3 23 0 java/util/ArrayList elementData (I)Ljava/lang/Object; 2 122 0 com/sun/javafx/css/CascadingStyle getSelector ()Ljavafx/css/Selector; 3 4 0 javafx/css/Style getSelector ()Ljavafx/css/Selector; 2 140 0 javafx/css/SimpleSelector stateMatches (Ljavafx/css/Styleable;Ljava/util/Set;)Z 3 9 0 com/sun/javafx/css/PseudoClassState containsAll (Ljava/util/Collection;)Z 4 2 0 com/sun/javafx/css/BitSet containsAll (Ljava/util/Collection;)Z 3 9 0 java/util/AbstractCollection containsAll (Ljava/util/Collection;)Z 4 1 0 com/sun/javafx/css/PseudoClassState iterator ()Ljava/util/Iterator; 5 1 0 com/sun/javafx/css/BitSet iterator ()Ljava/util/Iterator; 6 5 0 com/sun/javafx/css/BitSet$1 <init> (Lcom/sun/javafx/css/BitSet;)V 7 6 0 java/lang/Object <init> ()V 4 8 0 com/sun/javafx/css/BitSet$1 hasNext ()Z 4 17 0 com/sun/javafx/css/BitSet$1 next ()Ljava/lang/Object; 4 25 0 javafx/collections/FXCollections$UnmodifiableObservableSet contains (Ljava/lang/Object;)Z 2 140 0 javafx/css/CompoundSelector stateMatches (Ljavafx/css/Styleable;Ljava/util/Set;)Z 3 7 0 java/util/Collections$UnmodifiableCollection size ()I 4 4 0 java/util/ArrayList size ()I 4 4 0 java/util/Arrays$ArrayList size ()I 3 14 0 javafx/css/CompoundSelector stateMatches (Ljavafx/css/Styleable;Ljava/util/Set;I)Z 4 11 0 java/util/Collections$UnmodifiableList get (I)Ljava/lang/Object; 5 5 0 java/util/ArrayList get (I)Ljava/lang/Object; 6 5 0 java/util/Objects checkIndex (II)I 6 11 0 java/util/ArrayList elementData (I)Ljava/lang/Object; 5 5 0 java/util/Arrays$ArrayList get (I)Ljava/lang/Object; 4 21 0 javafx/css/SimpleSelector stateMatches (Ljavafx/css/Styleable;Ljava/util/Set;)Z 5 9 0 com/sun/javafx/css/PseudoClassState containsAll (Ljava/util/Collection;)Z 6 2 0 com/sun/javafx/css/BitSet containsAll (Ljava/util/Collection;)Z 5 9 0 java/util/AbstractCollection containsAll (Ljava/util/Collection;)Z 6 1 0 com/sun/javafx/css/PseudoClassState iterator ()Ljava/util/Iterator; 7 1 0 com/sun/javafx/css/BitSet iterator ()Ljava/util/Iterator; 8 5 0 com/sun/javafx/css/BitSet$1 <init> (Lcom/sun/javafx/css/BitSet;)V 9 6 0 java/lang/Object <init> ()V 6 8 0 com/sun/javafx/css/BitSet$1 hasNext ()Z 6 17 0 com/sun/javafx/css/BitSet$1 next ()Ljava/lang/Object; 6 25 0 javafx/collections/FXCollections$UnmodifiableObservableSet contains (Ljava/lang/Object;)Z 4 42 0 java/util/Collections$UnmodifiableList get (I)Ljava/lang/Object; 5 5 0 java/util/ArrayList get (I)Ljava/lang/Object; 6 5 0 java/util/Objects checkIndex (II)I 6 11 0 java/util/ArrayList elementData (I)Ljava/lang/Object; 5 5 0 java/util/Arrays$ArrayList get (I)Ljava/lang/Object; 4 82 0 java/util/Collections$UnmodifiableList get (I)Ljava/lang/Object; 5 5 0 java/util/ArrayList get (I)Ljava/lang/Object; 6 5 0 java/util/Objects checkIndex (II)I 6 11 0 java/util/ArrayList elementData (I)Ljava/lang/Object; 5 5 0 java/util/Arrays$ArrayList get (I)Ljava/lang/Object; 4 92 0 javafx/css/SimpleSelector applies (Ljavafx/css/Styleable;)Z 5 127 0 com/sun/javafx/css/StyleClassSet <init> ()V 6 1 0 com/sun/javafx/css/BitSet <init> ()V 7 1 0 java/lang/Object <init> ()V 5 142 0 com/sun/javafx/collections/ObservableListWrapper size ()I 6 4 0 java/util/ArrayList size ()I 5 159 0 com/sun/javafx/collections/ObservableListWrapper get (I)Ljava/lang/Object; 6 5 0 java/util/ArrayList get (I)Ljava/lang/Object; 7 5 0 java/util/Objects checkIndex (II)I 7 11 0 java/util/ArrayList elementData (I)Ljava/lang/Object; 5 176 0 java/lang/String isEmpty ()Z 5 195 0 com/sun/javafx/css/StyleClassSet add (Ljava/lang/Object;)Z 6 2 0 com/sun/javafx/css/BitSet add (Ljava/lang/Object;)Z 7 8 0 com/sun/javafx/css/StyleClassSet getIndex (Ljava/lang/Object;)I 8 5 0 com/sun/javafx/css/StyleClassSet getIndex (Ljavafx/css/StyleClass;)I 9 1 0 javafx/css/StyleClass getIndex ()I 7 18 0 com/sun/javafx/css/StyleClassSet getIndex (Ljava/lang/Object;)I 8 5 0 com/sun/javafx/css/StyleClassSet getIndex (Ljavafx/css/StyleClass;)I 9 1 0 javafx/css/StyleClass getIndex ()I 7 110 0 com/sun/javafx/collections/SetListenerHelper hasListeners (Lcom/sun/javafx/collections/SetListenerHelper;)Z 5 207 0 javafx/css/SimpleSelector matchStyleClasses (Lcom/sun/javafx/css/StyleClassSet;)Z 6 5 0 com/sun/javafx/css/StyleClassSet containsAll (Ljava/util/Collection;)Z 7 2 0 com/sun/javafx/css/BitSet containsAll (Ljava/util/Collection;)Z 4 115 0 javafx/css/CompoundSelector stateMatches (Ljavafx/css/Styleable;Ljava/util/Set;I)Z 5 11 0 java/util/Collections$UnmodifiableList get (I)Ljava/lang/Object; 6 5 0 java/util/ArrayList get (I)Ljava/lang/Object; 7 5 0 java/util/Objects checkIndex (II)I 7 11 0 java/util/ArrayList elementData (I)Ljava/lang/Object; 6 5 0 java/util/Arrays$ArrayList get (I)Ljava/lang/Object; 5 21 0 javafx/css/SimpleSelector stateMatches (Ljavafx/css/Styleable;Ljava/util/Set;)Z 6 9 0 com/sun/javafx/css/PseudoClassState containsAll (Ljava/util/Collection;)Z 7 2 0 com/sun/javafx/css/BitSet containsAll (Ljava/util/Collection;)Z 6 9 0 java/util/AbstractCollection containsAll (Ljava/util/Collection;)Z 7 1 0 com/sun/javafx/css/PseudoClassState iterator ()Ljava/util/Iterator; 8 1 0 com/sun/javafx/css/BitSet iterator ()Ljava/util/Iterator; 9 5 0 com/sun/javafx/css/BitSet$1 <init> (Lcom/sun/javafx/css/BitSet;)V 10 6 0 java/lang/Object <init> ()V 7 8 0 com/sun/javafx/css/BitSet$1 hasNext ()Z 7 17 0 com/sun/javafx/css/BitSet$1 next ()Ljava/lang/Object; 7 25 0 javafx/collections/FXCollections$UnmodifiableObservableSet contains (Ljava/lang/Object;)Z 5 42 0 java/util/Collections$UnmodifiableList get (I)Ljava/lang/Object; 6 5 0 java/util/ArrayList get (I)Ljava/lang/Object; 7 5 0 java/util/Objects checkIndex (II)I 7 11 0 java/util/ArrayList elementData (I)Ljava/lang/Object; 6 5 0 java/util/Arrays$ArrayList get (I)Ljava/lang/Object; 5 82 0 java/util/Collections$UnmodifiableList get (I)Ljava/lang/Object; 6 5 0 java/util/ArrayList get (I)Ljava/lang/Object; 7 5 0 java/util/Objects checkIndex (II)I 7 11 0 java/util/ArrayList elementData (I)Ljava/lang/Object; 6 5 0 java/util/Arrays$ArrayList get (I)Ljava/lang/Object; 5 92 0 javafx/css/SimpleSelector applies (Ljavafx/css/Styleable;)Z 6 127 0 com/sun/javafx/css/StyleClassSet <init> ()V 7 1 0 com/sun/javafx/css/BitSet <init> ()V 8 1 0 java/lang/Object <init> ()V 6 142 0 com/sun/javafx/collections/ObservableListWrapper size ()I 7 4 0 java/util/ArrayList size ()I 6 159 0 com/sun/javafx/collections/ObservableListWrapper get (I)Ljava/lang/Object; 7 5 0 java/util/ArrayList get (I)Ljava/lang/Object; 8 5 0 java/util/Objects checkIndex (II)I 8 11 0 java/util/ArrayList elementData (I)Ljava/lang/Object; 6 176 0 java/lang/String isEmpty ()Z 6 195 0 com/sun/javafx/css/StyleClassSet add (Ljava/lang/Object;)Z 7 2 0 com/sun/javafx/css/BitSet add (Ljava/lang/Object;)Z 8 8 0 com/sun/javafx/css/StyleClassSet getIndex (Ljava/lang/Object;)I 9 5 0 com/sun/javafx/css/StyleClassSet getIndex (Ljavafx/css/StyleClass;)I 10 1 0 javafx/css/StyleClass getIndex ()I 8 18 0 com/sun/javafx/css/StyleClassSet getIndex (Ljava/lang/Object;)I 9 5 0 com/sun/javafx/css/StyleClassSet getIndex (Ljavafx/css/StyleClass;)I 10 1 0 javafx/css/StyleClass getIndex ()I 8 110 0 com/sun/javafx/collections/SetListenerHelper hasListeners (Lcom/sun/javafx/collections/SetListenerHelper;)Z 6 207 0 javafx/css/SimpleSelector matchStyleClasses (Lcom/sun/javafx/css/StyleClassSet;)Z 7 5 0 com/sun/javafx/css/StyleClassSet containsAll (Ljava/util/Collection;)Z 8 2 0 com/sun/javafx/css/BitSet containsAll (Ljava/util/Collection;)Z 5 142 0 java/util/Collections$UnmodifiableList get (I)Ljava/lang/Object; 6 5 0 java/util/ArrayList get (I)Ljava/lang/Object; 7 5 0 java/util/Objects checkIndex (II)I 7 11 0 java/util/ArrayList elementData (I)Ljava/lang/Object; 6 5 0 java/util/Arrays$ArrayList get (I)Ljava/lang/Object; 4 142 0 java/util/Collections$UnmodifiableList get (I)Ljava/lang/Object; 5 5 0 java/util/ArrayList get (I)Ljava/lang/Object; 6 5 0 java/util/Objects checkIndex (II)I 6 11 0 java/util/ArrayList elementData (I)Ljava/lang/Object; 5 5 0 java/util/Arrays$ArrayList get (I)Ljava/lang/Object; 1 26 0 com/sun/javafx/css/PseudoClassState size ()I 2 1 0 com/sun/javafx/css/BitSet size ()I 1 62 0 javafx/scene/CssStyleHelper getStyleHelper (Ljavafx/scene/Node;)Ljavafx/scene/CssStyleHelper; 1 83 0 javafx/scene/CssStyleHelper getStyleMap (Ljavafx/css/Styleable;)Lcom/sun/javafx/css/StyleMap; 2 18 0 javafx/scene/CssStyleHelper$CacheContainer getStyleMap (Ljavafx/css/Styleable;)Lcom/sun/javafx/css/StyleMap; 3 15 0 javafx/scene/Node getSubScene ()Ljavafx/scene/SubScene; 3 23 0 com/sun/javafx/css/StyleManager getInstance ()Lcom/sun/javafx/css/StyleManager; 3 32 0 com/sun/javafx/css/StyleManager getStyleMap (Ljavafx/css/Styleable;Ljavafx/scene/SubScene;I)Lcom/sun/javafx/css/StyleMap; 4 29 0 com/sun/javafx/css/StyleManager$CacheContainer getStyleMap (I)Lcom/sun/javafx/css/StyleMap; 5 14 0 com/sun/javafx/css/StyleManager$CacheContainer getStyleMapList ()Ljava/util/List; 6 12 0 java/util/ArrayList <init> ()V 7 1 0 java/util/AbstractList <init> ()V 8 1 0 java/util/AbstractCollection <init> ()V 9 1 0 java/lang/Object <init> ()V 5 17 0 java/util/ArrayList size ()I 5 26 0 com/sun/javafx/css/StyleManager$CacheContainer getStyleMapList ()Ljava/util/List; 6 12 0 java/util/ArrayList <init> ()V 7 1 0 java/util/AbstractList <init> ()V 8 1 0 java/util/AbstractCollection <init> ()V 9 1 0 java/lang/Object <init> ()V 5 30 0 java/util/ArrayList get (I)Ljava/lang/Object; 6 5 0 java/util/Objects checkIndex (II)I 6 11 0 java/util/ArrayList elementData (I)Ljava/lang/Object; 1 124 0 javafx/scene/CssStyleHelper resolveRef (Ljavafx/css/Styleable;Ljava/lang/String;Lcom/sun/javafx/css/StyleMap;Ljava/util/Set;)Lcom/sun/javafx/css/CascadingStyle; 2 6 0 javafx/scene/CssStyleHelper getStyle (Ljavafx/css/Styleable;Ljava/lang/String;Lcom/sun/javafx/css/StyleMap;Ljava/util/Set;)Lcom/sun/javafx/css/CascadingStyle; 3 5 0 com/sun/javafx/css/StyleMap isEmpty ()Z 4 11 0 java/util/ArrayList isEmpty ()Z 4 11 0 java/util/Collections$EmptyList isEmpty ()Z 4 28 0 java/util/HashMap isEmpty ()Z 3 26 0 java/util/HashMap isEmpty ()Z 3 39 0 java/util/HashMap get (Ljava/lang/Object;)Ljava/lang/Object; 4 2 0 java/util/HashMap getNode (Ljava/lang/Object;)Ljava/util/HashMap$Node; 5 23 0 java/util/HashMap hash (Ljava/lang/Object;)I 6 9 0 java/lang/String hashCode ()I 7 17 0 java/lang/String isLatin1 ()Z 7 27 0 java/lang/StringLatin1 hashCode ([B)I 8 5 0 jdk/internal/util/ArraysSupport hashCodeOfUnsigned ([BIII)I 9 39 0 java/lang/Byte toUnsignedInt (B)I 3 56 0 java/util/AbstractCollection isEmpty ()Z 4 1 0 java/util/ArrayList$SubList size ()I 5 1 0 java/util/ArrayList$SubList checkForComodification ()V 3 80 0 java/util/ArrayList$SubList size ()I 4 1 0 java/util/ArrayList$SubList checkForComodification ()V 3 101 0 java/util/ArrayList$SubList get (I)Ljava/lang/Object; 4 5 0 java/util/Objects checkIndex (II)I 4 10 0 java/util/ArrayList$SubList checkForComodification ()V 4 23 0 java/util/ArrayList elementData (I)Ljava/lang/Object; 3 122 0 com/sun/javafx/css/CascadingStyle getSelector ()Ljavafx/css/Selector; 4 4 0 javafx/css/Style getSelector ()Ljavafx/css/Selector; 3 140 0 javafx/css/SimpleSelector stateMatches (Ljavafx/css/Styleable;Ljava/util/Set;)Z 4 9 0 com/sun/javafx/css/PseudoClassState containsAll (Ljava/util/Collection;)Z 3 140 0 javafx/css/CompoundSelector stateMatches (Ljavafx/css/Styleable;Ljava/util/Set;)Z 4 7 0 java/util/Collections$UnmodifiableCollection size ()I 5 4 0 java/util/ArrayList size ()I 5 4 0 java/util/Arrays$ArrayList size ()I 4 14 0 javafx/css/CompoundSelector stateMatches (Ljavafx/css/Styleable;Ljava/util/Set;I)Z 5 11 0 java/util/Collections$UnmodifiableList get (I)Ljava/lang/Object; 6 5 0 java/util/ArrayList get (I)Ljava/lang/Object; 7 5 0 java/util/Objects checkIndex (II)I 7 11 0 java/util/ArrayList elementData (I)Ljava/lang/Object; 6 5 0 java/util/Arrays$ArrayList get (I)Ljava/lang/Object; 5 21 0 javafx/css/SimpleSelector stateMatches (Ljavafx/css/Styleable;Ljava/util/Set;)Z 6 9 0 com/sun/javafx/css/PseudoClassState containsAll (Ljava/util/Collection;)Z 7 2 0 com/sun/javafx/css/BitSet containsAll (Ljava/util/Collection;)Z 6 9 0 java/util/AbstractCollection containsAll (Ljava/util/Collection;)Z 7 1 0 com/sun/javafx/css/PseudoClassState iterator ()Ljava/util/Iterator; 8 1 0 com/sun/javafx/css/BitSet iterator ()Ljava/util/Iterator; 9 5 0 com/sun/javafx/css/BitSet$1 <init> (Lcom/sun/javafx/css/BitSet;)V 10 6 0 java/lang/Object <init> ()V 7 8 0 com/sun/javafx/css/BitSet$1 hasNext ()Z 7 17 0 com/sun/javafx/css/BitSet$1 next ()Ljava/lang/Object; 7 25 0 javafx/collections/FXCollections$UnmodifiableObservableSet contains (Ljava/lang/Object;)Z 5 42 0 java/util/Collections$UnmodifiableList get (I)Ljava/lang/Object; 6 5 0 java/util/ArrayList get (I)Ljava/lang/Object; 7 5 1 java/util/Objects checkIndex (II)I 6 5 0 java/util/Arrays$ArrayList get (I)Ljava/lang/Object; 2 26 0 com/sun/javafx/css/PseudoClassState size ()I
